nohup: ignoring input
shared_utils.py yüklendi. [Q1 | Sensitivity-First | TTA | ClinicalFocalLoss]
Skipping import of cpp extensions due to incompatible torch version. Please upgrade to torch >= 2.11.0 (found 2.10.0+cu128).
================================================================================
SwinUNETR Linear Probe — 37 external test hasta
Backbone: DONDURULMUŞ | Head: ~50K param | LR: 0.001
================================================================================

======================================================================
FOLD 1/5
======================================================================
  [Fold 1] class_counts=[85 79] | backbone dondurulmuş (~50K param)
  Pretrained: 126 katman yüklendi, 33 atlandı.
  Eğitilebilir: 74,402 / 62,261,698 param (0.1%)
    [Prob] min=0.468 max=0.496 | TP=16 FP=19 FN=4 TN=2
[lp | fold 1 | epoch 001] train=0.4665 val=0.4640 auc=0.3905 thr=0.476
  [Metrics] AUC:0.390 F1:0.582 SENS:0.800 SPEC:0.095 | COMPOSITE:0.5374
    ☆ SAVED FALLBACK (SENS=0.800 SPEC=0.095 | comp=0.5374)
    [Prob] min=0.549 max=0.642 | TP=17 FP=18 FN=3 TN=3
[lp | fold 1 | epoch 002] train=0.4382 val=0.4379 auc=0.5643 thr=0.566
  [Metrics] AUC:0.564 F1:0.618 SENS:0.850 SPEC:0.143 | COMPOSITE:0.6145
    ☆ SAVED FALLBACK (SENS=0.850 SPEC=0.143 | comp=0.6145)
    [Prob] min=0.393 max=0.670 | TP=17 FP=16 FN=3 TN=5
[lp | fold 1 | epoch 003] train=0.4319 val=0.4489 auc=0.5881 thr=0.447
  [Metrics] AUC:0.588 F1:0.642 SENS:0.850 SPEC:0.238 | COMPOSITE:0.6406
    ☆ SAVED FALLBACK (SENS=0.850 SPEC=0.238 | comp=0.6406)
    [Prob] min=0.318 max=0.608 | TP=16 FP=14 FN=4 TN=7
[lp | fold 1 | epoch 004] train=0.4181 val=0.4857 auc=0.6167 thr=0.387
  [Metrics] AUC:0.617 F1:0.640 SENS:0.800 SPEC:0.333 | COMPOSITE:0.6442
    ☆ SAVED FALLBACK (SENS=0.800 SPEC=0.333 | comp=0.6442)
    [Prob] min=0.391 max=0.698 | TP=17 FP=16 FN=3 TN=5
[lp | fold 1 | epoch 005] train=0.4260 val=0.4423 auc=0.5952 thr=0.458
  [Metrics] AUC:0.595 F1:0.642 SENS:0.850 SPEC:0.238 | COMPOSITE:0.6424
    [Prob] min=0.377 max=0.637 | TP=16 FP=13 FN=4 TN=8
[lp | fold 1 | epoch 006] train=0.4128 val=0.4440 auc=0.6190 thr=0.454
  [Metrics] AUC:0.619 F1:0.653 SENS:0.800 SPEC:0.381 | COMPOSITE:0.6552
    ☆ SAVED FALLBACK (SENS=0.800 SPEC=0.381 | comp=0.6552)
    [Prob] min=0.305 max=0.664 | TP=18 FP=17 FN=2 TN=4
[lp | fold 1 | epoch 007] train=0.4189 val=0.4771 auc=0.6000 thr=0.372
  [Metrics] AUC:0.600 F1:0.655 SENS:0.900 SPEC:0.190 | COMPOSITE:0.6572
    ☆ SAVED FALLBACK (SENS=0.900 SPEC=0.190 | comp=0.6572)
    [Prob] min=0.296 max=0.618 | TP=16 FP=14 FN=4 TN=7
[lp | fold 1 | epoch 008] train=0.4342 val=0.4867 auc=0.6143 thr=0.368
  [Metrics] AUC:0.614 F1:0.640 SENS:0.800 SPEC:0.333 | COMPOSITE:0.6436
    [Prob] min=0.440 max=0.685 | TP=18 FP=17 FN=2 TN=4
[lp | fold 1 | epoch 009] train=0.4211 val=0.4361 auc=0.5976 thr=0.499
  [Metrics] AUC:0.598 F1:0.655 SENS:0.900 SPEC:0.190 | COMPOSITE:0.6566
    [Prob] min=0.278 max=0.678 | TP=16 FP=14 FN=4 TN=7
[lp | fold 1 | epoch 010] train=0.3931 val=0.4950 auc=0.6214 thr=0.351
  [Metrics] AUC:0.621 F1:0.640 SENS:0.800 SPEC:0.333 | COMPOSITE:0.6454
    [Prob] min=0.285 max=0.694 | TP=16 FP=15 FN=4 TN=6
[lp | fold 1 | epoch 011] train=0.4042 val=0.4770 auc=0.6071 thr=0.381
  [Metrics] AUC:0.607 F1:0.627 SENS:0.800 SPEC:0.286 | COMPOSITE:0.6315
    [Prob] min=0.300 max=0.701 | TP=16 FP=10 FN=4 TN=11
[lp | fold 1 | epoch 012] train=0.3854 val=0.4404 auc=0.6452 thr=0.464
  [Metrics] AUC:0.645 F1:0.696 SENS:0.800 SPEC:0.524 | COMPOSITE:0.6938
    ★ SAVED DUAL-PASS (SENS=0.800≥0.8 SPEC=0.524≥0.5 | F1=0.696 | comp=0.6938)
    [Prob] min=0.250 max=0.724 | TP=16 FP=10 FN=4 TN=11
[lp | fold 1 | epoch 013] train=0.3968 val=0.4502 auc=0.6524 thr=0.464
  [Metrics] AUC:0.652 F1:0.696 SENS:0.800 SPEC:0.524 | COMPOSITE:0.6956
    ★ SAVED DUAL-PASS (SENS=0.800≥0.8 SPEC=0.524≥0.5 | F1=0.696 | comp=0.6956)
    [Prob] min=0.247 max=0.697 | TP=16 FP=9 FN=4 TN=12
[lp | fold 1 | epoch 014] train=0.3938 val=0.4644 auc=0.6619 thr=0.409
  [Metrics] AUC:0.662 F1:0.711 SENS:0.800 SPEC:0.571 | COMPOSITE:0.7090
    ★ SAVED DUAL-PASS (SENS=0.800≥0.8 SPEC=0.571≥0.5 | F1=0.711 | comp=0.7090)
    [Prob] min=0.568 max=0.826 | TP=17 FP=10 FN=3 TN=11
[lp | fold 1 | epoch 015] train=0.3847 val=0.5214 auc=0.6952 thr=0.716
  [Metrics] AUC:0.695 F1:0.723 SENS:0.850 SPEC:0.524 | COMPOSITE:0.7307
    ★ SAVED DUAL-PASS (SENS=0.850≥0.8 SPEC=0.524≥0.5 | F1=0.723 | comp=0.7307)
    [Prob] min=0.442 max=0.552 | TP=16 FP=9 FN=4 TN=12
[lp | fold 1 | epoch 016] train=0.5473 val=0.4445 auc=0.6548 thr=0.484
  [Metrics] AUC:0.655 F1:0.711 SENS:0.800 SPEC:0.571 | COMPOSITE:0.7072
    [Prob] min=0.408 max=0.625 | TP=16 FP=15 FN=4 TN=6
[lp | fold 1 | epoch 017] train=0.4262 val=0.4511 auc=0.5833 thr=0.486
  [Metrics] AUC:0.583 F1:0.627 SENS:0.800 SPEC:0.286 | COMPOSITE:0.6256
    [Prob] min=0.441 max=0.681 | TP=16 FP=13 FN=4 TN=8
[lp | fold 1 | epoch 018] train=0.4254 val=0.4416 auc=0.6000 thr=0.518
  [Metrics] AUC:0.600 F1:0.653 SENS:0.800 SPEC:0.381 | COMPOSITE:0.6504
    [Prob] min=0.404 max=0.696 | TP=18 FP=9 FN=2 TN=12
[lp | fold 1 | epoch 019] train=0.4131 val=0.4137 auc=0.6881 thr=0.525
  [Metrics] AUC:0.688 F1:0.766 SENS:0.900 SPEC:0.571 | COMPOSITE:0.7642
    ★ SAVED DUAL-PASS (SENS=0.900≥0.8 SPEC=0.571≥0.5 | F1=0.766 | comp=0.7642)
    [Prob] min=0.367 max=0.722 | TP=16 FP=8 FN=4 TN=13
[lp | fold 1 | epoch 020] train=0.4243 val=0.4193 auc=0.6690 thr=0.528
  [Metrics] AUC:0.669 F1:0.727 SENS:0.800 SPEC:0.619 | COMPOSITE:0.7219
    [Prob] min=0.324 max=0.695 | TP=17 FP=13 FN=3 TN=8
[lp | fold 1 | epoch 021] train=0.4037 val=0.4466 auc=0.6405 thr=0.425
  [Metrics] AUC:0.640 F1:0.680 SENS:0.850 SPEC:0.381 | COMPOSITE:0.6848
    [Prob] min=0.371 max=0.738 | TP=16 FP=13 FN=4 TN=8
[lp | fold 1 | epoch 022] train=0.3851 val=0.4405 auc=0.6310 thr=0.485
  [Metrics] AUC:0.631 F1:0.653 SENS:0.800 SPEC:0.381 | COMPOSITE:0.6581
    [Prob] min=0.278 max=0.732 | TP=16 FP=10 FN=4 TN=11
[lp | fold 1 | epoch 023] train=0.3899 val=0.4605 auc=0.6500 thr=0.418
  [Metrics] AUC:0.650 F1:0.696 SENS:0.800 SPEC:0.524 | COMPOSITE:0.6950
    [Prob] min=0.362 max=0.720 | TP=17 FP=10 FN=3 TN=11
[lp | fold 1 | epoch 024] train=0.3927 val=0.4278 auc=0.6762 thr=0.520
  [Metrics] AUC:0.676 F1:0.723 SENS:0.850 SPEC:0.524 | COMPOSITE:0.7260
    [Prob] min=0.300 max=0.614 | TP=16 FP=10 FN=4 TN=11
[lp | fold 1 | epoch 025] train=0.3991 val=0.4627 auc=0.6476 thr=0.419
  [Metrics] AUC:0.648 F1:0.696 SENS:0.800 SPEC:0.524 | COMPOSITE:0.6944
    [Prob] min=0.377 max=0.656 | TP=17 FP=10 FN=3 TN=11
[lp | fold 1 | epoch 026] train=0.4112 val=0.4265 auc=0.6714 thr=0.500
  [Metrics] AUC:0.671 F1:0.723 SENS:0.850 SPEC:0.524 | COMPOSITE:0.7248
    [Prob] min=0.280 max=0.670 | TP=16 FP=10 FN=4 TN=11
[lp | fold 1 | epoch 027] train=0.4007 val=0.4699 auc=0.6429 thr=0.416
  [Metrics] AUC:0.643 F1:0.696 SENS:0.800 SPEC:0.524 | COMPOSITE:0.6932
    [Prob] min=0.364 max=0.704 | TP=16 FP=10 FN=4 TN=11
[lp | fold 1 | epoch 028] train=0.3692 val=0.4378 auc=0.6643 thr=0.516
  [Metrics] AUC:0.664 F1:0.696 SENS:0.800 SPEC:0.524 | COMPOSITE:0.6986
    [Prob] min=0.280 max=0.696 | TP=16 FP=10 FN=4 TN=11
[lp | fold 1 | epoch 029] train=0.3871 val=0.4612 auc=0.6571 thr=0.445
  [Metrics] AUC:0.657 F1:0.696 SENS:0.800 SPEC:0.524 | COMPOSITE:0.6968
    [Prob] min=0.281 max=0.701 | TP=16 FP=8 FN=4 TN=13
[lp | fold 1 | epoch 030] train=0.3678 val=0.4368 auc=0.6881 thr=0.474
  [Metrics] AUC:0.688 F1:0.727 SENS:0.800 SPEC:0.619 | COMPOSITE:0.7267
    [Prob] min=0.220 max=0.700 | TP=16 FP=8 FN=4 TN=13
[lp | fold 1 | epoch 031] train=0.3726 val=0.4727 auc=0.6857 thr=0.409
  [Metrics] AUC:0.686 F1:0.727 SENS:0.800 SPEC:0.619 | COMPOSITE:0.7261
    [Prob] min=0.266 max=0.708 | TP=16 FP=9 FN=4 TN=12
[lp | fold 1 | epoch 032] train=0.3961 val=0.4587 auc=0.6714 thr=0.435
  [Metrics] AUC:0.671 F1:0.711 SENS:0.800 SPEC:0.571 | COMPOSITE:0.7113
    [Prob] min=0.375 max=0.697 | TP=16 FP=9 FN=4 TN=12
[lp | fold 1 | epoch 033] train=0.3855 val=0.4271 auc=0.6714 thr=0.523
  [Metrics] AUC:0.671 F1:0.711 SENS:0.800 SPEC:0.571 | COMPOSITE:0.7113
    [Prob] min=0.272 max=0.678 | TP=16 FP=9 FN=4 TN=12
[lp | fold 1 | epoch 034] train=0.3947 val=0.4740 auc=0.6476 thr=0.420
  [Metrics] AUC:0.648 F1:0.711 SENS:0.800 SPEC:0.571 | COMPOSITE:0.7054
    [Prob] min=0.354 max=0.681 | TP=16 FP=9 FN=4 TN=12
[lp | fold 1 | epoch 035] train=0.3900 val=0.4344 auc=0.6524 thr=0.493
  [Metrics] AUC:0.652 F1:0.711 SENS:0.800 SPEC:0.571 | COMPOSITE:0.7066
    [Prob] min=0.322 max=0.702 | TP=16 FP=9 FN=4 TN=12
[lp | fold 1 | epoch 036] train=0.3869 val=0.4284 auc=0.6786 thr=0.489
  [Metrics] AUC:0.679 F1:0.711 SENS:0.800 SPEC:0.571 | COMPOSITE:0.7131
    [Prob] min=0.211 max=0.666 | TP=16 FP=8 FN=4 TN=13
[lp | fold 1 | epoch 037] train=0.3860 val=0.4825 auc=0.6857 thr=0.381
  [Metrics] AUC:0.686 F1:0.727 SENS:0.800 SPEC:0.619 | COMPOSITE:0.7261
    [Prob] min=0.265 max=0.767 | TP=17 FP=8 FN=3 TN=13
[lp | fold 1 | epoch 038] train=0.3613 val=0.4206 auc=0.7048 thr=0.465
  [Metrics] AUC:0.705 F1:0.756 SENS:0.850 SPEC:0.619 | COMPOSITE:0.7554
    [Prob] min=0.239 max=0.736 | TP=18 FP=9 FN=2 TN=12
[lp | fold 1 | epoch 039] train=0.3820 val=0.4273 auc=0.7071 thr=0.401
  [Metrics] AUC:0.707 F1:0.766 SENS:0.900 SPEC:0.571 | COMPOSITE:0.7690
    ★ SAVED DUAL-PASS (SENS=0.900≥0.8 SPEC=0.571≥0.5 | F1=0.766 | comp=0.7690)
    [Prob] min=0.343 max=0.713 | TP=16 FP=8 FN=4 TN=13
[lp | fold 1 | epoch 040] train=0.4049 val=0.4211 auc=0.6810 thr=0.516
  [Metrics] AUC:0.681 F1:0.727 SENS:0.800 SPEC:0.619 | COMPOSITE:0.7249
    [Prob] min=0.277 max=0.681 | TP=16 FP=9 FN=4 TN=12
[lp | fold 1 | epoch 041] train=0.3789 val=0.4734 auc=0.6452 thr=0.427
  [Metrics] AUC:0.645 F1:0.711 SENS:0.800 SPEC:0.571 | COMPOSITE:0.7048
    [Prob] min=0.345 max=0.726 | TP=16 FP=8 FN=4 TN=13
[lp | fold 1 | epoch 042] train=0.3940 val=0.4199 auc=0.6786 thr=0.522
  [Metrics] AUC:0.679 F1:0.727 SENS:0.800 SPEC:0.619 | COMPOSITE:0.7243
    [Prob] min=0.294 max=0.712 | TP=16 FP=8 FN=4 TN=13
[lp | fold 1 | epoch 043] train=0.3827 val=0.4310 auc=0.6714 thr=0.475
  [Metrics] AUC:0.671 F1:0.727 SENS:0.800 SPEC:0.619 | COMPOSITE:0.7225
    [Prob] min=0.321 max=0.748 | TP=16 FP=8 FN=4 TN=13
[lp | fold 1 | epoch 044] train=0.4049 val=0.4322 auc=0.6619 thr=0.503
  [Metrics] AUC:0.662 F1:0.727 SENS:0.800 SPEC:0.619 | COMPOSITE:0.7202
    [Prob] min=0.334 max=0.696 | TP=16 FP=9 FN=4 TN=12
[lp | fold 1 | epoch 045] train=0.4205 val=0.4320 auc=0.6548 thr=0.477
  [Metrics] AUC:0.655 F1:0.711 SENS:0.800 SPEC:0.571 | COMPOSITE:0.7072
    [Prob] min=0.365 max=0.717 | TP=16 FP=8 FN=4 TN=13
[lp | fold 1 | epoch 046] train=0.3845 val=0.4172 auc=0.6714 thr=0.512
  [Metrics] AUC:0.671 F1:0.727 SENS:0.800 SPEC:0.619 | COMPOSITE:0.7225
    [Prob] min=0.318 max=0.690 | TP=17 FP=8 FN=3 TN=13
[lp | fold 1 | epoch 047] train=0.3904 val=0.4199 auc=0.6905 thr=0.455
  [Metrics] AUC:0.690 F1:0.756 SENS:0.850 SPEC:0.619 | COMPOSITE:0.7519
    [Prob] min=0.273 max=0.726 | TP=16 FP=8 FN=4 TN=13
[lp | fold 1 | epoch 048] train=0.3846 val=0.4414 auc=0.6738 thr=0.439
  [Metrics] AUC:0.674 F1:0.727 SENS:0.800 SPEC:0.619 | COMPOSITE:0.7231
    [Prob] min=0.350 max=0.768 | TP=16 FP=8 FN=4 TN=13
[lp | fold 1 | epoch 049] train=0.4204 val=0.4230 auc=0.6762 thr=0.531
  [Metrics] AUC:0.676 F1:0.727 SENS:0.800 SPEC:0.619 | COMPOSITE:0.7237
    [Prob] min=0.303 max=0.689 | TP=16 FP=9 FN=4 TN=12
[lp | fold 1 | epoch 050] train=0.3882 val=0.4428 auc=0.6595 thr=0.449
  [Metrics] AUC:0.660 F1:0.711 SENS:0.800 SPEC:0.571 | COMPOSITE:0.7084
    [Prob] min=0.294 max=0.754 | TP=16 FP=8 FN=4 TN=13
[lp | fold 1 | epoch 051] train=0.3690 val=0.4427 auc=0.6571 thr=0.476
  [Metrics] AUC:0.657 F1:0.727 SENS:0.800 SPEC:0.619 | COMPOSITE:0.7190
    [Prob] min=0.230 max=0.758 | TP=16 FP=8 FN=4 TN=13
[lp | fold 1 | epoch 052] train=0.3569 val=0.4716 auc=0.6571 thr=0.442
  [Metrics] AUC:0.657 F1:0.727 SENS:0.800 SPEC:0.619 | COMPOSITE:0.7190
    [Prob] min=0.279 max=0.750 | TP=16 FP=8 FN=4 TN=13
[lp | fold 1 | epoch 053] train=0.3866 val=0.4400 auc=0.6762 thr=0.490
  [Metrics] AUC:0.676 F1:0.727 SENS:0.800 SPEC:0.619 | COMPOSITE:0.7237
    [Prob] min=0.264 max=0.710 | TP=16 FP=8 FN=4 TN=13
[lp | fold 1 | epoch 054] train=0.3698 val=0.4448 auc=0.6738 thr=0.463
  [Metrics] AUC:0.674 F1:0.727 SENS:0.800 SPEC:0.619 | COMPOSITE:0.7231
    [Prob] min=0.282 max=0.774 | TP=16 FP=8 FN=4 TN=13
[lp | fold 1 | epoch 055] train=0.3640 val=0.4387 auc=0.6762 thr=0.520
  [Metrics] AUC:0.676 F1:0.727 SENS:0.800 SPEC:0.619 | COMPOSITE:0.7237
    [Prob] min=0.197 max=0.723 | TP=16 FP=8 FN=4 TN=13
[lp | fold 1 | epoch 056] train=0.3622 val=0.4798 auc=0.6643 thr=0.439
  [Metrics] AUC:0.664 F1:0.727 SENS:0.800 SPEC:0.619 | COMPOSITE:0.7207
    [Prob] min=0.259 max=0.740 | TP=16 FP=8 FN=4 TN=13
[lp | fold 1 | epoch 057] train=0.3874 val=0.4398 auc=0.6738 thr=0.488
  [Metrics] AUC:0.674 F1:0.727 SENS:0.800 SPEC:0.619 | COMPOSITE:0.7231
    [Prob] min=0.286 max=0.745 | TP=16 FP=8 FN=4 TN=13
[lp | fold 1 | epoch 058] train=0.3464 val=0.4202 auc=0.6976 thr=0.510
  [Metrics] AUC:0.698 F1:0.727 SENS:0.800 SPEC:0.619 | COMPOSITE:0.7291
    [Prob] min=0.278 max=0.738 | TP=16 FP=8 FN=4 TN=13
[lp | fold 1 | epoch 059] train=0.3579 val=0.4205 auc=0.6976 thr=0.499
  [Metrics] AUC:0.698 F1:0.727 SENS:0.800 SPEC:0.619 | COMPOSITE:0.7291
    [Prob] min=0.270 max=0.728 | TP=16 FP=8 FN=4 TN=13
[lp | fold 1 | epoch 060] train=0.3768 val=0.4270 auc=0.6976 thr=0.484
  [Metrics] AUC:0.698 F1:0.727 SENS:0.800 SPEC:0.619 | COMPOSITE:0.7291
    [Prob] min=0.272 max=0.733 | TP=16 FP=8 FN=4 TN=13
[lp | fold 1 | epoch 061] train=0.3634 val=0.4272 auc=0.6929 thr=0.488
  [Metrics] AUC:0.693 F1:0.727 SENS:0.800 SPEC:0.619 | COMPOSITE:0.7279
    [Prob] min=0.267 max=0.727 | TP=16 FP=8 FN=4 TN=13
[lp | fold 1 | epoch 062] train=0.3832 val=0.4332 auc=0.6857 thr=0.478
  [Metrics] AUC:0.686 F1:0.727 SENS:0.800 SPEC:0.619 | COMPOSITE:0.7261
    [Prob] min=0.276 max=0.730 | TP=16 FP=8 FN=4 TN=13
[lp | fold 1 | epoch 063] train=0.3801 val=0.4287 auc=0.6857 thr=0.489
  [Metrics] AUC:0.686 F1:0.727 SENS:0.800 SPEC:0.619 | COMPOSITE:0.7261
    [Prob] min=0.275 max=0.726 | TP=16 FP=8 FN=4 TN=13
[lp | fold 1 | epoch 064] train=0.3548 val=0.4313 auc=0.6857 thr=0.486
  [Metrics] AUC:0.686 F1:0.727 SENS:0.800 SPEC:0.619 | COMPOSITE:0.7261
  Early stopping @ epoch 64 | best_score=0.7690
  SWA finalize ediliyor...
  SWA composite: 0.7237 | Best regular: 0.7690

=================================================================
  SwinLP Fold 1  |  Threshold: Youden 0.401
=================================================================
  Metrik                Değer                   95% CI
  -------------------------------------------------------
  AUC-ROC               0.707          [0.532 - 0.862]
  AUC-PR                0.647                        -
  Sensitivity           0.900          [0.750 - 1.000]
  Specificity           0.571          [0.350 - 0.778]
  PPV                   0.667          [0.500 - 0.840]
  NPV                   0.857          [0.643 - 1.000]
  Accuracy              0.732          [0.585 - 0.854]
  F1-Score              0.766          [0.615 - 0.889]
  Composite             0.769                        -

  CM: TP=18 FP=9 FN=2 TN=12
  Toplam Hata: 11/41
=================================================================

======================================================================
FOLD 2/5
======================================================================
  [Fold 2] class_counts=[84 80] | backbone dondurulmuş (~50K param)
  Pretrained: 126 katman yüklendi, 33 atlandı.
  Eğitilebilir: 74,402 / 62,261,698 param (0.1%)
    [Prob] min=0.504 max=0.550 | TP=18 FP=20 FN=2 TN=3
[lp | fold 2 | epoch 001] train=0.4593 val=0.4311 auc=0.5587 thr=0.510
  [Metrics] AUC:0.559 F1:0.621 SENS:0.900 SPEC:0.130 | COMPOSITE:0.6294
    ☆ SAVED FALLBACK (SENS=0.900 SPEC=0.130 | comp=0.6294)
    [Prob] min=0.512 max=0.642 | TP=16 FP=16 FN=4 TN=7
[lp | fold 2 | epoch 002] train=0.4354 val=0.4235 auc=0.6239 thr=0.560
  [Metrics] AUC:0.624 F1:0.615 SENS:0.800 SPEC:0.304 | COMPOSITE:0.6355
    ☆ SAVED FALLBACK (SENS=0.800 SPEC=0.304 | comp=0.6355)
    [Prob] min=0.414 max=0.732 | TP=17 FP=15 FN=3 TN=8
[lp | fold 2 | epoch 003] train=0.4071 val=0.4333 auc=0.6065 thr=0.543
  [Metrics] AUC:0.607 F1:0.654 SENS:0.850 SPEC:0.348 | COMPOSITE:0.6648
    ☆ SAVED FALLBACK (SENS=0.850 SPEC=0.348 | comp=0.6648)
    [Prob] min=0.461 max=0.722 | TP=17 FP=15 FN=3 TN=8
[lp | fold 2 | epoch 004] train=0.4421 val=0.4299 auc=0.6130 thr=0.559
  [Metrics] AUC:0.613 F1:0.654 SENS:0.850 SPEC:0.348 | COMPOSITE:0.6664
    ☆ SAVED FALLBACK (SENS=0.850 SPEC=0.348 | comp=0.6664)
    [Prob] min=0.282 max=0.711 | TP=18 FP=15 FN=2 TN=8
[lp | fold 2 | epoch 005] train=0.4096 val=0.4437 auc=0.6152 thr=0.394
  [Metrics] AUC:0.615 F1:0.679 SENS:0.900 SPEC:0.348 | COMPOSITE:0.6908
    ☆ SAVED FALLBACK (SENS=0.900 SPEC=0.348 | comp=0.6908)
    [Prob] min=0.361 max=0.637 | TP=16 FP=14 FN=4 TN=9
[lp | fold 2 | epoch 006] train=0.4254 val=0.4202 auc=0.6239 thr=0.478
  [Metrics] AUC:0.624 F1:0.640 SENS:0.800 SPEC:0.391 | COMPOSITE:0.6547
    [Prob] min=0.548 max=0.739 | TP=18 FP=15 FN=2 TN=8
[lp | fold 2 | epoch 007] train=0.4122 val=0.4676 auc=0.6217 thr=0.642
  [Metrics] AUC:0.622 F1:0.679 SENS:0.900 SPEC:0.348 | COMPOSITE:0.6924
    ☆ SAVED FALLBACK (SENS=0.900 SPEC=0.348 | comp=0.6924)
    [Prob] min=0.426 max=0.687 | TP=18 FP=15 FN=2 TN=8
[lp | fold 2 | epoch 008] train=0.4310 val=0.4218 auc=0.6087 thr=0.545
  [Metrics] AUC:0.609 F1:0.679 SENS:0.900 SPEC:0.348 | COMPOSITE:0.6892
    [Prob] min=0.415 max=0.625 | TP=18 FP=15 FN=2 TN=8
[lp | fold 2 | epoch 009] train=0.4313 val=0.4161 auc=0.6065 thr=0.511
  [Metrics] AUC:0.607 F1:0.679 SENS:0.900 SPEC:0.348 | COMPOSITE:0.6886
    [Prob] min=0.416 max=0.651 | TP=18 FP=15 FN=2 TN=8
[lp | fold 2 | epoch 010] train=0.4068 val=0.4164 auc=0.6152 thr=0.528
  [Metrics] AUC:0.615 F1:0.679 SENS:0.900 SPEC:0.348 | COMPOSITE:0.6908
    [Prob] min=0.436 max=0.727 | TP=16 FP=14 FN=4 TN=9
[lp | fold 2 | epoch 011] train=0.4088 val=0.4354 auc=0.6326 thr=0.599
  [Metrics] AUC:0.633 F1:0.640 SENS:0.800 SPEC:0.391 | COMPOSITE:0.6568
    [Prob] min=0.385 max=0.720 | TP=16 FP=14 FN=4 TN=9
[lp | fold 2 | epoch 012] train=0.4054 val=0.4243 auc=0.6239 thr=0.568
  [Metrics] AUC:0.624 F1:0.640 SENS:0.800 SPEC:0.391 | COMPOSITE:0.6547
    [Prob] min=0.374 max=0.726 | TP=17 FP=14 FN=3 TN=9
[lp | fold 2 | epoch 013] train=0.4090 val=0.4246 auc=0.6239 thr=0.582
  [Metrics] AUC:0.624 F1:0.667 SENS:0.850 SPEC:0.391 | COMPOSITE:0.6788
    [Prob] min=0.389 max=0.672 | TP=17 FP=14 FN=3 TN=9
[lp | fold 2 | epoch 014] train=0.4056 val=0.4117 auc=0.6196 thr=0.545
  [Metrics] AUC:0.620 F1:0.667 SENS:0.850 SPEC:0.391 | COMPOSITE:0.6778
    [Prob] min=0.377 max=0.727 | TP=16 FP=13 FN=4 TN=10
[lp | fold 2 | epoch 015] train=0.4005 val=0.4283 auc=0.6261 thr=0.603
  [Metrics] AUC:0.626 F1:0.653 SENS:0.800 SPEC:0.435 | COMPOSITE:0.6650
    [Prob] min=0.290 max=0.657 | TP=17 FP=14 FN=3 TN=9
[lp | fold 2 | epoch 016] train=0.4134 val=0.4080 auc=0.6304 thr=0.476
  [Metrics] AUC:0.630 F1:0.667 SENS:0.850 SPEC:0.391 | COMPOSITE:0.6805
    [Prob] min=0.330 max=0.691 | TP=16 FP=13 FN=4 TN=10
[lp | fold 2 | epoch 017] train=0.4074 val=0.4097 auc=0.6261 thr=0.539
  [Metrics] AUC:0.626 F1:0.653 SENS:0.800 SPEC:0.435 | COMPOSITE:0.6650
    [Prob] min=0.340 max=0.708 | TP=16 FP=14 FN=4 TN=9
[lp | fold 2 | epoch 018] train=0.3866 val=0.4094 auc=0.6348 thr=0.546
  [Metrics] AUC:0.635 F1:0.640 SENS:0.800 SPEC:0.391 | COMPOSITE:0.6574
    [Prob] min=0.330 max=0.723 | TP=17 FP=14 FN=3 TN=9
[lp | fold 2 | epoch 019] train=0.3874 val=0.4101 auc=0.6652 thr=0.547
  [Metrics] AUC:0.665 F1:0.667 SENS:0.850 SPEC:0.391 | COMPOSITE:0.6892
    [Prob] min=0.293 max=0.760 | TP=17 FP=14 FN=3 TN=9
[lp | fold 2 | epoch 020] train=0.3870 val=0.4235 auc=0.6326 thr=0.568
  [Metrics] AUC:0.633 F1:0.667 SENS:0.850 SPEC:0.391 | COMPOSITE:0.6810
    [Prob] min=0.328 max=0.736 | TP=17 FP=14 FN=3 TN=9
[lp | fold 2 | epoch 021] train=0.3881 val=0.4234 auc=0.6283 thr=0.578
  [Metrics] AUC:0.628 F1:0.667 SENS:0.850 SPEC:0.391 | COMPOSITE:0.6799
    [Prob] min=0.335 max=0.750 | TP=16 FP=13 FN=4 TN=10
[lp | fold 2 | epoch 022] train=0.3981 val=0.4389 auc=0.6326 thr=0.631
  [Metrics] AUC:0.633 F1:0.653 SENS:0.800 SPEC:0.435 | COMPOSITE:0.6666
    [Prob] min=0.311 max=0.651 | TP=16 FP=13 FN=4 TN=10
[lp | fold 2 | epoch 023] train=0.3919 val=0.4041 auc=0.6717 thr=0.522
  [Metrics] AUC:0.672 F1:0.653 SENS:0.800 SPEC:0.435 | COMPOSITE:0.6764
    [Prob] min=0.295 max=0.705 | TP=17 FP=14 FN=3 TN=9
[lp | fold 2 | epoch 024] train=0.4055 val=0.4091 auc=0.6587 thr=0.561
  [Metrics] AUC:0.659 F1:0.667 SENS:0.850 SPEC:0.391 | COMPOSITE:0.6875
    [Prob] min=0.251 max=0.829 | TP=17 FP=14 FN=3 TN=9
[lp | fold 2 | epoch 025] train=0.3835 val=0.5033 auc=0.6304 thr=0.684
  [Metrics] AUC:0.630 F1:0.667 SENS:0.850 SPEC:0.391 | COMPOSITE:0.6805
    [Prob] min=0.200 max=0.715 | TP=17 FP=14 FN=3 TN=9
[lp | fold 2 | epoch 026] train=0.3790 val=0.4131 auc=0.6348 thr=0.515
  [Metrics] AUC:0.635 F1:0.667 SENS:0.850 SPEC:0.391 | COMPOSITE:0.6816
    [Prob] min=0.287 max=0.652 | TP=17 FP=14 FN=3 TN=9
[lp | fold 2 | epoch 027] train=0.4001 val=0.4056 auc=0.6565 thr=0.541
  [Metrics] AUC:0.657 F1:0.667 SENS:0.850 SPEC:0.391 | COMPOSITE:0.6870
    [Prob] min=0.304 max=0.711 | TP=17 FP=13 FN=3 TN=10
[lp | fold 2 | epoch 028] train=0.3896 val=0.4194 auc=0.6739 thr=0.608
  [Metrics] AUC:0.674 F1:0.680 SENS:0.850 SPEC:0.435 | COMPOSITE:0.7012
    ☆ SAVED FALLBACK (SENS=0.850 SPEC=0.435 | comp=0.7012)
    [Prob] min=0.130 max=0.668 | TP=17 FP=14 FN=3 TN=9
[lp | fold 2 | epoch 029] train=0.3830 val=0.4251 auc=0.6413 thr=0.417
  [Metrics] AUC:0.641 F1:0.667 SENS:0.850 SPEC:0.391 | COMPOSITE:0.6832
    [Prob] min=0.338 max=0.732 | TP=17 FP=13 FN=3 TN=10
[lp | fold 2 | epoch 030] train=0.4419 val=0.4315 auc=0.6696 thr=0.626
  [Metrics] AUC:0.670 F1:0.680 SENS:0.850 SPEC:0.435 | COMPOSITE:0.7001
    [Prob] min=0.285 max=0.644 | TP=17 FP=14 FN=3 TN=9
[lp | fold 2 | epoch 031] train=0.3887 val=0.4029 auc=0.6826 thr=0.516
  [Metrics] AUC:0.683 F1:0.667 SENS:0.850 SPEC:0.391 | COMPOSITE:0.6935
    [Prob] min=0.174 max=0.719 | TP=17 FP=13 FN=3 TN=10
[lp | fold 2 | epoch 032] train=0.3676 val=0.4069 auc=0.6674 thr=0.524
  [Metrics] AUC:0.667 F1:0.680 SENS:0.850 SPEC:0.435 | COMPOSITE:0.6996
    [Prob] min=0.209 max=0.786 | TP=16 FP=13 FN=4 TN=10
[lp | fold 2 | epoch 033] train=0.3848 val=0.4565 auc=0.6696 thr=0.652
  [Metrics] AUC:0.670 F1:0.653 SENS:0.800 SPEC:0.435 | COMPOSITE:0.6759
    [Prob] min=0.259 max=0.721 | TP=17 FP=14 FN=3 TN=9
[lp | fold 2 | epoch 034] train=0.4164 val=0.4132 auc=0.6717 thr=0.570
  [Metrics] AUC:0.672 F1:0.667 SENS:0.850 SPEC:0.391 | COMPOSITE:0.6908
    [Prob] min=0.215 max=0.682 | TP=16 FP=13 FN=4 TN=10
[lp | fold 2 | epoch 035] train=0.3919 val=0.3995 auc=0.6783 thr=0.518
  [Metrics] AUC:0.678 F1:0.653 SENS:0.800 SPEC:0.435 | COMPOSITE:0.6780
    [Prob] min=0.274 max=0.753 | TP=17 FP=13 FN=3 TN=10
[lp | fold 2 | epoch 036] train=0.3868 val=0.4363 auc=0.6587 thr=0.638
  [Metrics] AUC:0.659 F1:0.680 SENS:0.850 SPEC:0.435 | COMPOSITE:0.6974
    [Prob] min=0.170 max=0.703 | TP=17 FP=13 FN=3 TN=10
[lp | fold 2 | epoch 037] train=0.3669 val=0.3993 auc=0.6739 thr=0.507
  [Metrics] AUC:0.674 F1:0.680 SENS:0.850 SPEC:0.435 | COMPOSITE:0.7012
    [Prob] min=0.232 max=0.740 | TP=17 FP=14 FN=3 TN=9
[lp | fold 2 | epoch 038] train=0.3779 val=0.4142 auc=0.6696 thr=0.582
  [Metrics] AUC:0.670 F1:0.667 SENS:0.850 SPEC:0.391 | COMPOSITE:0.6903
    [Prob] min=0.223 max=0.732 | TP=17 FP=13 FN=3 TN=10
[lp | fold 2 | epoch 039] train=0.3649 val=0.4035 auc=0.6848 thr=0.546
  [Metrics] AUC:0.685 F1:0.680 SENS:0.850 SPEC:0.435 | COMPOSITE:0.7039
    ☆ SAVED FALLBACK (SENS=0.850 SPEC=0.435 | comp=0.7039)
    [Prob] min=0.245 max=0.726 | TP=16 FP=14 FN=4 TN=9
[lp | fold 2 | epoch 040] train=0.3802 val=0.4119 auc=0.6326 thr=0.576
  [Metrics] AUC:0.633 F1:0.640 SENS:0.800 SPEC:0.391 | COMPOSITE:0.6568
    [Prob] min=0.193 max=0.707 | TP=16 FP=13 FN=4 TN=10
[lp | fold 2 | epoch 041] train=0.3625 val=0.3976 auc=0.6804 thr=0.501
  [Metrics] AUC:0.680 F1:0.653 SENS:0.800 SPEC:0.435 | COMPOSITE:0.6786
    [Prob] min=0.176 max=0.737 | TP=16 FP=14 FN=4 TN=9
[lp | fold 2 | epoch 042] train=0.3663 val=0.4042 auc=0.6848 thr=0.553
  [Metrics] AUC:0.685 F1:0.640 SENS:0.800 SPEC:0.391 | COMPOSITE:0.6699
    [Prob] min=0.216 max=0.672 | TP=17 FP=14 FN=3 TN=9
[lp | fold 2 | epoch 043] train=0.3943 val=0.3951 auc=0.6826 thr=0.532
  [Metrics] AUC:0.683 F1:0.667 SENS:0.850 SPEC:0.391 | COMPOSITE:0.6935
    [Prob] min=0.281 max=0.721 | TP=17 FP=13 FN=3 TN=10
[lp | fold 2 | epoch 044] train=0.3850 val=0.4178 auc=0.6826 thr=0.611
  [Metrics] AUC:0.683 F1:0.680 SENS:0.850 SPEC:0.435 | COMPOSITE:0.7034
    [Prob] min=0.163 max=0.704 | TP=17 FP=13 FN=3 TN=10
[lp | fold 2 | epoch 045] train=0.3693 val=0.3989 auc=0.6565 thr=0.529
  [Metrics] AUC:0.657 F1:0.680 SENS:0.850 SPEC:0.435 | COMPOSITE:0.6968
    [Prob] min=0.125 max=0.762 | TP=17 FP=13 FN=3 TN=10
[lp | fold 2 | epoch 046] train=0.3691 val=0.4111 auc=0.6543 thr=0.557
  [Metrics] AUC:0.654 F1:0.680 SENS:0.850 SPEC:0.435 | COMPOSITE:0.6963
    [Prob] min=0.188 max=0.787 | TP=16 FP=12 FN=4 TN=11
[lp | fold 2 | epoch 047] train=0.3721 val=0.4463 auc=0.6870 thr=0.654
  [Metrics] AUC:0.687 F1:0.667 SENS:0.800 SPEC:0.478 | COMPOSITE:0.6901
    [Prob] min=0.166 max=0.681 | TP=17 FP=14 FN=3 TN=9
[lp | fold 2 | epoch 048] train=0.3941 val=0.3965 auc=0.6826 thr=0.491
  [Metrics] AUC:0.683 F1:0.667 SENS:0.850 SPEC:0.391 | COMPOSITE:0.6935
    [Prob] min=0.212 max=0.710 | TP=17 FP=14 FN=3 TN=9
[lp | fold 2 | epoch 049] train=0.3894 val=0.4033 auc=0.6826 thr=0.558
  [Metrics] AUC:0.683 F1:0.667 SENS:0.850 SPEC:0.391 | COMPOSITE:0.6935
    [Prob] min=0.198 max=0.741 | TP=17 FP=13 FN=3 TN=10
[lp | fold 2 | epoch 050] train=0.3720 val=0.4161 auc=0.6457 thr=0.595
  [Metrics] AUC:0.646 F1:0.680 SENS:0.850 SPEC:0.435 | COMPOSITE:0.6941
    [Prob] min=0.165 max=0.730 | TP=16 FP=13 FN=4 TN=10
[lp | fold 2 | epoch 051] train=0.3902 val=0.4081 auc=0.6261 thr=0.552
  [Metrics] AUC:0.626 F1:0.653 SENS:0.800 SPEC:0.435 | COMPOSITE:0.6650
    [Prob] min=0.201 max=0.746 | TP=16 FP=14 FN=4 TN=9
[lp | fold 2 | epoch 052] train=0.3725 val=0.4173 auc=0.6478 thr=0.605
  [Metrics] AUC:0.648 F1:0.640 SENS:0.800 SPEC:0.391 | COMPOSITE:0.6607
    [Prob] min=0.216 max=0.722 | TP=17 FP=14 FN=3 TN=9
[lp | fold 2 | epoch 053] train=0.3844 val=0.4045 auc=0.6652 thr=0.569
  [Metrics] AUC:0.665 F1:0.667 SENS:0.850 SPEC:0.391 | COMPOSITE:0.6892
    [Prob] min=0.196 max=0.715 | TP=17 FP=14 FN=3 TN=9
[lp | fold 2 | epoch 054] train=0.3691 val=0.3979 auc=0.6761 thr=0.550
  [Metrics] AUC:0.676 F1:0.667 SENS:0.850 SPEC:0.391 | COMPOSITE:0.6919
    [Prob] min=0.173 max=0.741 | TP=16 FP=14 FN=4 TN=9
[lp | fold 2 | epoch 055] train=0.3757 val=0.4021 auc=0.6630 thr=0.560
  [Metrics] AUC:0.663 F1:0.640 SENS:0.800 SPEC:0.391 | COMPOSITE:0.6645
    [Prob] min=0.222 max=0.756 | TP=16 FP=13 FN=4 TN=10
[lp | fold 2 | epoch 056] train=0.3926 val=0.4117 auc=0.6783 thr=0.598
  [Metrics] AUC:0.678 F1:0.653 SENS:0.800 SPEC:0.435 | COMPOSITE:0.6780
    [Prob] min=0.209 max=0.737 | TP=16 FP=14 FN=4 TN=9
[lp | fold 2 | epoch 057] train=0.3596 val=0.3983 auc=0.6848 thr=0.563
  [Metrics] AUC:0.685 F1:0.640 SENS:0.800 SPEC:0.391 | COMPOSITE:0.6699
    [Prob] min=0.201 max=0.744 | TP=17 FP=14 FN=3 TN=9
[lp | fold 2 | epoch 058] train=0.3547 val=0.3989 auc=0.6891 thr=0.562
  [Metrics] AUC:0.689 F1:0.667 SENS:0.850 SPEC:0.391 | COMPOSITE:0.6951
    [Prob] min=0.190 max=0.744 | TP=17 FP=14 FN=3 TN=9
[lp | fold 2 | epoch 059] train=0.3556 val=0.3962 auc=0.6935 thr=0.551
  [Metrics] AUC:0.693 F1:0.667 SENS:0.850 SPEC:0.391 | COMPOSITE:0.6962
    [Prob] min=0.180 max=0.738 | TP=17 FP=14 FN=3 TN=9
[lp | fold 2 | epoch 060] train=0.3706 val=0.3927 auc=0.6957 thr=0.534
  [Metrics] AUC:0.696 F1:0.667 SENS:0.850 SPEC:0.391 | COMPOSITE:0.6968
    [Prob] min=0.179 max=0.744 | TP=17 FP=14 FN=3 TN=9
[lp | fold 2 | epoch 061] train=0.3522 val=0.3946 auc=0.6913 thr=0.542
  [Metrics] AUC:0.691 F1:0.667 SENS:0.850 SPEC:0.391 | COMPOSITE:0.6957
    [Prob] min=0.179 max=0.749 | TP=17 FP=14 FN=3 TN=9
[lp | fold 2 | epoch 062] train=0.3533 val=0.3968 auc=0.6804 thr=0.550
  [Metrics] AUC:0.680 F1:0.667 SENS:0.850 SPEC:0.391 | COMPOSITE:0.6930
    [Prob] min=0.182 max=0.752 | TP=16 FP=13 FN=4 TN=10
[lp | fold 2 | epoch 063] train=0.3785 val=0.3989 auc=0.6848 thr=0.563
  [Metrics] AUC:0.685 F1:0.653 SENS:0.800 SPEC:0.435 | COMPOSITE:0.6797
    [Prob] min=0.180 max=0.751 | TP=16 FP=13 FN=4 TN=10
[lp | fold 2 | epoch 064] train=0.3741 val=0.3984 auc=0.6891 thr=0.563
  [Metrics] AUC:0.689 F1:0.653 SENS:0.800 SPEC:0.435 | COMPOSITE:0.6808
  Early stopping @ epoch 64 | best_score=-1.2961
  SWA finalize ediliyor...
  SWA composite: 0.6930 | Best regular: -1.2961
  SWA modeli seçildi!

=================================================================
  SwinLP Fold 2  |  Threshold: Youden 0.653
=================================================================
  Metrik                Değer                   95% CI
  -------------------------------------------------------
  AUC-ROC               0.680          [0.511 - 0.824]
  AUC-PR                0.687                        -
  Sensitivity           0.450          [0.235 - 0.667]
  Specificity           0.870          [0.706 - 1.000]
  PPV                   0.750          [0.500 - 1.000]
  NPV                   0.645          [0.469 - 0.811]
  Accuracy              0.674          [0.535 - 0.814]
  F1-Score              0.562          [0.320 - 0.750]
  Composite             0.599                        -

  CM: TP=9 FP=3 FN=11 TN=20
  Toplam Hata: 14/43
=================================================================

======================================================================
FOLD 3/5
======================================================================
  [Fold 3] class_counts=[85 80] | backbone dondurulmuş (~50K param)
  Pretrained: 126 katman yüklendi, 33 atlandı.
  Eğitilebilir: 74,402 / 62,261,698 param (0.1%)
    [Prob] min=0.513 max=0.554 | TP=16 FP=11 FN=3 TN=10
[lp | fold 3 | epoch 001] train=0.4454 val=0.4309 auc=0.6115 thr=0.530
  [Metrics] AUC:0.612 F1:0.696 SENS:0.842 SPEC:0.476 | COMPOSITE:0.6930
    ☆ SAVED FALLBACK (SENS=0.842 SPEC=0.476 | comp=0.6930)
    [Prob] min=0.509 max=0.650 | TP=16 FP=8 FN=3 TN=13
[lp | fold 3 | epoch 002] train=0.4296 val=0.4192 auc=0.6992 thr=0.574
  [Metrics] AUC:0.699 F1:0.744 SENS:0.842 SPEC:0.619 | COMPOSITE:0.7485
    ★ SAVED DUAL-PASS (SENS=0.842≥0.8 SPEC=0.619≥0.5 | F1=0.744 | comp=0.7485)
    [Prob] min=0.470 max=0.717 | TP=16 FP=9 FN=3 TN=12
[lp | fold 3 | epoch 003] train=0.4254 val=0.4246 auc=0.6742 thr=0.594
  [Metrics] AUC:0.674 F1:0.727 SENS:0.842 SPEC:0.571 | COMPOSITE:0.7308
    [Prob] min=0.365 max=0.634 | TP=16 FP=8 FN=3 TN=13
[lp | fold 3 | epoch 004] train=0.4343 val=0.4116 auc=0.6917 thr=0.484
  [Metrics] AUC:0.692 F1:0.744 SENS:0.842 SPEC:0.619 | COMPOSITE:0.7466
    [Prob] min=0.442 max=0.602 | TP=16 FP=7 FN=3 TN=14
[lp | fold 3 | epoch 005] train=0.4346 val=0.4149 auc=0.7143 thr=0.527
  [Metrics] AUC:0.714 F1:0.762 SENS:0.842 SPEC:0.667 | COMPOSITE:0.7638
    ★ SAVED DUAL-PASS (SENS=0.842≥0.8 SPEC=0.667≥0.5 | F1=0.762 | comp=0.7638)
    [Prob] min=0.449 max=0.753 | TP=16 FP=9 FN=3 TN=12
[lp | fold 3 | epoch 006] train=0.4299 val=0.4261 auc=0.6742 thr=0.573
  [Metrics] AUC:0.674 F1:0.727 SENS:0.842 SPEC:0.571 | COMPOSITE:0.7308
    [Prob] min=0.522 max=0.755 | TP=17 FP=8 FN=2 TN=13
[lp | fold 3 | epoch 007] train=0.4291 val=0.4534 auc=0.6892 thr=0.626
  [Metrics] AUC:0.689 F1:0.773 SENS:0.895 SPEC:0.619 | COMPOSITE:0.7715
    ★ SAVED DUAL-PASS (SENS=0.895≥0.8 SPEC=0.619≥0.5 | F1=0.773 | comp=0.7715)
    [Prob] min=0.404 max=0.647 | TP=16 FP=7 FN=3 TN=14
[lp | fold 3 | epoch 008] train=0.4266 val=0.4075 auc=0.7118 thr=0.539
  [Metrics] AUC:0.712 F1:0.762 SENS:0.842 SPEC:0.667 | COMPOSITE:0.7632
    [Prob] min=0.373 max=0.786 | TP=17 FP=9 FN=2 TN=12
[lp | fold 3 | epoch 009] train=0.4190 val=0.4263 auc=0.6867 thr=0.544
  [Metrics] AUC:0.687 F1:0.756 SENS:0.895 SPEC:0.571 | COMPOSITE:0.7594
    [Prob] min=0.397 max=0.640 | TP=16 FP=7 FN=3 TN=14
[lp | fold 3 | epoch 010] train=0.4320 val=0.4131 auc=0.7018 thr=0.532
  [Metrics] AUC:0.702 F1:0.762 SENS:0.842 SPEC:0.667 | COMPOSITE:0.7607
    [Prob] min=0.343 max=0.718 | TP=17 FP=9 FN=2 TN=12
[lp | fold 3 | epoch 011] train=0.4020 val=0.4101 auc=0.7043 thr=0.546
  [Metrics] AUC:0.704 F1:0.756 SENS:0.895 SPEC:0.571 | COMPOSITE:0.7638
    [Prob] min=0.446 max=0.762 | TP=16 FP=7 FN=3 TN=14
[lp | fold 3 | epoch 012] train=0.4146 val=0.4458 auc=0.6817 thr=0.624
  [Metrics] AUC:0.682 F1:0.762 SENS:0.842 SPEC:0.667 | COMPOSITE:0.7556
    [Prob] min=0.401 max=0.673 | TP=17 FP=9 FN=2 TN=12
[lp | fold 3 | epoch 013] train=0.4108 val=0.4125 auc=0.6967 thr=0.538
  [Metrics] AUC:0.697 F1:0.756 SENS:0.895 SPEC:0.571 | COMPOSITE:0.7619
    [Prob] min=0.412 max=0.714 | TP=16 FP=8 FN=3 TN=13
[lp | fold 3 | epoch 014] train=0.4076 val=0.4187 auc=0.6842 thr=0.560
  [Metrics] AUC:0.684 F1:0.744 SENS:0.842 SPEC:0.619 | COMPOSITE:0.7447
    [Prob] min=0.426 max=0.762 | TP=16 FP=8 FN=3 TN=13
[lp | fold 3 | epoch 015] train=0.3984 val=0.4393 auc=0.6767 thr=0.608
  [Metrics] AUC:0.677 F1:0.744 SENS:0.842 SPEC:0.619 | COMPOSITE:0.7428
    [Prob] min=0.332 max=0.702 | TP=16 FP=9 FN=3 TN=12
[lp | fold 3 | epoch 016] train=0.4112 val=0.4144 auc=0.6892 thr=0.500
  [Metrics] AUC:0.689 F1:0.727 SENS:0.842 SPEC:0.571 | COMPOSITE:0.7346
    [Prob] min=0.410 max=0.761 | TP=16 FP=7 FN=3 TN=14
[lp | fold 3 | epoch 017] train=0.4024 val=0.4358 auc=0.6817 thr=0.590
  [Metrics] AUC:0.682 F1:0.762 SENS:0.842 SPEC:0.667 | COMPOSITE:0.7556
    [Prob] min=0.358 max=0.665 | TP=17 FP=10 FN=2 TN=11
[lp | fold 3 | epoch 018] train=0.3987 val=0.4137 auc=0.6967 thr=0.498
  [Metrics] AUC:0.697 F1:0.739 SENS:0.895 SPEC:0.524 | COMPOSITE:0.7507
    [Prob] min=0.397 max=0.782 | TP=16 FP=9 FN=3 TN=12
[lp | fold 3 | epoch 019] train=0.4011 val=0.4354 auc=0.6767 thr=0.576
  [Metrics] AUC:0.677 F1:0.727 SENS:0.842 SPEC:0.571 | COMPOSITE:0.7314
    [Prob] min=0.408 max=0.782 | TP=17 FP=10 FN=2 TN=11
[lp | fold 3 | epoch 020] train=0.4046 val=0.4389 auc=0.6817 thr=0.578
  [Metrics] AUC:0.682 F1:0.739 SENS:0.895 SPEC:0.524 | COMPOSITE:0.7469
    [Prob] min=0.354 max=0.661 | TP=16 FP=8 FN=3 TN=13
[lp | fold 3 | epoch 021] train=0.4002 val=0.4150 auc=0.7018 thr=0.501
  [Metrics] AUC:0.702 F1:0.744 SENS:0.842 SPEC:0.619 | COMPOSITE:0.7491
    [Prob] min=0.334 max=0.740 | TP=17 FP=9 FN=2 TN=12
[lp | fold 3 | epoch 022] train=0.3908 val=0.4227 auc=0.6992 thr=0.560
  [Metrics] AUC:0.699 F1:0.756 SENS:0.895 SPEC:0.571 | COMPOSITE:0.7626
    [Prob] min=0.186 max=0.775 | TP=16 FP=10 FN=3 TN=11
[lp | fold 3 | epoch 023] train=0.3702 val=0.4328 auc=0.6992 thr=0.490
  [Metrics] AUC:0.699 F1:0.711 SENS:0.842 SPEC:0.524 | COMPOSITE:0.7259
    [Prob] min=0.500 max=0.733 | TP=18 FP=12 FN=1 TN=9
[lp | fold 3 | epoch 024] train=0.4065 val=0.4587 auc=0.5589 thr=0.608
  [Metrics] AUC:0.559 F1:0.735 SENS:0.947 SPEC:0.429 | COMPOSITE:0.7193
    [Prob] min=0.411 max=0.689 | TP=16 FP=12 FN=3 TN=9
[lp | fold 3 | epoch 025] train=0.4146 val=0.4398 auc=0.6065 thr=0.501
  [Metrics] AUC:0.607 F1:0.681 SENS:0.842 SPEC:0.429 | COMPOSITE:0.6809
    [Prob] min=0.371 max=0.747 | TP=16 FP=11 FN=3 TN=10
[lp | fold 3 | epoch 026] train=0.4203 val=0.4346 auc=0.6591 thr=0.515
  [Metrics] AUC:0.659 F1:0.696 SENS:0.842 SPEC:0.476 | COMPOSITE:0.7049
    [Prob] min=0.401 max=0.778 | TP=17 FP=10 FN=2 TN=11
[lp | fold 3 | epoch 027] train=0.3976 val=0.4422 auc=0.6867 thr=0.581
  [Metrics] AUC:0.687 F1:0.739 SENS:0.895 SPEC:0.524 | COMPOSITE:0.7482
    [Prob] min=0.267 max=0.786 | TP=16 FP=9 FN=3 TN=12
[lp | fold 3 | epoch 028] train=0.3808 val=0.4297 auc=0.6892 thr=0.518
  [Metrics] AUC:0.689 F1:0.727 SENS:0.842 SPEC:0.571 | COMPOSITE:0.7346
    [Prob] min=0.247 max=0.652 | TP=16 FP=9 FN=3 TN=12
[lp | fold 3 | epoch 029] train=0.4019 val=0.4234 auc=0.6942 thr=0.484
  [Metrics] AUC:0.694 F1:0.727 SENS:0.842 SPEC:0.571 | COMPOSITE:0.7358
    [Prob] min=0.394 max=0.791 | TP=16 FP=9 FN=3 TN=12
[lp | fold 3 | epoch 030] train=0.4121 val=0.4550 auc=0.6717 thr=0.616
  [Metrics] AUC:0.672 F1:0.727 SENS:0.842 SPEC:0.571 | COMPOSITE:0.7302
    [Prob] min=0.350 max=0.772 | TP=16 FP=8 FN=3 TN=13
[lp | fold 3 | epoch 031] train=0.4025 val=0.4457 auc=0.6817 thr=0.541
  [Metrics] AUC:0.682 F1:0.744 SENS:0.842 SPEC:0.619 | COMPOSITE:0.7441
    [Prob] min=0.323 max=0.799 | TP=16 FP=10 FN=3 TN=11
[lp | fold 3 | epoch 032] train=0.3871 val=0.4511 auc=0.6742 thr=0.521
  [Metrics] AUC:0.674 F1:0.711 SENS:0.842 SPEC:0.524 | COMPOSITE:0.7196
    [Prob] min=0.348 max=0.798 | TP=17 FP=10 FN=2 TN=11
[lp | fold 3 | epoch 033] train=0.3881 val=0.4485 auc=0.7068 thr=0.590
  [Metrics] AUC:0.707 F1:0.739 SENS:0.895 SPEC:0.524 | COMPOSITE:0.7532
    [Prob] min=0.282 max=0.839 | TP=17 FP=10 FN=2 TN=11
[lp | fold 3 | epoch 034] train=0.3977 val=0.4619 auc=0.6917 thr=0.549
  [Metrics] AUC:0.692 F1:0.739 SENS:0.895 SPEC:0.524 | COMPOSITE:0.7494
    [Prob] min=0.290 max=0.838 | TP=16 FP=8 FN=3 TN=13
[lp | fold 3 | epoch 035] train=0.3970 val=0.4725 auc=0.6767 thr=0.581
  [Metrics] AUC:0.677 F1:0.744 SENS:0.842 SPEC:0.619 | COMPOSITE:0.7428
    [Prob] min=0.280 max=0.895 | TP=17 FP=9 FN=2 TN=12
[lp | fold 3 | epoch 036] train=0.3780 val=0.5069 auc=0.6817 thr=0.604
  [Metrics] AUC:0.682 F1:0.756 SENS:0.895 SPEC:0.571 | COMPOSITE:0.7582
    [Prob] min=0.228 max=0.780 | TP=16 FP=8 FN=3 TN=13
[lp | fold 3 | epoch 037] train=0.3985 val=0.4374 auc=0.7193 thr=0.578
  [Metrics] AUC:0.719 F1:0.744 SENS:0.842 SPEC:0.619 | COMPOSITE:0.7535
    [Prob] min=0.248 max=0.851 | TP=16 FP=7 FN=3 TN=14
[lp | fold 3 | epoch 038] train=0.3811 val=0.4725 auc=0.6992 thr=0.586
  [Metrics] AUC:0.699 F1:0.762 SENS:0.842 SPEC:0.667 | COMPOSITE:0.7600
    [Prob] min=0.199 max=0.854 | TP=16 FP=8 FN=3 TN=13
[lp | fold 3 | epoch 039] train=0.3623 val=0.4634 auc=0.6992 thr=0.560
  [Metrics] AUC:0.699 F1:0.744 SENS:0.842 SPEC:0.619 | COMPOSITE:0.7485
    [Prob] min=0.180 max=0.828 | TP=17 FP=8 FN=2 TN=13
[lp | fold 3 | epoch 040] train=0.3657 val=0.4549 auc=0.6992 thr=0.570
  [Metrics] AUC:0.699 F1:0.773 SENS:0.895 SPEC:0.619 | COMPOSITE:0.7740
    ★ SAVED DUAL-PASS (SENS=0.895≥0.8 SPEC=0.619≥0.5 | F1=0.773 | comp=0.7740)
    [Prob] min=0.221 max=0.901 | TP=16 FP=8 FN=3 TN=13
[lp | fold 3 | epoch 041] train=0.3594 val=0.5108 auc=0.6742 thr=0.633
  [Metrics] AUC:0.674 F1:0.744 SENS:0.842 SPEC:0.619 | COMPOSITE:0.7422
    [Prob] min=0.124 max=0.810 | TP=17 FP=8 FN=2 TN=13
[lp | fold 3 | epoch 042] train=0.3850 val=0.4741 auc=0.6942 thr=0.470
  [Metrics] AUC:0.694 F1:0.773 SENS:0.895 SPEC:0.619 | COMPOSITE:0.7728
    [Prob] min=0.260 max=0.835 | TP=16 FP=8 FN=3 TN=13
[lp | fold 3 | epoch 043] train=0.3780 val=0.4637 auc=0.7093 thr=0.635
  [Metrics] AUC:0.709 F1:0.744 SENS:0.842 SPEC:0.619 | COMPOSITE:0.7510
    [Prob] min=0.254 max=0.796 | TP=16 FP=8 FN=3 TN=13
[lp | fold 3 | epoch 044] train=0.4003 val=0.4443 auc=0.7068 thr=0.514
  [Metrics] AUC:0.707 F1:0.744 SENS:0.842 SPEC:0.619 | COMPOSITE:0.7503
    [Prob] min=0.362 max=0.920 | TP=17 FP=9 FN=2 TN=12
[lp | fold 3 | epoch 045] train=0.3893 val=0.5143 auc=0.6917 thr=0.595
  [Metrics] AUC:0.692 F1:0.756 SENS:0.895 SPEC:0.571 | COMPOSITE:0.7607
    [Prob] min=0.288 max=0.827 | TP=17 FP=8 FN=2 TN=13
[lp | fold 3 | epoch 046] train=0.3917 val=0.4579 auc=0.7018 thr=0.527
  [Metrics] AUC:0.702 F1:0.773 SENS:0.895 SPEC:0.619 | COMPOSITE:0.7746
    ★ SAVED DUAL-PASS (SENS=0.895≥0.8 SPEC=0.619≥0.5 | F1=0.773 | comp=0.7746)
    [Prob] min=0.206 max=0.942 | TP=16 FP=10 FN=3 TN=11
[lp | fold 3 | epoch 047] train=0.3613 val=0.5317 auc=0.6767 thr=0.557
  [Metrics] AUC:0.677 F1:0.711 SENS:0.842 SPEC:0.524 | COMPOSITE:0.7203
    [Prob] min=0.169 max=0.868 | TP=16 FP=8 FN=3 TN=13
[lp | fold 3 | epoch 048] train=0.3682 val=0.4745 auc=0.6917 thr=0.547
  [Metrics] AUC:0.692 F1:0.744 SENS:0.842 SPEC:0.619 | COMPOSITE:0.7466
    [Prob] min=0.145 max=0.906 | TP=16 FP=9 FN=3 TN=12
[lp | fold 3 | epoch 049] train=0.3717 val=0.4999 auc=0.6817 thr=0.561
  [Metrics] AUC:0.682 F1:0.727 SENS:0.842 SPEC:0.571 | COMPOSITE:0.7327
    [Prob] min=0.200 max=0.792 | TP=16 FP=8 FN=3 TN=13
[lp | fold 3 | epoch 050] train=0.3704 val=0.4541 auc=0.6667 thr=0.569
  [Metrics] AUC:0.667 F1:0.744 SENS:0.842 SPEC:0.619 | COMPOSITE:0.7403
    [Prob] min=0.166 max=0.779 | TP=17 FP=9 FN=2 TN=12
[lp | fold 3 | epoch 051] train=0.3901 val=0.4536 auc=0.6817 thr=0.533
  [Metrics] AUC:0.682 F1:0.756 SENS:0.895 SPEC:0.571 | COMPOSITE:0.7582
    [Prob] min=0.168 max=0.905 | TP=17 FP=9 FN=2 TN=12
[lp | fold 3 | epoch 052] train=0.3755 val=0.5081 auc=0.6416 thr=0.540
  [Metrics] AUC:0.642 F1:0.756 SENS:0.895 SPEC:0.571 | COMPOSITE:0.7482
    [Prob] min=0.178 max=0.924 | TP=17 FP=10 FN=2 TN=11
[lp | fold 3 | epoch 053] train=0.3806 val=0.5276 auc=0.6416 thr=0.529
  [Metrics] AUC:0.642 F1:0.739 SENS:0.895 SPEC:0.524 | COMPOSITE:0.7369
    [Prob] min=0.165 max=0.899 | TP=17 FP=9 FN=2 TN=12
[lp | fold 3 | epoch 054] train=0.3496 val=0.5034 auc=0.6391 thr=0.542
  [Metrics] AUC:0.639 F1:0.756 SENS:0.895 SPEC:0.571 | COMPOSITE:0.7475
    [Prob] min=0.144 max=0.876 | TP=17 FP=9 FN=2 TN=12
[lp | fold 3 | epoch 055] train=0.3586 val=0.4787 auc=0.6692 thr=0.558
  [Metrics] AUC:0.669 F1:0.756 SENS:0.895 SPEC:0.571 | COMPOSITE:0.7551
    [Prob] min=0.139 max=0.846 | TP=16 FP=8 FN=3 TN=13
[lp | fold 3 | epoch 056] train=0.3794 val=0.4616 auc=0.6992 thr=0.584
  [Metrics] AUC:0.699 F1:0.744 SENS:0.842 SPEC:0.619 | COMPOSITE:0.7485
    [Prob] min=0.144 max=0.867 | TP=16 FP=8 FN=3 TN=13
[lp | fold 3 | epoch 057] train=0.3727 val=0.4735 auc=0.6717 thr=0.575
  [Metrics] AUC:0.672 F1:0.744 SENS:0.842 SPEC:0.619 | COMPOSITE:0.7416
    [Prob] min=0.150 max=0.880 | TP=17 FP=9 FN=2 TN=12
[lp | fold 3 | epoch 058] train=0.3799 val=0.4833 auc=0.6642 thr=0.543
  [Metrics] AUC:0.664 F1:0.756 SENS:0.895 SPEC:0.571 | COMPOSITE:0.7538
    [Prob] min=0.150 max=0.905 | TP=17 FP=9 FN=2 TN=12
[lp | fold 3 | epoch 059] train=0.3490 val=0.4982 auc=0.6566 thr=0.545
  [Metrics] AUC:0.657 F1:0.756 SENS:0.895 SPEC:0.571 | COMPOSITE:0.7519
    [Prob] min=0.148 max=0.913 | TP=17 FP=9 FN=2 TN=12
[lp | fold 3 | epoch 060] train=0.3531 val=0.5038 auc=0.6591 thr=0.541
  [Metrics] AUC:0.659 F1:0.756 SENS:0.895 SPEC:0.571 | COMPOSITE:0.7525
    [Prob] min=0.146 max=0.910 | TP=17 FP=9 FN=2 TN=12
[lp | fold 3 | epoch 061] train=0.3656 val=0.5014 auc=0.6541 thr=0.540
  [Metrics] AUC:0.654 F1:0.756 SENS:0.895 SPEC:0.571 | COMPOSITE:0.7513
    [Prob] min=0.146 max=0.897 | TP=17 FP=9 FN=2 TN=12
[lp | fold 3 | epoch 062] train=0.3773 val=0.4926 auc=0.6591 thr=0.533
  [Metrics] AUC:0.659 F1:0.756 SENS:0.895 SPEC:0.571 | COMPOSITE:0.7525
    [Prob] min=0.139 max=0.906 | TP=17 FP=9 FN=2 TN=12
[lp | fold 3 | epoch 063] train=0.3507 val=0.4978 auc=0.6566 thr=0.533
  [Metrics] AUC:0.657 F1:0.756 SENS:0.895 SPEC:0.571 | COMPOSITE:0.7519
    [Prob] min=0.145 max=0.910 | TP=17 FP=9 FN=2 TN=12
[lp | fold 3 | epoch 064] train=0.3638 val=0.5012 auc=0.6541 thr=0.559
  [Metrics] AUC:0.654 F1:0.756 SENS:0.895 SPEC:0.571 | COMPOSITE:0.7513
    [Prob] min=0.149 max=0.910 | TP=17 FP=9 FN=2 TN=12
[lp | fold 3 | epoch 065] train=0.3577 val=0.5010 auc=0.6541 thr=0.564
  [Metrics] AUC:0.654 F1:0.756 SENS:0.895 SPEC:0.571 | COMPOSITE:0.7513
    [Prob] min=0.144 max=0.909 | TP=17 FP=9 FN=2 TN=12
[lp | fold 3 | epoch 066] train=0.3530 val=0.5001 auc=0.6541 thr=0.563
  [Metrics] AUC:0.654 F1:0.756 SENS:0.895 SPEC:0.571 | COMPOSITE:0.7513
    [Prob] min=0.128 max=0.925 | TP=17 FP=8 FN=2 TN=13
[lp | fold 3 | epoch 067] train=0.3288 val=0.5118 auc=0.6566 thr=0.548
  [Metrics] AUC:0.657 F1:0.773 SENS:0.895 SPEC:0.619 | COMPOSITE:0.7634
    [Prob] min=0.118 max=0.938 | TP=17 FP=8 FN=2 TN=13
[lp | fold 3 | epoch 068] train=0.3236 val=0.5236 auc=0.6617 thr=0.541
  [Metrics] AUC:0.662 F1:0.773 SENS:0.895 SPEC:0.619 | COMPOSITE:0.7646
    [Prob] min=0.120 max=0.943 | TP=17 FP=8 FN=2 TN=13
[lp | fold 3 | epoch 069] train=0.3845 val=0.5281 auc=0.6591 thr=0.546
  [Metrics] AUC:0.659 F1:0.773 SENS:0.895 SPEC:0.619 | COMPOSITE:0.7640
    [Prob] min=0.118 max=0.934 | TP=17 FP=8 FN=2 TN=13
[lp | fold 3 | epoch 070] train=0.3295 val=0.5201 auc=0.6591 thr=0.537
  [Metrics] AUC:0.659 F1:0.773 SENS:0.895 SPEC:0.619 | COMPOSITE:0.7640
    [Prob] min=0.122 max=0.919 | TP=17 FP=8 FN=2 TN=13
[lp | fold 3 | epoch 071] train=0.3636 val=0.5084 auc=0.6541 thr=0.544
  [Metrics] AUC:0.654 F1:0.773 SENS:0.895 SPEC:0.619 | COMPOSITE:0.7627
  Early stopping @ epoch 71 | best_score=0.7746
  SWA finalize ediliyor...
  SWA composite: 0.7519 | Best regular: 0.7746

=================================================================
  SwinLP Fold 3  |  Threshold: Youden 0.527
=================================================================
  Metrik                Değer                   95% CI
  -------------------------------------------------------
  AUC-ROC               0.702          [0.519 - 0.868]
  AUC-PR                0.597                        -
  Sensitivity           0.895          [0.733 - 1.000]
  Specificity           0.619          [0.400 - 0.815]
  PPV                   0.680          [0.500 - 0.852]
  NPV                   0.867          [0.667 - 1.000]
  Accuracy              0.750          [0.600 - 0.875]
  F1-Score              0.773          [0.611 - 0.889]
  Composite             0.775                        -

  CM: TP=17 FP=8 FN=2 TN=13
  Toplam Hata: 10/40
=================================================================

======================================================================
FOLD 4/5
======================================================================
  [Fold 4] class_counts=[86 79] | backbone dondurulmuş (~50K param)
  Pretrained: 126 katman yüklendi, 33 atlandı.
  Eğitilebilir: 74,402 / 62,261,698 param (0.1%)
    [Prob] min=0.506 max=0.582 | TP=18 FP=20 FN=3 TN=1
[lp | fold 4 | epoch 001] train=0.4570 val=0.4550 auc=0.2630 thr=0.517
  [Metrics] AUC:0.263 F1:0.610 SENS:0.857 SPEC:0.048 | COMPOSITE:0.5254
    ☆ SAVED FALLBACK (SENS=0.857 SPEC=0.048 | comp=0.5254)
    [Prob] min=0.503 max=0.636 | TP=17 FP=15 FN=4 TN=6
[lp | fold 4 | epoch 002] train=0.4378 val=0.4222 auc=0.6531 thr=0.529
  [Metrics] AUC:0.653 F1:0.642 SENS:0.810 SPEC:0.286 | COMPOSITE:0.6498
    ☆ SAVED FALLBACK (SENS=0.810 SPEC=0.286 | comp=0.6498)
    [Prob] min=0.482 max=0.654 | TP=18 FP=9 FN=3 TN=12
[lp | fold 4 | epoch 003] train=0.4378 val=0.4151 auc=0.7438 thr=0.524
  [Metrics] AUC:0.744 F1:0.750 SENS:0.857 SPEC:0.571 | COMPOSITE:0.7592
    ★ SAVED DUAL-PASS (SENS=0.857≥0.8 SPEC=0.571≥0.5 | F1=0.750 | comp=0.7592)
    [Prob] min=0.448 max=0.666 | TP=17 FP=8 FN=4 TN=13
[lp | fold 4 | epoch 004] train=0.4288 val=0.4099 auc=0.7415 thr=0.524
  [Metrics] AUC:0.741 F1:0.739 SENS:0.810 SPEC:0.619 | COMPOSITE:0.7463
    [Prob] min=0.473 max=0.707 | TP=19 FP=12 FN=2 TN=9
[lp | fold 4 | epoch 005] train=0.4348 val=0.4086 auc=0.7188 thr=0.540
  [Metrics] AUC:0.719 F1:0.731 SENS:0.905 SPEC:0.429 | COMPOSITE:0.7433
    [Prob] min=0.530 max=0.749 | TP=17 FP=9 FN=4 TN=12
[lp | fold 4 | epoch 006] train=0.4179 val=0.4311 auc=0.7506 thr=0.637
  [Metrics] AUC:0.751 F1:0.723 SENS:0.810 SPEC:0.571 | COMPOSITE:0.7375
    [Prob] min=0.400 max=0.579 | TP=19 FP=9 FN=2 TN=12
[lp | fold 4 | epoch 007] train=0.4554 val=0.4267 auc=0.7324 thr=0.468
  [Metrics] AUC:0.732 F1:0.776 SENS:0.905 SPEC:0.571 | COMPOSITE:0.7794
    ★ SAVED DUAL-PASS (SENS=0.905≥0.8 SPEC=0.571≥0.5 | F1=0.776 | comp=0.7794)
    [Prob] min=0.461 max=0.652 | TP=19 FP=10 FN=2 TN=11
[lp | fold 4 | epoch 008] train=0.4404 val=0.4085 auc=0.7392 thr=0.538
  [Metrics] AUC:0.739 F1:0.760 SENS:0.905 SPEC:0.524 | COMPOSITE:0.7700
    [Prob] min=0.383 max=0.646 | TP=18 FP=8 FN=3 TN=13
[lp | fold 4 | epoch 009] train=0.4087 val=0.4173 auc=0.7279 thr=0.490
  [Metrics] AUC:0.728 F1:0.766 SENS:0.857 SPEC:0.619 | COMPOSITE:0.7663
    [Prob] min=0.445 max=0.706 | TP=17 FP=8 FN=4 TN=13
[lp | fold 4 | epoch 010] train=0.4138 val=0.4069 auc=0.7279 thr=0.567
  [Metrics] AUC:0.728 F1:0.739 SENS:0.810 SPEC:0.619 | COMPOSITE:0.7429
    [Prob] min=0.441 max=0.714 | TP=17 FP=8 FN=4 TN=13
[lp | fold 4 | epoch 011] train=0.4101 val=0.4078 auc=0.7211 thr=0.572
  [Metrics] AUC:0.721 F1:0.739 SENS:0.810 SPEC:0.619 | COMPOSITE:0.7412
    [Prob] min=0.451 max=0.691 | TP=17 FP=7 FN=4 TN=14
[lp | fold 4 | epoch 012] train=0.4303 val=0.4108 auc=0.7143 thr=0.575
  [Metrics] AUC:0.714 F1:0.756 SENS:0.810 SPEC:0.667 | COMPOSITE:0.7508
    [Prob] min=0.414 max=0.698 | TP=17 FP=7 FN=4 TN=14
[lp | fold 4 | epoch 013] train=0.4051 val=0.4102 auc=0.7120 thr=0.561
  [Metrics] AUC:0.712 F1:0.756 SENS:0.810 SPEC:0.667 | COMPOSITE:0.7502
    [Prob] min=0.375 max=0.649 | TP=17 FP=8 FN=4 TN=13
[lp | fold 4 | epoch 014] train=0.3996 val=0.4178 auc=0.7143 thr=0.509
  [Metrics] AUC:0.714 F1:0.739 SENS:0.810 SPEC:0.619 | COMPOSITE:0.7395
    [Prob] min=0.456 max=0.760 | TP=17 FP=11 FN=4 TN=10
[lp | fold 4 | epoch 015] train=0.4039 val=0.4269 auc=0.7166 thr=0.617
  [Metrics] AUC:0.717 F1:0.694 SENS:0.810 SPEC:0.476 | COMPOSITE:0.7074
    [Prob] min=0.326 max=0.644 | TP=17 FP=8 FN=4 TN=13
[lp | fold 4 | epoch 016] train=0.4326 val=0.4192 auc=0.7120 thr=0.500
  [Metrics] AUC:0.712 F1:0.739 SENS:0.810 SPEC:0.619 | COMPOSITE:0.7390
    [Prob] min=0.475 max=0.655 | TP=17 FP=12 FN=4 TN=9
[lp | fold 4 | epoch 017] train=0.4117 val=0.4174 auc=0.7234 thr=0.593
  [Metrics] AUC:0.723 F1:0.680 SENS:0.810 SPEC:0.429 | COMPOSITE:0.6985
    [Prob] min=0.241 max=0.620 | TP=17 FP=9 FN=4 TN=12
[lp | fold 4 | epoch 018] train=0.3927 val=0.4319 auc=0.6984 thr=0.491
  [Metrics] AUC:0.698 F1:0.723 SENS:0.810 SPEC:0.571 | COMPOSITE:0.7245
    [Prob] min=0.410 max=0.691 | TP=17 FP=9 FN=4 TN=12
[lp | fold 4 | epoch 019] train=0.4287 val=0.4123 auc=0.7302 thr=0.608
  [Metrics] AUC:0.730 F1:0.723 SENS:0.810 SPEC:0.571 | COMPOSITE:0.7324
    [Prob] min=0.391 max=0.692 | TP=18 FP=12 FN=3 TN=9
[lp | fold 4 | epoch 020] train=0.3912 val=0.4062 auc=0.7052 thr=0.549
  [Metrics] AUC:0.705 F1:0.706 SENS:0.857 SPEC:0.429 | COMPOSITE:0.7171
    [Prob] min=0.538 max=0.777 | TP=17 FP=11 FN=4 TN=10
[lp | fold 4 | epoch 021] train=0.4227 val=0.4705 auc=0.7234 thr=0.705
  [Metrics] AUC:0.723 F1:0.694 SENS:0.810 SPEC:0.476 | COMPOSITE:0.7091
    [Prob] min=0.299 max=0.659 | TP=18 FP=12 FN=3 TN=9
[lp | fold 4 | epoch 022] train=0.4090 val=0.4211 auc=0.6803 thr=0.489
  [Metrics] AUC:0.680 F1:0.706 SENS:0.857 SPEC:0.429 | COMPOSITE:0.7108
    [Prob] min=0.373 max=0.649 | TP=17 FP=11 FN=4 TN=10
[lp | fold 4 | epoch 023] train=0.4309 val=0.4093 auc=0.7029 thr=0.531
  [Metrics] AUC:0.703 F1:0.694 SENS:0.810 SPEC:0.476 | COMPOSITE:0.7040
    [Prob] min=0.308 max=0.627 | TP=17 FP=10 FN=4 TN=11
[lp | fold 4 | epoch 024] train=0.4007 val=0.4190 auc=0.7098 thr=0.503
  [Metrics] AUC:0.710 F1:0.708 SENS:0.810 SPEC:0.524 | COMPOSITE:0.7164
    [Prob] min=0.351 max=0.721 | TP=18 FP=12 FN=3 TN=9
[lp | fold 4 | epoch 025] train=0.4056 val=0.4071 auc=0.6871 thr=0.554
  [Metrics] AUC:0.687 F1:0.706 SENS:0.857 SPEC:0.429 | COMPOSITE:0.7125
    [Prob] min=0.535 max=0.732 | TP=17 FP=12 FN=4 TN=9
[lp | fold 4 | epoch 026] train=0.4068 val=0.4431 auc=0.6667 thr=0.669
  [Metrics] AUC:0.667 F1:0.680 SENS:0.810 SPEC:0.429 | COMPOSITE:0.6843
    [Prob] min=0.316 max=0.623 | TP=17 FP=8 FN=4 TN=13
[lp | fold 4 | epoch 027] train=0.4358 val=0.4078 auc=0.7120 thr=0.553
  [Metrics] AUC:0.712 F1:0.739 SENS:0.810 SPEC:0.619 | COMPOSITE:0.7390
    [Prob] min=0.252 max=0.654 | TP=17 FP=8 FN=4 TN=13
[lp | fold 4 | epoch 028] train=0.3959 val=0.4066 auc=0.6961 thr=0.561
  [Metrics] AUC:0.696 F1:0.739 SENS:0.810 SPEC:0.619 | COMPOSITE:0.7350
    [Prob] min=0.313 max=0.726 | TP=18 FP=12 FN=3 TN=9
[lp | fold 4 | epoch 029] train=0.3767 val=0.4038 auc=0.7256 thr=0.596
  [Metrics] AUC:0.726 F1:0.706 SENS:0.857 SPEC:0.429 | COMPOSITE:0.7222
    [Prob] min=0.253 max=0.732 | TP=17 FP=11 FN=4 TN=10
[lp | fold 4 | epoch 030] train=0.3991 val=0.4103 auc=0.6508 thr=0.520
  [Metrics] AUC:0.651 F1:0.694 SENS:0.810 SPEC:0.476 | COMPOSITE:0.6909
    [Prob] min=0.245 max=0.682 | TP=17 FP=9 FN=4 TN=12
[lp | fold 4 | epoch 031] train=0.3981 val=0.4018 auc=0.7256 thr=0.569
  [Metrics] AUC:0.726 F1:0.723 SENS:0.810 SPEC:0.571 | COMPOSITE:0.7313
    [Prob] min=0.323 max=0.715 | TP=18 FP=12 FN=3 TN=9
[lp | fold 4 | epoch 032] train=0.3965 val=0.4069 auc=0.7324 thr=0.599
  [Metrics] AUC:0.732 F1:0.706 SENS:0.857 SPEC:0.429 | COMPOSITE:0.7239
    [Prob] min=0.206 max=0.612 | TP=17 FP=8 FN=4 TN=13
[lp | fold 4 | epoch 033] train=0.3930 val=0.4317 auc=0.7143 thr=0.486
  [Metrics] AUC:0.714 F1:0.739 SENS:0.810 SPEC:0.619 | COMPOSITE:0.7395
    [Prob] min=0.321 max=0.715 | TP=17 FP=11 FN=4 TN=10
[lp | fold 4 | epoch 034] train=0.4116 val=0.4049 auc=0.7324 thr=0.602
  [Metrics] AUC:0.732 F1:0.694 SENS:0.810 SPEC:0.476 | COMPOSITE:0.7113
    [Prob] min=0.201 max=0.691 | TP=18 FP=12 FN=3 TN=9
[lp | fold 4 | epoch 035] train=0.4015 val=0.4156 auc=0.6825 thr=0.489
  [Metrics] AUC:0.683 F1:0.706 SENS:0.857 SPEC:0.429 | COMPOSITE:0.7114
    [Prob] min=0.338 max=0.735 | TP=18 FP=12 FN=3 TN=9
[lp | fold 4 | epoch 036] train=0.4077 val=0.4097 auc=0.6916 thr=0.600
  [Metrics] AUC:0.692 F1:0.706 SENS:0.857 SPEC:0.429 | COMPOSITE:0.7137
    [Prob] min=0.164 max=0.707 | TP=18 FP=12 FN=3 TN=9
[lp | fold 4 | epoch 037] train=0.3824 val=0.4123 auc=0.6984 thr=0.509
  [Metrics] AUC:0.698 F1:0.706 SENS:0.857 SPEC:0.429 | COMPOSITE:0.7154
    [Prob] min=0.168 max=0.785 | TP=17 FP=11 FN=4 TN=10
[lp | fold 4 | epoch 038] train=0.3593 val=0.4187 auc=0.7211 thr=0.631
  [Metrics] AUC:0.721 F1:0.694 SENS:0.810 SPEC:0.476 | COMPOSITE:0.7085
    [Prob] min=0.158 max=0.763 | TP=17 FP=12 FN=4 TN=9
[lp | fold 4 | epoch 039] train=0.4003 val=0.4131 auc=0.6825 thr=0.589
  [Metrics] AUC:0.683 F1:0.680 SENS:0.810 SPEC:0.429 | COMPOSITE:0.6883
    [Prob] min=0.138 max=0.743 | TP=17 FP=12 FN=4 TN=9
[lp | fold 4 | epoch 040] train=0.3697 val=0.4138 auc=0.6984 thr=0.564
  [Metrics] AUC:0.698 F1:0.680 SENS:0.810 SPEC:0.429 | COMPOSITE:0.6922
    [Prob] min=0.257 max=0.748 | TP=18 FP=12 FN=3 TN=9
[lp | fold 4 | epoch 041] train=0.3887 val=0.4144 auc=0.6168 thr=0.521
  [Metrics] AUC:0.617 F1:0.706 SENS:0.857 SPEC:0.429 | COMPOSITE:0.6950
    [Prob] min=0.276 max=0.744 | TP=18 FP=12 FN=3 TN=9
[lp | fold 4 | epoch 042] train=0.3945 val=0.4075 auc=0.6531 thr=0.556
  [Metrics] AUC:0.653 F1:0.706 SENS:0.857 SPEC:0.429 | COMPOSITE:0.7040
    [Prob] min=0.232 max=0.757 | TP=18 FP=13 FN=3 TN=8
[lp | fold 4 | epoch 043] train=0.3721 val=0.4060 auc=0.7120 thr=0.578
  [Metrics] AUC:0.712 F1:0.692 SENS:0.857 SPEC:0.381 | COMPOSITE:0.7082
    [Prob] min=0.192 max=0.716 | TP=18 FP=13 FN=3 TN=8
[lp | fold 4 | epoch 044] train=0.3903 val=0.4088 auc=0.7007 thr=0.494
  [Metrics] AUC:0.701 F1:0.692 SENS:0.857 SPEC:0.381 | COMPOSITE:0.7054
    [Prob] min=0.247 max=0.752 | TP=19 FP=13 FN=2 TN=8
[lp | fold 4 | epoch 045] train=0.3916 val=0.3966 auc=0.6939 thr=0.564
  [Metrics] AUC:0.694 F1:0.717 SENS:0.905 SPEC:0.381 | COMPOSITE:0.7265
    [Prob] min=0.192 max=0.656 | TP=18 FP=13 FN=3 TN=8
[lp | fold 4 | epoch 046] train=0.4746 val=0.4277 auc=0.6893 thr=0.463
  [Metrics] AUC:0.689 F1:0.692 SENS:0.857 SPEC:0.381 | COMPOSITE:0.7026
    [Prob] min=0.358 max=0.717 | TP=17 FP=11 FN=4 TN=10
[lp | fold 4 | epoch 047] train=0.4030 val=0.4071 auc=0.7302 thr=0.626
  [Metrics] AUC:0.730 F1:0.694 SENS:0.810 SPEC:0.476 | COMPOSITE:0.7108
    [Prob] min=0.229 max=0.695 | TP=18 FP=13 FN=3 TN=8
[lp | fold 4 | epoch 048] train=0.3882 val=0.4011 auc=0.7143 thr=0.523
  [Metrics] AUC:0.714 F1:0.692 SENS:0.857 SPEC:0.381 | COMPOSITE:0.7088
    [Prob] min=0.282 max=0.719 | TP=18 FP=12 FN=3 TN=9
[lp | fold 4 | epoch 049] train=0.3853 val=0.3957 auc=0.7098 thr=0.566
  [Metrics] AUC:0.710 F1:0.706 SENS:0.857 SPEC:0.429 | COMPOSITE:0.7182
    [Prob] min=0.296 max=0.739 | TP=17 FP=11 FN=4 TN=10
[lp | fold 4 | epoch 050] train=0.3849 val=0.3959 auc=0.6735 thr=0.564
  [Metrics] AUC:0.673 F1:0.694 SENS:0.810 SPEC:0.476 | COMPOSITE:0.6966
  Early stopping @ epoch 50 | best_score=0.7794
  SWA finalize ediliyor...
  SWA composite: 0.6966 | Best regular: 0.7794

=================================================================
  SwinLP Fold 4  |  Threshold: Youden 0.468
=================================================================
  Metrik                Değer                   95% CI
  -------------------------------------------------------
  AUC-ROC               0.732          [0.567 - 0.885]
  AUC-PR                0.691                        -
  Sensitivity           0.905          [0.762 - 1.000]
  Specificity           0.571          [0.350 - 0.778]
  PPV                   0.679          [0.500 - 0.840]
  NPV                   0.857          [0.643 - 1.000]
  Accuracy              0.738          [0.595 - 0.881]
  F1-Score              0.776          [0.636 - 0.889]
  Composite             0.779                        -

  CM: TP=19 FP=9 FN=2 TN=12
  Toplam Hata: 11/42
=================================================================

======================================================================
FOLD 5/5
======================================================================
  [Fold 5] class_counts=[85 79] | backbone dondurulmuş (~50K param)
  Pretrained: 126 katman yüklendi, 33 atlandı.
  Eğitilebilir: 74,402 / 62,261,698 param (0.1%)
    [Prob] min=0.525 max=0.578 | TP=16 FP=19 FN=4 TN=2
[lp | fold 5 | epoch 001] train=0.4521 val=0.4478 auc=0.2643 thr=0.542
  [Metrics] AUC:0.264 F1:0.582 SENS:0.800 SPEC:0.095 | COMPOSITE:0.5058
    ☆ SAVED FALLBACK (SENS=0.800 SPEC=0.095 | comp=0.5058)
    [Prob] min=0.463 max=0.573 | TP=16 FP=3 FN=4 TN=18
[lp | fold 5 | epoch 002] train=0.4449 val=0.4112 auc=0.8619 thr=0.539
  [Metrics] AUC:0.862 F1:0.821 SENS:0.800 SPEC:0.857 | COMPOSITE:0.8292
    ★ SAVED DUAL-PASS (SENS=0.800≥0.8 SPEC=0.857≥0.5 | F1=0.821 | comp=0.8292)
    [Prob] min=0.523 max=0.699 | TP=17 FP=3 FN=3 TN=18
[lp | fold 5 | epoch 003] train=0.4185 val=0.3916 auc=0.8643 thr=0.617
  [Metrics] AUC:0.864 F1:0.850 SENS:0.850 SPEC:0.857 | COMPOSITE:0.8546
    ★ SAVED DUAL-PASS (SENS=0.850≥0.8 SPEC=0.857≥0.5 | F1=0.850 | comp=0.8546)
    [Prob] min=0.435 max=0.628 | TP=17 FP=4 FN=3 TN=17
[lp | fold 5 | epoch 004] train=0.4479 val=0.3833 auc=0.8643 thr=0.542
  [Metrics] AUC:0.864 F1:0.829 SENS:0.850 SPEC:0.810 | COMPOSITE:0.8423
    [Prob] min=0.413 max=0.737 | TP=17 FP=3 FN=3 TN=18
[lp | fold 5 | epoch 005] train=0.4057 val=0.3752 auc=0.8524 thr=0.634
  [Metrics] AUC:0.852 F1:0.850 SENS:0.850 SPEC:0.857 | COMPOSITE:0.8517
    [Prob] min=0.418 max=0.660 | TP=17 FP=3 FN=3 TN=18
[lp | fold 5 | epoch 006] train=0.4398 val=0.3821 auc=0.8714 thr=0.588
  [Metrics] AUC:0.871 F1:0.850 SENS:0.850 SPEC:0.857 | COMPOSITE:0.8564
    ★ SAVED DUAL-PASS (SENS=0.850≥0.8 SPEC=0.857≥0.5 | F1=0.850 | comp=0.8564)
    [Prob] min=0.451 max=0.677 | TP=17 FP=3 FN=3 TN=18
[lp | fold 5 | epoch 007] train=0.4210 val=0.3772 auc=0.8643 thr=0.591
  [Metrics] AUC:0.864 F1:0.850 SENS:0.850 SPEC:0.857 | COMPOSITE:0.8546
    [Prob] min=0.444 max=0.634 | TP=17 FP=3 FN=3 TN=18
[lp | fold 5 | epoch 008] train=0.4398 val=0.3899 auc=0.8595 thr=0.571
  [Metrics] AUC:0.860 F1:0.850 SENS:0.850 SPEC:0.857 | COMPOSITE:0.8535
    [Prob] min=0.405 max=0.588 | TP=17 FP=3 FN=3 TN=18
[lp | fold 5 | epoch 009] train=0.4404 val=0.3987 auc=0.8643 thr=0.523
  [Metrics] AUC:0.864 F1:0.850 SENS:0.850 SPEC:0.857 | COMPOSITE:0.8546
    [Prob] min=0.524 max=0.704 | TP=17 FP=2 FN=3 TN=19
[lp | fold 5 | epoch 010] train=0.4252 val=0.3985 auc=0.8690 thr=0.644
  [Metrics] AUC:0.869 F1:0.872 SENS:0.850 SPEC:0.905 | COMPOSITE:0.8684
    ★ SAVED DUAL-PASS (SENS=0.850≥0.8 SPEC=0.905≥0.5 | F1=0.872 | comp=0.8684)
    [Prob] min=0.357 max=0.647 | TP=17 FP=5 FN=3 TN=16
[lp | fold 5 | epoch 011] train=0.4227 val=0.3836 auc=0.8500 thr=0.533
  [Metrics] AUC:0.850 F1:0.810 SENS:0.850 SPEC:0.762 | COMPOSITE:0.8267
    [Prob] min=0.345 max=0.682 | TP=17 FP=2 FN=3 TN=19
[lp | fold 5 | epoch 012] train=0.4051 val=0.3572 auc=0.8738 thr=0.579
  [Metrics] AUC:0.874 F1:0.872 SENS:0.850 SPEC:0.905 | COMPOSITE:0.8696
    ★ SAVED DUAL-PASS (SENS=0.850≥0.8 SPEC=0.905≥0.5 | F1=0.872 | comp=0.8696)
    [Prob] min=0.278 max=0.615 | TP=17 FP=3 FN=3 TN=18
[lp | fold 5 | epoch 013] train=0.4138 val=0.3773 auc=0.8690 thr=0.511
  [Metrics] AUC:0.869 F1:0.850 SENS:0.850 SPEC:0.857 | COMPOSITE:0.8558
    [Prob] min=0.456 max=0.720 | TP=17 FP=3 FN=3 TN=18
[lp | fold 5 | epoch 014] train=0.4177 val=0.3896 auc=0.8690 thr=0.655
  [Metrics] AUC:0.869 F1:0.850 SENS:0.850 SPEC:0.857 | COMPOSITE:0.8558
    [Prob] min=0.438 max=0.702 | TP=17 FP=2 FN=3 TN=19
[lp | fold 5 | epoch 015] train=0.4252 val=0.3818 auc=0.8786 thr=0.634
  [Metrics] AUC:0.879 F1:0.872 SENS:0.850 SPEC:0.905 | COMPOSITE:0.8708
    ★ SAVED DUAL-PASS (SENS=0.850≥0.8 SPEC=0.905≥0.5 | F1=0.872 | comp=0.8708)
    [Prob] min=0.455 max=0.666 | TP=17 FP=2 FN=3 TN=19
[lp | fold 5 | epoch 016] train=0.4245 val=0.3922 auc=0.8714 thr=0.610
  [Metrics] AUC:0.871 F1:0.872 SENS:0.850 SPEC:0.905 | COMPOSITE:0.8690
    [Prob] min=0.400 max=0.602 | TP=16 FP=3 FN=4 TN=18
[lp | fold 5 | epoch 017] train=0.4317 val=0.3980 auc=0.8714 thr=0.533
  [Metrics] AUC:0.871 F1:0.821 SENS:0.800 SPEC:0.857 | COMPOSITE:0.8316
    [Prob] min=0.463 max=0.680 | TP=17 FP=4 FN=3 TN=17
[lp | fold 5 | epoch 018] train=0.4311 val=0.3824 auc=0.8571 thr=0.576
  [Metrics] AUC:0.857 F1:0.829 SENS:0.850 SPEC:0.810 | COMPOSITE:0.8405
    [Prob] min=0.350 max=0.709 | TP=17 FP=4 FN=3 TN=17
[lp | fold 5 | epoch 019] train=0.4051 val=0.3511 auc=0.8667 thr=0.562
  [Metrics] AUC:0.867 F1:0.829 SENS:0.850 SPEC:0.810 | COMPOSITE:0.8429
    [Prob] min=0.350 max=0.693 | TP=17 FP=2 FN=3 TN=19
[lp | fold 5 | epoch 020] train=0.4167 val=0.3627 auc=0.8714 thr=0.609
  [Metrics] AUC:0.871 F1:0.872 SENS:0.850 SPEC:0.905 | COMPOSITE:0.8690
    [Prob] min=0.419 max=0.745 | TP=17 FP=3 FN=3 TN=18
[lp | fold 5 | epoch 021] train=0.4098 val=0.3922 auc=0.8643 thr=0.670
  [Metrics] AUC:0.864 F1:0.850 SENS:0.850 SPEC:0.857 | COMPOSITE:0.8546
    [Prob] min=0.334 max=0.671 | TP=17 FP=3 FN=3 TN=18
[lp | fold 5 | epoch 022] train=0.4272 val=0.3680 auc=0.8643 thr=0.582
  [Metrics] AUC:0.864 F1:0.850 SENS:0.850 SPEC:0.857 | COMPOSITE:0.8546
    [Prob] min=0.374 max=0.710 | TP=17 FP=3 FN=3 TN=18
[lp | fold 5 | epoch 023] train=0.4135 val=0.3660 auc=0.8762 thr=0.613
  [Metrics] AUC:0.876 F1:0.850 SENS:0.850 SPEC:0.857 | COMPOSITE:0.8576
    [Prob] min=0.269 max=0.596 | TP=17 FP=3 FN=3 TN=18
[lp | fold 5 | epoch 024] train=0.4172 val=0.3910 auc=0.8762 thr=0.481
  [Metrics] AUC:0.876 F1:0.850 SENS:0.850 SPEC:0.857 | COMPOSITE:0.8576
    [Prob] min=0.490 max=0.736 | TP=16 FP=2 FN=4 TN=19
[lp | fold 5 | epoch 025] train=0.4262 val=0.3940 auc=0.8714 thr=0.668
  [Metrics] AUC:0.871 F1:0.842 SENS:0.800 SPEC:0.905 | COMPOSITE:0.8441
    [Prob] min=0.469 max=0.653 | TP=16 FP=2 FN=4 TN=19
[lp | fold 5 | epoch 026] train=0.4573 val=0.3939 auc=0.8714 thr=0.599
  [Metrics] AUC:0.871 F1:0.842 SENS:0.800 SPEC:0.905 | COMPOSITE:0.8441
    [Prob] min=0.401 max=0.669 | TP=16 FP=2 FN=4 TN=19
[lp | fold 5 | epoch 027] train=0.4082 val=0.3759 auc=0.8738 thr=0.591
  [Metrics] AUC:0.874 F1:0.842 SENS:0.800 SPEC:0.905 | COMPOSITE:0.8447
    [Prob] min=0.368 max=0.673 | TP=17 FP=3 FN=3 TN=18
[lp | fold 5 | epoch 028] train=0.4098 val=0.3715 auc=0.8690 thr=0.583
  [Metrics] AUC:0.869 F1:0.850 SENS:0.850 SPEC:0.857 | COMPOSITE:0.8558
    [Prob] min=0.297 max=0.688 | TP=17 FP=3 FN=3 TN=18
[lp | fold 5 | epoch 029] train=0.4062 val=0.3569 auc=0.8690 thr=0.567
  [Metrics] AUC:0.869 F1:0.850 SENS:0.850 SPEC:0.857 | COMPOSITE:0.8558
    [Prob] min=0.325 max=0.707 | TP=17 FP=3 FN=3 TN=18
[lp | fold 5 | epoch 030] train=0.4139 val=0.3650 auc=0.8595 thr=0.592
  [Metrics] AUC:0.860 F1:0.850 SENS:0.850 SPEC:0.857 | COMPOSITE:0.8535
    [Prob] min=0.338 max=0.685 | TP=17 FP=3 FN=3 TN=18
[lp | fold 5 | epoch 031] train=0.4042 val=0.3731 auc=0.8595 thr=0.579
  [Metrics] AUC:0.860 F1:0.850 SENS:0.850 SPEC:0.857 | COMPOSITE:0.8535
    [Prob] min=0.334 max=0.625 | TP=17 FP=3 FN=3 TN=18
[lp | fold 5 | epoch 032] train=0.4108 val=0.3875 auc=0.8571 thr=0.524
  [Metrics] AUC:0.857 F1:0.850 SENS:0.850 SPEC:0.857 | COMPOSITE:0.8529
    [Prob] min=0.315 max=0.717 | TP=18 FP=4 FN=2 TN=17
[lp | fold 5 | epoch 033] train=0.3979 val=0.3565 auc=0.8667 thr=0.544
  [Metrics] AUC:0.867 F1:0.857 SENS:0.900 SPEC:0.810 | COMPOSITE:0.8674
    [Prob] min=0.313 max=0.762 | TP=18 FP=4 FN=2 TN=17
[lp | fold 5 | epoch 034] train=0.4167 val=0.3534 auc=0.8690 thr=0.571
  [Metrics] AUC:0.869 F1:0.857 SENS:0.900 SPEC:0.810 | COMPOSITE:0.8680
    [Prob] min=0.327 max=0.674 | TP=18 FP=5 FN=2 TN=16
[lp | fold 5 | epoch 035] train=0.4174 val=0.3767 auc=0.8571 thr=0.540
  [Metrics] AUC:0.857 F1:0.837 SENS:0.900 SPEC:0.762 | COMPOSITE:0.8529
    [Prob] min=0.356 max=0.664 | TP=18 FP=5 FN=2 TN=16
[lp | fold 5 | epoch 036] train=0.3989 val=0.3857 auc=0.8429 thr=0.554
  [Metrics] AUC:0.843 F1:0.837 SENS:0.900 SPEC:0.762 | COMPOSITE:0.8493
    [Prob] min=0.296 max=0.684 | TP=17 FP=3 FN=3 TN=18
[lp | fold 5 | epoch 037] train=0.4044 val=0.3711 auc=0.8619 thr=0.549
  [Metrics] AUC:0.862 F1:0.850 SENS:0.850 SPEC:0.857 | COMPOSITE:0.8540
    [Prob] min=0.274 max=0.759 | TP=17 FP=3 FN=3 TN=18
[lp | fold 5 | epoch 038] train=0.3726 val=0.3666 auc=0.8595 thr=0.605
  [Metrics] AUC:0.860 F1:0.850 SENS:0.850 SPEC:0.857 | COMPOSITE:0.8535
    [Prob] min=0.285 max=0.687 | TP=17 FP=3 FN=3 TN=18
[lp | fold 5 | epoch 039] train=0.4169 val=0.3724 auc=0.8595 thr=0.566
  [Metrics] AUC:0.860 F1:0.850 SENS:0.850 SPEC:0.857 | COMPOSITE:0.8535
    [Prob] min=0.297 max=0.657 | TP=18 FP=3 FN=2 TN=18
[lp | fold 5 | epoch 040] train=0.3979 val=0.3726 auc=0.8738 thr=0.540
  [Metrics] AUC:0.874 F1:0.878 SENS:0.900 SPEC:0.857 | COMPOSITE:0.8815
    ★ SAVED DUAL-PASS (SENS=0.900≥0.8 SPEC=0.857≥0.5 | F1=0.878 | comp=0.8815)
    [Prob] min=0.331 max=0.718 | TP=17 FP=4 FN=3 TN=17
[lp | fold 5 | epoch 041] train=0.3989 val=0.3688 auc=0.8690 thr=0.587
  [Metrics] AUC:0.869 F1:0.829 SENS:0.850 SPEC:0.810 | COMPOSITE:0.8435
    [Prob] min=0.193 max=0.633 | TP=17 FP=4 FN=3 TN=17
[lp | fold 5 | epoch 042] train=0.4008 val=0.3932 auc=0.8405 thr=0.478
  [Metrics] AUC:0.840 F1:0.829 SENS:0.850 SPEC:0.810 | COMPOSITE:0.8364
    [Prob] min=0.350 max=0.856 | TP=18 FP=4 FN=2 TN=17
[lp | fold 5 | epoch 043] train=0.3933 val=0.4137 auc=0.8690 thr=0.681
  [Metrics] AUC:0.869 F1:0.857 SENS:0.900 SPEC:0.810 | COMPOSITE:0.8680
    [Prob] min=0.252 max=0.584 | TP=17 FP=7 FN=3 TN=14
[lp | fold 5 | epoch 044] train=0.4271 val=0.4063 auc=0.7929 thr=0.487
  [Metrics] AUC:0.793 F1:0.773 SENS:0.850 SPEC:0.667 | COMPOSITE:0.7889
    [Prob] min=0.325 max=0.687 | TP=18 FP=4 FN=2 TN=17
[lp | fold 5 | epoch 045] train=0.3987 val=0.3787 auc=0.8643 thr=0.570
  [Metrics] AUC:0.864 F1:0.857 SENS:0.900 SPEC:0.810 | COMPOSITE:0.8668
    [Prob] min=0.210 max=0.708 | TP=17 FP=3 FN=3 TN=18
[lp | fold 5 | epoch 046] train=0.4031 val=0.3572 auc=0.8667 thr=0.563
  [Metrics] AUC:0.867 F1:0.850 SENS:0.850 SPEC:0.857 | COMPOSITE:0.8552
    [Prob] min=0.201 max=0.765 | TP=18 FP=4 FN=2 TN=17
[lp | fold 5 | epoch 047] train=0.3880 val=0.3469 auc=0.8714 thr=0.563
  [Metrics] AUC:0.871 F1:0.857 SENS:0.900 SPEC:0.810 | COMPOSITE:0.8686
    [Prob] min=0.168 max=0.761 | TP=18 FP=4 FN=2 TN=17
[lp | fold 5 | epoch 048] train=0.3877 val=0.3474 auc=0.8619 thr=0.574
  [Metrics] AUC:0.862 F1:0.857 SENS:0.900 SPEC:0.810 | COMPOSITE:0.8662
    [Prob] min=0.284 max=0.735 | TP=17 FP=4 FN=3 TN=17
[lp | fold 5 | epoch 049] train=0.4140 val=0.3681 auc=0.8548 thr=0.610
  [Metrics] AUC:0.855 F1:0.829 SENS:0.850 SPEC:0.810 | COMPOSITE:0.8399
    [Prob] min=0.291 max=0.652 | TP=18 FP=5 FN=2 TN=16
[lp | fold 5 | epoch 050] train=0.4134 val=0.3860 auc=0.8405 thr=0.534
  [Metrics] AUC:0.840 F1:0.837 SENS:0.900 SPEC:0.762 | COMPOSITE:0.8487
    [Prob] min=0.323 max=0.699 | TP=18 FP=5 FN=2 TN=16
[lp | fold 5 | epoch 051] train=0.4022 val=0.3820 auc=0.8405 thr=0.564
  [Metrics] AUC:0.840 F1:0.837 SENS:0.900 SPEC:0.762 | COMPOSITE:0.8487
    [Prob] min=0.326 max=0.723 | TP=18 FP=5 FN=2 TN=16
[lp | fold 5 | epoch 052] train=0.4003 val=0.3775 auc=0.8571 thr=0.574
  [Metrics] AUC:0.857 F1:0.837 SENS:0.900 SPEC:0.762 | COMPOSITE:0.8529
    [Prob] min=0.222 max=0.732 | TP=17 FP=4 FN=3 TN=17
[lp | fold 5 | epoch 053] train=0.3822 val=0.3610 auc=0.8667 thr=0.534
  [Metrics] AUC:0.867 F1:0.829 SENS:0.850 SPEC:0.810 | COMPOSITE:0.8429
    [Prob] min=0.232 max=0.821 | TP=18 FP=4 FN=2 TN=17
[lp | fold 5 | epoch 054] train=0.3856 val=0.3557 auc=0.8786 thr=0.590
  [Metrics] AUC:0.879 F1:0.857 SENS:0.900 SPEC:0.810 | COMPOSITE:0.8704
    [Prob] min=0.180 max=0.758 | TP=18 FP=6 FN=2 TN=15
[lp | fold 5 | epoch 055] train=0.3993 val=0.3556 auc=0.8595 thr=0.524
  [Metrics] AUC:0.860 F1:0.818 SENS:0.900 SPEC:0.714 | COMPOSITE:0.8416
    [Prob] min=0.165 max=0.766 | TP=18 FP=6 FN=2 TN=15
[lp | fold 5 | epoch 056] train=0.3656 val=0.3537 auc=0.8619 thr=0.526
  [Metrics] AUC:0.862 F1:0.818 SENS:0.900 SPEC:0.714 | COMPOSITE:0.8422
    [Prob] min=0.185 max=0.795 | TP=18 FP=6 FN=2 TN=15
[lp | fold 5 | epoch 057] train=0.3685 val=0.3611 auc=0.8571 thr=0.576
  [Metrics] AUC:0.857 F1:0.818 SENS:0.900 SPEC:0.714 | COMPOSITE:0.8410
    [Prob] min=0.171 max=0.774 | TP=19 FP=8 FN=1 TN=13
[lp | fold 5 | epoch 058] train=0.3972 val=0.3590 auc=0.8500 thr=0.530
  [Metrics] AUC:0.850 F1:0.809 SENS:0.950 SPEC:0.619 | COMPOSITE:0.8400
    [Prob] min=0.180 max=0.773 | TP=18 FP=6 FN=2 TN=15
[lp | fold 5 | epoch 059] train=0.3834 val=0.3584 auc=0.8524 thr=0.549
  [Metrics] AUC:0.852 F1:0.818 SENS:0.900 SPEC:0.714 | COMPOSITE:0.8398
    [Prob] min=0.188 max=0.779 | TP=18 FP=6 FN=2 TN=15
[lp | fold 5 | epoch 060] train=0.3817 val=0.3583 auc=0.8524 thr=0.561
  [Metrics] AUC:0.852 F1:0.818 SENS:0.900 SPEC:0.714 | COMPOSITE:0.8398
    [Prob] min=0.184 max=0.768 | TP=18 FP=6 FN=2 TN=15
[lp | fold 5 | epoch 061] train=0.3991 val=0.3587 auc=0.8452 thr=0.549
  [Metrics] AUC:0.845 F1:0.818 SENS:0.900 SPEC:0.714 | COMPOSITE:0.8380
    [Prob] min=0.184 max=0.772 | TP=18 FP=6 FN=2 TN=15
[lp | fold 5 | epoch 062] train=0.3807 val=0.3574 auc=0.8500 thr=0.550
  [Metrics] AUC:0.850 F1:0.818 SENS:0.900 SPEC:0.714 | COMPOSITE:0.8392
    [Prob] min=0.185 max=0.774 | TP=18 FP=6 FN=2 TN=15
[lp | fold 5 | epoch 063] train=0.3797 val=0.3576 auc=0.8524 thr=0.556
  [Metrics] AUC:0.852 F1:0.818 SENS:0.900 SPEC:0.714 | COMPOSITE:0.8398
    [Prob] min=0.200 max=0.777 | TP=18 FP=6 FN=2 TN=15
[lp | fold 5 | epoch 064] train=0.4096 val=0.3604 auc=0.8500 thr=0.570
  [Metrics] AUC:0.850 F1:0.818 SENS:0.900 SPEC:0.714 | COMPOSITE:0.8392
    [Prob] min=0.211 max=0.772 | TP=18 FP=6 FN=2 TN=15
[lp | fold 5 | epoch 065] train=0.3932 val=0.3620 auc=0.8548 thr=0.572
  [Metrics] AUC:0.855 F1:0.818 SENS:0.900 SPEC:0.714 | COMPOSITE:0.8404
  Early stopping @ epoch 65 | best_score=0.8815
  SWA finalize ediliyor...
  SWA composite: 0.8398 | Best regular: 0.8815

=================================================================
  SwinLP Fold 5  |  Threshold: Youden 0.540
=================================================================
  Metrik                Değer                   95% CI
  -------------------------------------------------------
  AUC-ROC               0.874          [0.745 - 0.971]
  AUC-PR                0.876                        -
  Sensitivity           0.900          [0.750 - 1.000]
  Specificity           0.857          [0.687 - 1.000]
  PPV                   0.857          [0.696 - 1.000]
  NPV                   0.900          [0.750 - 1.000]
  Accuracy              0.878          [0.780 - 0.976]
  F1-Score              0.878          [0.757 - 0.970]
  Composite             0.882                        -

  CM: TP=18 FP=3 FN=2 TN=18
  Toplam Hata: 5/41
=================================================================

AGGREGATE OOF (5-Fold Cross-Validation):

=================================================================
  SwinUNETR LinearProbe OOF  |  Threshold: Youden 0.524
=================================================================
  Metrik                Değer                   95% CI
  -------------------------------------------------------
  AUC-ROC               0.684          [0.608 - 0.757]
  AUC-PR                0.604                        -
  Sensitivity           0.750          [0.663 - 0.833]
  Specificity           0.607          [0.515 - 0.700]
  PPV                   0.641          [0.551 - 0.731]
  NPV                   0.722          [0.633 - 0.812]
  Accuracy              0.676          [0.614 - 0.739]
  F1-Score              0.691          [0.616 - 0.759]
  Composite             0.697                        -

  CM: TP=75 FP=42 FN=25 TN=65
  Toplam Hata: 67/207
=================================================================

SwinUNETR-LinearProbe — Kalibrasyon: Brier=0.2070 | ECE=0.1106

SwinUNETR-LinearProbe — EXTERNAL TEST (ALL FOLDS + ENSEMBLE):
               fold  auc_roc  sensitivity  specificity  accuracy    f1   ppv   npv  tp  fp  fn  tn
             Fold 1    0.877        0.944        0.789     0.865 0.872 0.810 0.937  17   4   1  15
             Fold 2    0.836        0.944        0.632     0.784 0.810 0.708 0.923  17   7   1  12
             Fold 3    0.827        0.833        0.737     0.784 0.789 0.750 0.824  15   5   3  14
             Fold 4    0.860        0.944        0.789     0.865 0.872 0.810 0.937  17   4   1  15
             Fold 5    0.801        0.667        0.842     0.757 0.727 0.800 0.727  12   3   6  16
    Ensemble (@0.5)    0.863        1.000        0.368     0.676 0.750 0.600 1.000  18  12   0   7
 Ensemble (@Youden)    0.863        0.944        0.737     0.838 0.850 0.773 0.933  17   5   1  14
Ensemble (90+ Sens)    0.863        0.944        0.737     0.838 0.850 0.773 0.933  17   5   1  14

SwinUNETR-LinearProbe — ENSEMBLE @Youden (0.547) — %95 Bootstrap CI:

=================================================================
  SwinUNETR-LinearProbe  |  Threshold: Youden 0.547
=================================================================
  Metrik                Değer                   95% CI
  -------------------------------------------------------
  AUC-ROC               0.863          [0.725 - 0.967]
  AUC-PR                0.844                        -
  Sensitivity           0.944          [0.812 - 1.000]
  Specificity           0.737          [0.526 - 0.933]
  PPV                   0.773          [0.591 - 0.944]
  NPV                   0.933          [0.786 - 1.000]
  Accuracy              0.838          [0.703 - 0.946]
  F1-Score              0.850          [0.710 - 0.952]
  Composite             0.869                        -

  CM: TP=17 FP=5 FN=1 TN=14
  Toplam Hata: 6/37
=================================================================

SwinUNETR-LinearProbe — ENSEMBLE @90%+ Sensitivity (0.547) — %95 Bootstrap CI:

=================================================================
  SwinUNETR-LinearProbe  |  Threshold: 90+Sens 0.547
=================================================================
  Metrik                Değer                   95% CI
  -------------------------------------------------------
  AUC-ROC               0.863          [0.725 - 0.967]
  AUC-PR                0.844                        -
  Sensitivity           0.944          [0.812 - 1.000]
  Specificity           0.737          [0.526 - 0.933]
  PPV                   0.773          [0.591 - 0.944]
  NPV                   0.933          [0.786 - 1.000]
  Accuracy              0.838          [0.703 - 0.946]
  F1-Score              0.850          [0.710 - 0.952]
  Composite             0.869                        -

  CM: TP=17 FP=5 FN=1 TN=14
  Toplam Hata: 6/37
=================================================================
shared_utils.py yüklendi. [Q1 | Sensitivity-First | TTA | ClinicalFocalLoss]

======================================================================
SegFormer3D MAE Pretraining başlıyor (241 hasta, self-supervised)...
======================================================================
  MAE pretraining manifest: 204 benzersiz hasta
  [MAE pretrain | epoch 001] recon_loss=0.5001
  [MAE pretrain | epoch 010] recon_loss=0.1860
  [MAE pretrain | epoch 020] recon_loss=0.1226
  [MAE pretrain | epoch 030] recon_loss=0.1114
  [MAE pretrain | epoch 040] recon_loss=0.0953
  [MAE pretrain | epoch 050] recon_loss=0.0865
  [MAE pretrain | epoch 060] recon_loss=0.0858
  SegFormer3D MAE encoder kaydedildi: /home/zera/Downloads/Appendiks varyasyon3 DS-20260713T105239Z-2-001/Appendiks varyasyon3 DS/segformer/experiments_q1_final/segformer3d_mae/segformer3d_mae_encoder.pt
================================================================================
SegFormer3D-MSCA — External Test: 37 hasta
================================================================================

======================================================================
FOLD 1/5
======================================================================
  [Fold 1] class_counts: NEG=85, POS=79
  [Fold 1] MAE pretrained encoder yüklendi (204 katman).
[segformer3d | fold 1 | epoch 001] train=0.5143 val_loss=0.4667 auc=0.5405 thr=0.452
  [Metrics] AUC:0.540 F1:0.667 SENS:0.850 SPEC:0.333 | COMPOSITE:0.6493 EMA:-1.3507
[segformer3d | fold 1 | epoch 002] train=0.4975 val_loss=0.5283 auc=0.4976 thr=0.382
  [Metrics] AUC:0.498 F1:0.615 SENS:0.800 SPEC:0.238 | COMPOSITE:0.5940 EMA:-1.3673
[segformer3d | fold 1 | epoch 003] train=0.4985 val_loss=0.5003 auc=0.6095 thr=0.375
  [Metrics] AUC:0.610 F1:0.615 SENS:0.800 SPEC:0.238 | COMPOSITE:0.6219 EMA:-1.3705
    ☆ SAVED FALLBACK (SENS=0.800 SPEC=0.238 | comp=0.6219)
[segformer3d | fold 1 | epoch 004] train=0.5643 val_loss=0.4991 auc=0.5024 thr=0.421
  [Metrics] AUC:0.502 F1:0.627 SENS:0.800 SPEC:0.286 | COMPOSITE:0.6053 EMA:-1.3778
[segformer3d | fold 1 | epoch 005] train=0.4887 val_loss=0.4883 auc=0.4810 thr=0.422
  [Metrics] AUC:0.481 F1:0.679 SENS:0.900 SPEC:0.286 | COMPOSITE:0.6479 EMA:-1.3701
    ☆ SAVED FALLBACK (SENS=0.900 SPEC=0.286 | comp=0.6479)
[segformer3d | fold 1 | epoch 006] train=0.4670 val_loss=0.4876 auc=0.4524 thr=0.396
  [Metrics] AUC:0.452 F1:0.667 SENS:0.950 SPEC:0.143 | COMPOSITE:0.6337 EMA:-1.3689
    ☆ SAVED FALLBACK (SENS=0.950 SPEC=0.143 | comp=0.6337)
[segformer3d | fold 1 | epoch 007] train=0.4986 val_loss=0.4770 auc=0.4786 thr=0.441
  [Metrics] AUC:0.479 F1:0.604 SENS:0.800 SPEC:0.190 | COMPOSITE:0.5792 EMA:-1.3845
[segformer3d | fold 1 | epoch 008] train=0.4781 val_loss=0.4616 auc=0.5119 thr=0.447
  [Metrics] AUC:0.512 F1:0.627 SENS:0.800 SPEC:0.286 | COMPOSITE:0.6077 EMA:-1.3869
[segformer3d | fold 1 | epoch 009] train=0.4486 val_loss=0.4593 auc=0.4571 thr=0.456
  [Metrics] AUC:0.457 F1:0.640 SENS:0.800 SPEC:0.333 | COMPOSITE:0.6043 EMA:-1.3895
[segformer3d | fold 1 | epoch 010] train=0.4875 val_loss=0.4445 auc=0.5119 thr=0.475
  [Metrics] AUC:0.512 F1:0.642 SENS:0.850 SPEC:0.238 | COMPOSITE:0.6216 EMA:-1.3862
[segformer3d | fold 1 | epoch 011] train=0.4577 val_loss=0.4887 auc=0.4381 thr=0.424
  [Metrics] AUC:0.438 F1:0.630 SENS:0.850 SPEC:0.190 | COMPOSITE:0.5930 EMA:-1.3924
[segformer3d | fold 1 | epoch 012] train=0.4663 val_loss=0.4648 auc=0.4190 thr=0.445
  [Metrics] AUC:0.419 F1:0.571 SENS:0.800 SPEC:0.048 | COMPOSITE:0.5348 EMA:-1.4143
[segformer3d | fold 1 | epoch 013] train=0.4468 val_loss=0.4873 auc=0.4381 thr=0.443
  [Metrics] AUC:0.438 F1:0.593 SENS:0.800 SPEC:0.143 | COMPOSITE:0.5591 EMA:-1.4223
[segformer3d | fold 1 | epoch 014] train=0.4593 val_loss=0.4819 auc=0.4167 thr=0.450
  [Metrics] AUC:0.417 F1:0.607 SENS:0.850 SPEC:0.095 | COMPOSITE:0.5677 EMA:-1.4253
[segformer3d | fold 1 | epoch 015] train=0.4681 val_loss=0.4608 auc=0.4786 thr=0.449
  [Metrics] AUC:0.479 F1:0.607 SENS:0.850 SPEC:0.095 | COMPOSITE:0.5832 EMA:-1.4227
[segformer3d | fold 1 | epoch 016] train=0.4616 val_loss=0.4968 auc=0.4095 thr=0.389
  [Metrics] AUC:0.410 F1:0.632 SENS:0.900 SPEC:0.095 | COMPOSITE:0.5896 EMA:-1.4190
[segformer3d | fold 1 | epoch 017] train=0.4520 val_loss=0.4762 auc=0.4405 thr=0.430
  [Metrics] AUC:0.440 F1:0.655 SENS:0.950 SPEC:0.095 | COMPOSITE:0.6207 EMA:-1.4071
[segformer3d | fold 1 | epoch 018] train=0.5011 val_loss=0.4930 auc=0.3976 thr=0.405
  [Metrics] AUC:0.398 F1:0.667 SENS:0.950 SPEC:0.143 | COMPOSITE:0.6200 EMA:-1.3990
[segformer3d | fold 1 | epoch 019] train=0.4610 val_loss=0.5105 auc=0.3262 thr=0.421
  [Metrics] AUC:0.326 F1:0.607 SENS:0.850 SPEC:0.095 | COMPOSITE:0.5451 EMA:-1.4158
[segformer3d | fold 1 | epoch 020] train=0.4588 val_loss=0.4859 auc=0.3643 thr=0.469
  [Metrics] AUC:0.364 F1:0.582 SENS:0.800 SPEC:0.095 | COMPOSITE:0.5308 EMA:-1.4318
[segformer3d | fold 1 | epoch 021] train=0.4529 val_loss=0.4980 auc=0.4143 thr=0.447
  [Metrics] AUC:0.414 F1:0.593 SENS:0.800 SPEC:0.143 | COMPOSITE:0.5531 EMA:-1.4363
[segformer3d | fold 1 | epoch 022] train=0.4476 val_loss=0.4807 auc=0.4333 thr=0.430
  [Metrics] AUC:0.433 F1:0.593 SENS:0.800 SPEC:0.143 | COMPOSITE:0.5579 EMA:-1.4380
[segformer3d | fold 1 | epoch 023] train=0.4338 val_loss=0.4711 auc=0.4286 thr=0.450
  [Metrics] AUC:0.429 F1:0.618 SENS:0.850 SPEC:0.143 | COMPOSITE:0.5806 EMA:-1.4324
[segformer3d | fold 1 | epoch 024] train=0.4750 val_loss=0.4714 auc=0.3690 thr=0.472
  [Metrics] AUC:0.369 F1:0.593 SENS:0.800 SPEC:0.143 | COMPOSITE:0.5418 EMA:-1.4402
[segformer3d | fold 1 | epoch 025] train=0.4898 val_loss=0.4845 auc=0.3881 thr=0.457
  [Metrics] AUC:0.388 F1:0.604 SENS:0.800 SPEC:0.190 | COMPOSITE:0.5565 EMA:-1.4411
[segformer3d | fold 1 | epoch 026] train=0.4894 val_loss=0.4806 auc=0.3810 thr=0.469
  [Metrics] AUC:0.381 F1:0.593 SENS:0.800 SPEC:0.143 | COMPOSITE:0.5448 EMA:-1.4454
[segformer3d | fold 1 | epoch 027] train=0.4652 val_loss=0.4871 auc=0.4190 thr=0.434
  [Metrics] AUC:0.419 F1:0.593 SENS:0.800 SPEC:0.143 | COMPOSITE:0.5543 EMA:-1.4455
[segformer3d | fold 1 | epoch 028] train=0.4320 val_loss=0.5253 auc=0.3857 thr=0.383
  [Metrics] AUC:0.386 F1:0.607 SENS:0.850 SPEC:0.095 | COMPOSITE:0.5600 EMA:-1.4438
[segformer3d | fold 1 | epoch 029] train=0.4633 val_loss=0.4821 auc=0.3833 thr=0.450
  [Metrics] AUC:0.383 F1:0.618 SENS:0.850 SPEC:0.143 | COMPOSITE:0.5693 EMA:-1.4399
[segformer3d | fold 1 | epoch 030] train=0.4680 val_loss=0.4773 auc=0.4500 thr=0.451
  [Metrics] AUC:0.450 F1:0.582 SENS:0.800 SPEC:0.095 | COMPOSITE:0.5522 EMA:-1.4422
[segformer3d | fold 1 | epoch 031] train=0.4433 val_loss=0.4886 auc=0.4143 thr=0.457
  [Metrics] AUC:0.414 F1:0.582 SENS:0.800 SPEC:0.095 | COMPOSITE:0.5433 EMA:-1.4466
[segformer3d | fold 1 | epoch 032] train=0.4459 val_loss=0.4688 auc=0.4476 thr=0.480
  [Metrics] AUC:0.448 F1:0.607 SENS:0.850 SPEC:0.095 | COMPOSITE:0.5755 EMA:-1.4400
[segformer3d | fold 1 | epoch 033] train=0.4682 val_loss=0.4701 auc=0.4214 thr=0.474
  [Metrics] AUC:0.421 F1:0.632 SENS:0.900 SPEC:0.095 | COMPOSITE:0.5925 EMA:-1.4302
[segformer3d | fold 1 | epoch 034] train=0.4281 val_loss=0.4892 auc=0.4286 thr=0.433
  [Metrics] AUC:0.429 F1:0.618 SENS:0.850 SPEC:0.143 | COMPOSITE:0.5806 EMA:-1.4270
[segformer3d | fold 1 | epoch 035] train=0.4262 val_loss=0.4888 auc=0.3952 thr=0.476
  [Metrics] AUC:0.395 F1:0.593 SENS:0.800 SPEC:0.143 | COMPOSITE:0.5484 EMA:-1.4344
[segformer3d | fold 1 | epoch 036] train=0.4575 val_loss=0.4947 auc=0.3571 thr=0.368
  [Metrics] AUC:0.357 F1:0.656 SENS:1.000 SPEC:0.000 | COMPOSITE:0.6032 EMA:-1.4231
[segformer3d | fold 1 | epoch 037] train=0.4482 val_loss=0.4870 auc=0.4167 thr=0.438
  [Metrics] AUC:0.417 F1:0.632 SENS:0.900 SPEC:0.095 | COMPOSITE:0.5913 EMA:-1.4188
[segformer3d | fold 1 | epoch 038] train=0.4087 val_loss=0.4782 auc=0.4214 thr=0.454
  [Metrics] AUC:0.421 F1:0.607 SENS:0.850 SPEC:0.095 | COMPOSITE:0.5689 EMA:-1.4224
[segformer3d | fold 1 | epoch 039] train=0.4777 val_loss=0.4821 auc=0.4310 thr=0.460
  [Metrics] AUC:0.431 F1:0.607 SENS:0.850 SPEC:0.095 | COMPOSITE:0.5713 EMA:-1.4243
[segformer3d | fold 1 | epoch 040] train=0.4552 val_loss=0.4575 auc=0.4952 thr=0.485
  [Metrics] AUC:0.495 F1:0.571 SENS:0.800 SPEC:0.048 | COMPOSITE:0.5538 EMA:-1.4309
[segformer3d | fold 1 | epoch 041] train=0.4310 val_loss=0.4683 auc=0.4738 thr=0.468
  [Metrics] AUC:0.474 F1:0.655 SENS:0.900 SPEC:0.190 | COMPOSITE:0.6257 EMA:-1.4139
[segformer3d | fold 1 | epoch 042] train=0.4347 val_loss=0.4688 auc=0.4714 thr=0.482
  [Metrics] AUC:0.471 F1:0.604 SENS:0.800 SPEC:0.190 | COMPOSITE:0.5774 EMA:-1.4165
[segformer3d | fold 1 | epoch 043] train=0.4341 val_loss=0.4747 auc=0.4643 thr=0.470
  [Metrics] AUC:0.464 F1:0.627 SENS:0.800 SPEC:0.286 | COMPOSITE:0.5958 EMA:-1.4128
[segformer3d | fold 1 | epoch 044] train=0.4508 val_loss=0.4784 auc=0.4714 thr=0.468
  [Metrics] AUC:0.471 F1:0.615 SENS:0.800 SPEC:0.238 | COMPOSITE:0.5874 EMA:-1.4128
[segformer3d | fold 1 | epoch 045] train=0.4400 val_loss=0.4936 auc=0.4667 thr=0.431
  [Metrics] AUC:0.467 F1:0.630 SENS:0.850 SPEC:0.190 | COMPOSITE:0.6001 EMA:-1.4089
[segformer3d | fold 1 | epoch 046] train=0.4189 val_loss=0.4831 auc=0.4333 thr=0.446
  [Metrics] AUC:0.433 F1:0.655 SENS:0.900 SPEC:0.190 | COMPOSITE:0.6155 EMA:-1.4016
[segformer3d | fold 1 | epoch 047] train=0.4601 val_loss=0.4875 auc=0.4167 thr=0.452
  [Metrics] AUC:0.417 F1:0.593 SENS:0.800 SPEC:0.143 | COMPOSITE:0.5537 EMA:-1.4150
[segformer3d | fold 1 | epoch 048] train=0.4127 val_loss=0.4906 auc=0.4548 thr=0.453
  [Metrics] AUC:0.455 F1:0.630 SENS:0.850 SPEC:0.190 | COMPOSITE:0.5972 EMA:-1.4113
[segformer3d | fold 1 | epoch 049] train=0.4151 val_loss=0.4697 auc=0.4548 thr=0.456
  [Metrics] AUC:0.455 F1:0.593 SENS:0.800 SPEC:0.143 | COMPOSITE:0.5633 EMA:-1.4189
[segformer3d | fold 1 | epoch 050] train=0.4478 val_loss=0.4887 auc=0.4643 thr=0.453
  [Metrics] AUC:0.464 F1:0.642 SENS:0.850 SPEC:0.238 | COMPOSITE:0.6097 EMA:-1.4104
[segformer3d | fold 1 | epoch 051] train=0.4542 val_loss=0.4880 auc=0.4548 thr=0.470
  [Metrics] AUC:0.455 F1:0.630 SENS:0.850 SPEC:0.190 | COMPOSITE:0.5972 EMA:-1.4081
[segformer3d | fold 1 | epoch 052] train=0.4564 val_loss=0.4810 auc=0.4571 thr=0.469
  [Metrics] AUC:0.457 F1:0.604 SENS:0.800 SPEC:0.190 | COMPOSITE:0.5738 EMA:-1.4135
[segformer3d | fold 1 | epoch 053] train=0.4373 val_loss=0.4589 auc=0.5214 thr=0.466
  [Metrics] AUC:0.521 F1:0.640 SENS:0.800 SPEC:0.333 | COMPOSITE:0.6204 EMA:-1.4034
[segformer3d | fold 1 | epoch 054] train=0.4457 val_loss=0.4674 auc=0.4548 thr=0.467
  [Metrics] AUC:0.455 F1:0.615 SENS:0.800 SPEC:0.238 | COMPOSITE:0.5833 EMA:-1.4074
[segformer3d | fold 1 | epoch 055] train=0.4376 val_loss=0.4760 auc=0.4786 thr=0.431
  [Metrics] AUC:0.479 F1:0.630 SENS:0.850 SPEC:0.190 | COMPOSITE:0.6031 EMA:-1.4042
[segformer3d | fold 1 | epoch 056] train=0.4474 val_loss=0.4938 auc=0.4810 thr=0.424
  [Metrics] AUC:0.481 F1:0.627 SENS:0.800 SPEC:0.286 | COMPOSITE:0.6000 EMA:-1.4030
[segformer3d | fold 1 | epoch 057] train=0.4394 val_loss=0.4725 auc=0.4690 thr=0.488
  [Metrics] AUC:0.469 F1:0.615 SENS:0.800 SPEC:0.238 | COMPOSITE:0.5868 EMA:-1.4060
[segformer3d | fold 1 | epoch 058] train=0.4281 val_loss=0.4757 auc=0.4595 thr=0.468
  [Metrics] AUC:0.460 F1:0.615 SENS:0.800 SPEC:0.238 | COMPOSITE:0.5844 EMA:-1.4089
[segformer3d | fold 1 | epoch 059] train=0.4170 val_loss=0.4726 auc=0.4548 thr=0.468
  [Metrics] AUC:0.455 F1:0.604 SENS:0.800 SPEC:0.190 | COMPOSITE:0.5732 EMA:-1.4143
[segformer3d | fold 1 | epoch 060] train=0.4352 val_loss=0.4795 auc=0.4667 thr=0.455
  [Metrics] AUC:0.467 F1:0.593 SENS:0.800 SPEC:0.143 | COMPOSITE:0.5662 EMA:-1.4201
[segformer3d | fold 1 | epoch 061] train=0.4406 val_loss=0.4684 auc=0.5119 thr=0.466
  [Metrics] AUC:0.512 F1:0.627 SENS:0.800 SPEC:0.286 | COMPOSITE:0.6077 EMA:-1.4118
[segformer3d | fold 1 | epoch 062] train=0.4160 val_loss=0.4835 auc=0.4810 thr=0.458
  [Metrics] AUC:0.481 F1:0.627 SENS:0.800 SPEC:0.286 | COMPOSITE:0.6000 EMA:-1.4083
[segformer3d | fold 1 | epoch 063] train=0.4605 val_loss=0.4644 auc=0.5071 thr=0.484
  [Metrics] AUC:0.507 F1:0.640 SENS:0.800 SPEC:0.333 | COMPOSITE:0.6168 EMA:-1.4007
[segformer3d | fold 1 | epoch 064] train=0.4340 val_loss=0.4663 auc=0.4500 thr=0.483
  [Metrics] AUC:0.450 F1:0.604 SENS:0.800 SPEC:0.190 | COMPOSITE:0.5720 EMA:-1.4089
[segformer3d | fold 1 | epoch 065] train=0.4246 val_loss=0.4738 auc=0.4333 thr=0.479
  [Metrics] AUC:0.433 F1:0.607 SENS:0.850 SPEC:0.095 | COMPOSITE:0.5719 EMA:-1.4147
[segformer3d | fold 1 | epoch 066] train=0.4242 val_loss=0.4731 auc=0.4881 thr=0.457
  [Metrics] AUC:0.488 F1:0.604 SENS:0.800 SPEC:0.190 | COMPOSITE:0.5815 EMA:-1.4158
[segformer3d | fold 1 | epoch 067] train=0.4700 val_loss=0.4720 auc=0.4857 thr=0.455
  [Metrics] AUC:0.486 F1:0.642 SENS:0.850 SPEC:0.238 | COMPOSITE:0.6150 EMA:-1.4066
[segformer3d | fold 1 | epoch 068] train=0.4203 val_loss=0.4662 auc=0.4976 thr=0.470
  [Metrics] AUC:0.498 F1:0.627 SENS:0.800 SPEC:0.286 | COMPOSITE:0.6041 EMA:-1.4034
[segformer3d | fold 1 | epoch 069] train=0.4552 val_loss=0.4664 auc=0.5071 thr=0.470
  [Metrics] AUC:0.507 F1:0.593 SENS:0.800 SPEC:0.143 | COMPOSITE:0.5764 EMA:-1.4094
[segformer3d | fold 1 | epoch 070] train=0.4308 val_loss=0.4666 auc=0.4786 thr=0.485
  [Metrics] AUC:0.479 F1:0.615 SENS:0.800 SPEC:0.238 | COMPOSITE:0.5892 EMA:-1.4098
  Early stopping @ epoch 70 (best EMA score=-1.3689)
  SWA model finalize ediliyor...
  SWA val COMPOSITE: 0.4747 | Best EMA COMPOSITE: -1.3689
  SWA model kaydedildi (genelleme için tercih edildi, tek-epoch gürültüsüne karşı daha kararlı).

=================================================================
  SegFormer3D Fold 1  |  Threshold: Youden 0.547
=================================================================
  Metrik                Değer                   95% CI
  -------------------------------------------------------
  AUC-ROC               0.471          [0.283 - 0.654]
  AUC-PR                0.521                        -
  Sensitivity           0.350          [0.154 - 0.571]
  Specificity           0.810          [0.636 - 0.955]
  PPV                   0.636          [0.333 - 0.909]
  NPV                   0.567          [0.387 - 0.733]
  Accuracy              0.585          [0.439 - 0.732]
  F1-Score              0.452          [0.222 - 0.650]
  Composite             0.475                        -

  CM: TP=7 FP=4 FN=13 TN=17
  Toplam Hata: 17/41
=================================================================

======================================================================
FOLD 2/5
======================================================================
  [Fold 2] class_counts: NEG=84, POS=80
  [Fold 2] MAE pretrained encoder yüklendi (204 katman).
[segformer3d | fold 2 | epoch 001] train=0.5297 val_loss=0.4740 auc=0.4543 thr=0.463
  [Metrics] AUC:0.454 F1:0.582 SENS:0.800 SPEC:0.174 | COMPOSITE:0.5651 EMA:-1.4349
[segformer3d | fold 2 | epoch 002] train=0.5486 val_loss=0.4828 auc=0.4304 thr=0.437
  [Metrics] AUC:0.430 F1:0.607 SENS:0.850 SPEC:0.174 | COMPOSITE:0.5830 EMA:-1.4295
[segformer3d | fold 2 | epoch 003] train=0.5335 val_loss=0.4566 auc=0.5022 thr=0.480
  [Metrics] AUC:0.502 F1:0.633 SENS:0.950 SPEC:0.087 | COMPOSITE:0.6294 EMA:-1.4118
    ☆ SAVED FALLBACK (SENS=0.950 SPEC=0.087 | comp=0.6294)
[segformer3d | fold 2 | epoch 004] train=0.5783 val_loss=0.4572 auc=0.4674 thr=0.482
  [Metrics] AUC:0.467 F1:0.618 SENS:0.850 SPEC:0.217 | COMPOSITE:0.6015 EMA:-1.4078
    ☆ SAVED FALLBACK (SENS=0.850 SPEC=0.217 | comp=0.6015)
[segformer3d | fold 2 | epoch 005] train=0.4960 val_loss=0.4558 auc=0.4978 thr=0.492
  [Metrics] AUC:0.498 F1:0.604 SENS:0.800 SPEC:0.261 | COMPOSITE:0.5945 EMA:-1.4071
    ☆ SAVED FALLBACK (SENS=0.800 SPEC=0.261 | comp=0.5945)
[segformer3d | fold 2 | epoch 006] train=0.4851 val_loss=0.4586 auc=0.4891 thr=0.464
  [Metrics] AUC:0.489 F1:0.630 SENS:0.850 SPEC:0.261 | COMPOSITE:0.6163 EMA:-1.4001
    ☆ SAVED FALLBACK (SENS=0.850 SPEC=0.261 | comp=0.6163)
[segformer3d | fold 2 | epoch 007] train=0.4841 val_loss=0.4327 auc=0.6022 thr=0.499
  [Metrics] AUC:0.602 F1:0.680 SENS:0.850 SPEC:0.435 | COMPOSITE:0.6833 EMA:-1.3751
    ☆ SAVED FALLBACK (SENS=0.850 SPEC=0.435 | comp=0.6833)
[segformer3d | fold 2 | epoch 008] train=0.4254 val_loss=0.4406 auc=0.5804 thr=0.500
  [Metrics] AUC:0.580 F1:0.615 SENS:0.800 SPEC:0.304 | COMPOSITE:0.6246 EMA:-1.3752
[segformer3d | fold 2 | epoch 009] train=0.4622 val_loss=0.4560 auc=0.6043 thr=0.543
  [Metrics] AUC:0.604 F1:0.667 SENS:0.800 SPEC:0.478 | COMPOSITE:0.6695 EMA:-1.3618
    ☆ SAVED FALLBACK (SENS=0.800 SPEC=0.478 | comp=0.6695)
[segformer3d | fold 2 | epoch 010] train=0.4746 val_loss=0.4428 auc=0.6239 thr=0.523
  [Metrics] AUC:0.624 F1:0.653 SENS:0.800 SPEC:0.435 | COMPOSITE:0.6645 EMA:-1.3539
    ☆ SAVED FALLBACK (SENS=0.800 SPEC=0.435 | comp=0.6645)
[segformer3d | fold 2 | epoch 011] train=0.4474 val_loss=0.4422 auc=0.5848 thr=0.489
  [Metrics] AUC:0.585 F1:0.640 SENS:0.800 SPEC:0.391 | COMPOSITE:0.6449 EMA:-1.3543
[segformer3d | fold 2 | epoch 012] train=0.4437 val_loss=0.4500 auc=0.5913 thr=0.511
  [Metrics] AUC:0.591 F1:0.642 SENS:0.850 SPEC:0.304 | COMPOSITE:0.6514 EMA:-1.3526
    ☆ SAVED FALLBACK (SENS=0.850 SPEC=0.304 | comp=0.6514)
[segformer3d | fold 2 | epoch 013] train=0.4450 val_loss=0.4327 auc=0.6326 thr=0.492
  [Metrics] AUC:0.633 F1:0.667 SENS:0.800 SPEC:0.478 | COMPOSITE:0.6766 EMA:-1.3438
    ☆ SAVED FALLBACK (SENS=0.800 SPEC=0.478 | comp=0.6766)
[segformer3d | fold 2 | epoch 014] train=0.4362 val_loss=0.4390 auc=0.6391 thr=0.516
  [Metrics] AUC:0.639 F1:0.667 SENS:0.800 SPEC:0.478 | COMPOSITE:0.6782 EMA:-1.3372
    ☆ SAVED FALLBACK (SENS=0.800 SPEC=0.478 | comp=0.6782)
[segformer3d | fold 2 | epoch 015] train=0.4200 val_loss=0.4240 auc=0.6065 thr=0.494
  [Metrics] AUC:0.607 F1:0.593 SENS:0.800 SPEC:0.217 | COMPOSITE:0.6124 EMA:-1.3523
[segformer3d | fold 2 | epoch 016] train=0.4684 val_loss=0.4416 auc=0.6152 thr=0.530
  [Metrics] AUC:0.615 F1:0.627 SENS:0.800 SPEC:0.348 | COMPOSITE:0.6428 EMA:-1.3538
[segformer3d | fold 2 | epoch 017] train=0.4590 val_loss=0.4215 auc=0.5870 thr=0.500
  [Metrics] AUC:0.587 F1:0.643 SENS:0.900 SPEC:0.217 | COMPOSITE:0.6551 EMA:-1.3511
[segformer3d | fold 2 | epoch 018] train=0.4425 val_loss=0.4392 auc=0.5978 thr=0.512
  [Metrics] AUC:0.598 F1:0.615 SENS:0.800 SPEC:0.304 | COMPOSITE:0.6290 EMA:-1.3571
[segformer3d | fold 2 | epoch 019] train=0.4541 val_loss=0.4304 auc=0.6087 thr=0.497
  [Metrics] AUC:0.609 F1:0.615 SENS:0.800 SPEC:0.304 | COMPOSITE:0.6317 EMA:-1.3605
[segformer3d | fold 2 | epoch 020] train=0.4761 val_loss=0.4198 auc=0.6217 thr=0.482
  [Metrics] AUC:0.622 F1:0.667 SENS:0.900 SPEC:0.304 | COMPOSITE:0.6828 EMA:-1.3475
[segformer3d | fold 2 | epoch 021] train=0.4191 val_loss=0.4115 auc=0.6000 thr=0.502
  [Metrics] AUC:0.600 F1:0.607 SENS:0.850 SPEC:0.174 | COMPOSITE:0.6254 EMA:-1.3556
[segformer3d | fold 2 | epoch 022] train=0.4479 val_loss=0.4116 auc=0.6413 thr=0.526
  [Metrics] AUC:0.641 F1:0.643 SENS:0.900 SPEC:0.217 | COMPOSITE:0.6686 EMA:-1.3484
[segformer3d | fold 2 | epoch 023] train=0.4417 val_loss=0.4157 auc=0.6217 thr=0.515
  [Metrics] AUC:0.622 F1:0.630 SENS:0.850 SPEC:0.261 | COMPOSITE:0.6495 EMA:-1.3490
[segformer3d | fold 2 | epoch 024] train=0.4352 val_loss=0.4027 auc=0.6630 thr=0.510
  [Metrics] AUC:0.663 F1:0.640 SENS:0.800 SPEC:0.391 | COMPOSITE:0.6645 EMA:-1.3450
[segformer3d | fold 2 | epoch 025] train=0.4346 val_loss=0.4169 auc=0.6109 thr=0.501
  [Metrics] AUC:0.611 F1:0.571 SENS:0.800 SPEC:0.130 | COMPOSITE:0.5951 EMA:-1.3629
[segformer3d | fold 2 | epoch 026] train=0.4443 val_loss=0.4274 auc=0.6283 thr=0.512
  [Metrics] AUC:0.628 F1:0.679 SENS:0.900 SPEC:0.348 | COMPOSITE:0.6941 EMA:-1.3458
[segformer3d | fold 2 | epoch 027] train=0.4609 val_loss=0.4050 auc=0.6130 thr=0.519
  [Metrics] AUC:0.613 F1:0.604 SENS:0.800 SPEC:0.261 | COMPOSITE:0.6233 EMA:-1.3551
[segformer3d | fold 2 | epoch 028] train=0.4472 val_loss=0.4055 auc=0.6565 thr=0.518
  [Metrics] AUC:0.657 F1:0.694 SENS:0.850 SPEC:0.478 | COMPOSITE:0.7068 EMA:-1.3365
    ☆ SAVED FALLBACK (SENS=0.850 SPEC=0.478 | comp=0.7068)
[segformer3d | fold 2 | epoch 029] train=0.4387 val_loss=0.4232 auc=0.6370 thr=0.493
  [Metrics] AUC:0.637 F1:0.706 SENS:0.900 SPEC:0.435 | COMPOSITE:0.7159 EMA:-1.3208
    ☆ SAVED FALLBACK (SENS=0.900 SPEC=0.435 | comp=0.7159)
[segformer3d | fold 2 | epoch 030] train=0.5203 val_loss=0.4344 auc=0.6022 thr=0.523
  [Metrics] AUC:0.602 F1:0.615 SENS:0.800 SPEC:0.304 | COMPOSITE:0.6300 EMA:-1.3355
[segformer3d | fold 2 | epoch 031] train=0.4229 val_loss=0.4093 auc=0.6152 thr=0.494
  [Metrics] AUC:0.615 F1:0.655 SENS:0.900 SPEC:0.261 | COMPOSITE:0.6716 EMA:-1.3334
[segformer3d | fold 2 | epoch 032] train=0.4441 val_loss=0.4120 auc=0.6565 thr=0.512
  [Metrics] AUC:0.657 F1:0.653 SENS:0.800 SPEC:0.435 | COMPOSITE:0.6726 EMA:-1.3316
[segformer3d | fold 2 | epoch 033] train=0.4394 val_loss=0.4083 auc=0.6565 thr=0.517
  [Metrics] AUC:0.657 F1:0.667 SENS:0.800 SPEC:0.478 | COMPOSITE:0.6825 EMA:-1.3274
[segformer3d | fold 2 | epoch 034] train=0.4562 val_loss=0.4216 auc=0.6174 thr=0.533
  [Metrics] AUC:0.617 F1:0.667 SENS:0.850 SPEC:0.391 | COMPOSITE:0.6772 EMA:-1.3260
[segformer3d | fold 2 | epoch 035] train=0.4327 val_loss=0.4136 auc=0.6413 thr=0.502
  [Metrics] AUC:0.641 F1:0.692 SENS:0.900 SPEC:0.391 | COMPOSITE:0.7071 EMA:-1.3161
    ☆ SAVED FALLBACK (SENS=0.900 SPEC=0.391 | comp=0.7071)
[segformer3d | fold 2 | epoch 036] train=0.3932 val_loss=0.4232 auc=0.6174 thr=0.523
  [Metrics] AUC:0.617 F1:0.615 SENS:0.800 SPEC:0.304 | COMPOSITE:0.6338 EMA:-1.3311
[segformer3d | fold 2 | epoch 037] train=0.4423 val_loss=0.4142 auc=0.6196 thr=0.463
  [Metrics] AUC:0.620 F1:0.692 SENS:0.900 SPEC:0.391 | COMPOSITE:0.7017 EMA:-1.3213
[segformer3d | fold 2 | epoch 038] train=0.4487 val_loss=0.4064 auc=0.6500 thr=0.514
  [Metrics] AUC:0.650 F1:0.679 SENS:0.900 SPEC:0.348 | COMPOSITE:0.6995 EMA:-1.3150
    ☆ SAVED FALLBACK (SENS=0.900 SPEC=0.348 | comp=0.6995)
[segformer3d | fold 2 | epoch 039] train=0.4224 val_loss=0.4129 auc=0.6217 thr=0.517
  [Metrics] AUC:0.622 F1:0.654 SENS:0.850 SPEC:0.348 | COMPOSITE:0.6686 EMA:-1.3200
[segformer3d | fold 2 | epoch 040] train=0.4302 val_loss=0.4198 auc=0.6109 thr=0.512
  [Metrics] AUC:0.611 F1:0.667 SENS:0.900 SPEC:0.304 | COMPOSITE:0.6800 EMA:-1.3200
[segformer3d | fold 2 | epoch 041] train=0.4248 val_loss=0.4203 auc=0.6109 thr=0.512
  [Metrics] AUC:0.611 F1:0.640 SENS:0.800 SPEC:0.391 | COMPOSITE:0.6514 EMA:-1.3285
[segformer3d | fold 2 | epoch 042] train=0.4448 val_loss=0.4083 auc=0.6326 thr=0.474
  [Metrics] AUC:0.633 F1:0.691 SENS:0.950 SPEC:0.304 | COMPOSITE:0.7090 EMA:-1.3173
[segformer3d | fold 2 | epoch 043] train=0.4521 val_loss=0.4240 auc=0.6370 thr=0.523
  [Metrics] AUC:0.637 F1:0.653 SENS:0.800 SPEC:0.435 | COMPOSITE:0.6677 EMA:-1.3218
[segformer3d | fold 2 | epoch 044] train=0.4570 val_loss=0.4076 auc=0.6457 thr=0.504
  [Metrics] AUC:0.646 F1:0.667 SENS:0.800 SPEC:0.478 | COMPOSITE:0.6798 EMA:-1.3213
[segformer3d | fold 2 | epoch 045] train=0.4501 val_loss=0.4182 auc=0.6326 thr=0.508
  [Metrics] AUC:0.633 F1:0.667 SENS:0.800 SPEC:0.478 | COMPOSITE:0.6766 EMA:-1.3219
[segformer3d | fold 2 | epoch 046] train=0.4487 val_loss=0.4128 auc=0.6370 thr=0.528
  [Metrics] AUC:0.637 F1:0.680 SENS:0.850 SPEC:0.435 | COMPOSITE:0.6920 EMA:-1.3178
[segformer3d | fold 2 | epoch 047] train=0.4648 val_loss=0.4076 auc=0.6348 thr=0.503
  [Metrics] AUC:0.635 F1:0.680 SENS:0.850 SPEC:0.435 | COMPOSITE:0.6914 EMA:-1.3150
    ☆ SAVED FALLBACK (SENS=0.850 SPEC=0.435 | comp=0.6914)
[segformer3d | fold 2 | epoch 048] train=0.4586 val_loss=0.4179 auc=0.6522 thr=0.479
  [Metrics] AUC:0.652 F1:0.731 SENS:0.950 SPEC:0.435 | COMPOSITE:0.7435 EMA:-1.2975
    ☆ SAVED FALLBACK (SENS=0.950 SPEC=0.435 | comp=0.7435)
[segformer3d | fold 2 | epoch 049] train=0.4500 val_loss=0.4128 auc=0.6435 thr=0.501
  [Metrics] AUC:0.643 F1:0.667 SENS:0.800 SPEC:0.478 | COMPOSITE:0.6793 EMA:-1.3045
[segformer3d | fold 2 | epoch 050] train=0.4330 val_loss=0.4353 auc=0.6196 thr=0.533
  [Metrics] AUC:0.620 F1:0.627 SENS:0.800 SPEC:0.348 | COMPOSITE:0.6439 EMA:-1.3199
[segformer3d | fold 2 | epoch 051] train=0.4196 val_loss=0.4104 auc=0.6457 thr=0.497
  [Metrics] AUC:0.646 F1:0.692 SENS:0.900 SPEC:0.391 | COMPOSITE:0.7082 EMA:-1.3115
[segformer3d | fold 2 | epoch 052] train=0.4498 val_loss=0.4078 auc=0.6348 thr=0.487
  [Metrics] AUC:0.635 F1:0.692 SENS:0.900 SPEC:0.391 | COMPOSITE:0.7055 EMA:-1.3064
[segformer3d | fold 2 | epoch 053] train=0.4472 val_loss=0.4062 auc=0.6370 thr=0.510
  [Metrics] AUC:0.637 F1:0.679 SENS:0.950 SPEC:0.261 | COMPOSITE:0.7005 EMA:-1.3043
[segformer3d | fold 2 | epoch 054] train=0.4445 val_loss=0.3955 auc=0.6652 thr=0.514
  [Metrics] AUC:0.665 F1:0.653 SENS:0.800 SPEC:0.435 | COMPOSITE:0.6748 EMA:-1.3106
[segformer3d | fold 2 | epoch 055] train=0.4304 val_loss=0.3988 auc=0.6609 thr=0.519
  [Metrics] AUC:0.661 F1:0.692 SENS:0.900 SPEC:0.391 | COMPOSITE:0.7120 EMA:-1.3038
[segformer3d | fold 2 | epoch 056] train=0.4406 val_loss=0.4071 auc=0.5891 thr=0.536
  [Metrics] AUC:0.589 F1:0.607 SENS:0.850 SPEC:0.174 | COMPOSITE:0.6227 EMA:-1.3259
[segformer3d | fold 2 | epoch 057] train=0.4130 val_loss=0.4031 auc=0.6152 thr=0.519
  [Metrics] AUC:0.615 F1:0.627 SENS:0.800 SPEC:0.348 | COMPOSITE:0.6428 EMA:-1.3353
[segformer3d | fold 2 | epoch 058] train=0.4237 val_loss=0.4010 auc=0.6087 thr=0.499
  [Metrics] AUC:0.609 F1:0.604 SENS:0.800 SPEC:0.261 | COMPOSITE:0.6222 EMA:-1.3480
[segformer3d | fold 2 | epoch 059] train=0.4425 val_loss=0.3998 auc=0.6435 thr=0.490
  [Metrics] AUC:0.643 F1:0.630 SENS:0.850 SPEC:0.261 | COMPOSITE:0.6549 EMA:-1.3471
[segformer3d | fold 2 | epoch 060] train=0.4175 val_loss=0.3987 auc=0.6391 thr=0.507
  [Metrics] AUC:0.639 F1:0.667 SENS:0.850 SPEC:0.391 | COMPOSITE:0.6826 EMA:-1.3382
[segformer3d | fold 2 | epoch 061] train=0.4759 val_loss=0.4044 auc=0.6565 thr=0.527
  [Metrics] AUC:0.657 F1:0.654 SENS:0.850 SPEC:0.348 | COMPOSITE:0.6773 EMA:-1.3336
[segformer3d | fold 2 | epoch 062] train=0.4251 val_loss=0.3966 auc=0.6609 thr=0.512
  [Metrics] AUC:0.661 F1:0.654 SENS:0.850 SPEC:0.348 | COMPOSITE:0.6784 EMA:-1.3300
[segformer3d | fold 2 | epoch 063] train=0.4373 val_loss=0.4020 auc=0.6348 thr=0.512
  [Metrics] AUC:0.635 F1:0.679 SENS:0.900 SPEC:0.348 | COMPOSITE:0.6957 EMA:-1.3223
[segformer3d | fold 2 | epoch 064] train=0.4487 val_loss=0.4001 auc=0.6130 thr=0.504
  [Metrics] AUC:0.613 F1:0.615 SENS:0.800 SPEC:0.304 | COMPOSITE:0.6328 EMA:-1.3358
[segformer3d | fold 2 | epoch 065] train=0.4416 val_loss=0.4059 auc=0.5804 thr=0.507
  [Metrics] AUC:0.580 F1:0.582 SENS:0.800 SPEC:0.174 | COMPOSITE:0.5967 EMA:-1.3560
[segformer3d | fold 2 | epoch 066] train=0.4201 val_loss=0.4045 auc=0.6283 thr=0.516
  [Metrics] AUC:0.628 F1:0.627 SENS:0.800 SPEC:0.348 | COMPOSITE:0.6461 EMA:-1.3554
[segformer3d | fold 2 | epoch 067] train=0.4248 val_loss=0.4072 auc=0.6109 thr=0.507
  [Metrics] AUC:0.611 F1:0.654 SENS:0.850 SPEC:0.348 | COMPOSITE:0.6659 EMA:-1.3490
[segformer3d | fold 2 | epoch 068] train=0.4524 val_loss=0.3957 auc=0.6783 thr=0.500
  [Metrics] AUC:0.678 F1:0.667 SENS:0.850 SPEC:0.391 | COMPOSITE:0.6924 EMA:-1.3366
[segformer3d | fold 2 | epoch 069] train=0.4281 val_loss=0.3980 auc=0.6217 thr=0.509
  [Metrics] AUC:0.622 F1:0.654 SENS:0.850 SPEC:0.348 | COMPOSITE:0.6686 EMA:-1.3350
[segformer3d | fold 2 | epoch 070] train=0.4346 val_loss=0.3974 auc=0.6500 thr=0.508
  [Metrics] AUC:0.650 F1:0.653 SENS:0.800 SPEC:0.435 | COMPOSITE:0.6710 EMA:-1.3332
[segformer3d | fold 2 | epoch 071] train=0.4393 val_loss=0.3959 auc=0.6435 thr=0.516
  [Metrics] AUC:0.643 F1:0.679 SENS:0.900 SPEC:0.348 | COMPOSITE:0.6979 EMA:-1.3239
[segformer3d | fold 2 | epoch 072] train=0.4045 val_loss=0.3948 auc=0.6370 thr=0.504
  [Metrics] AUC:0.637 F1:0.655 SENS:0.900 SPEC:0.261 | COMPOSITE:0.6770 EMA:-1.3236
[segformer3d | fold 2 | epoch 073] train=0.4232 val_loss=0.3980 auc=0.6543 thr=0.499
  [Metrics] AUC:0.654 F1:0.654 SENS:0.850 SPEC:0.348 | COMPOSITE:0.6767 EMA:-1.3235
  Early stopping @ epoch 73 (best EMA score=-1.2975)
  SWA model finalize ediliyor...
  SWA val COMPOSITE: 0.5803 | Best EMA COMPOSITE: -1.2975
  SWA model kaydedildi (genelleme için tercih edildi, tek-epoch gürültüsüne karşı daha kararlı).

=================================================================
  SegFormer3D Fold 2  |  Threshold: Youden 0.581
=================================================================
  Metrik                Değer                   95% CI
  -------------------------------------------------------
  AUC-ROC               0.650          [0.477 - 0.812]
  AUC-PR                0.672                        -
  Sensitivity           0.450          [0.235 - 0.667]
  Specificity           0.826          [0.652 - 0.960]
  PPV                   0.692          [0.421 - 0.929]
  NPV                   0.633          [0.458 - 0.808]
  Accuracy              0.651          [0.512 - 0.791]
  F1-Score              0.545          [0.320 - 0.727]
  Composite             0.580                        -

  CM: TP=9 FP=4 FN=11 TN=19
  Toplam Hata: 15/43
=================================================================

======================================================================
FOLD 3/5
======================================================================
  [Fold 3] class_counts: NEG=85, POS=80
  [Fold 3] MAE pretrained encoder yüklendi (204 katman).
[segformer3d | fold 3 | epoch 001] train=0.4825 val_loss=0.5044 auc=0.4185 thr=0.393
  [Metrics] AUC:0.419 F1:0.630 SENS:0.895 SPEC:0.143 | COMPOSITE:0.5966 EMA:-1.4034
[segformer3d | fold 3 | epoch 002] train=0.5134 val_loss=0.4820 auc=0.4536 thr=0.417
  [Metrics] AUC:0.454 F1:0.627 SENS:0.842 SPEC:0.238 | COMPOSITE:0.6007 EMA:-1.4021
[segformer3d | fold 3 | epoch 003] train=0.5168 val_loss=0.4898 auc=0.4712 thr=0.396
  [Metrics] AUC:0.471 F1:0.627 SENS:0.842 SPEC:0.238 | COMPOSITE:0.6051 EMA:-1.4000
    ☆ SAVED FALLBACK (SENS=0.842 SPEC=0.238 | comp=0.6051)
[segformer3d | fold 3 | epoch 004] train=0.5222 val_loss=0.4898 auc=0.5038 thr=0.372
  [Metrics] AUC:0.504 F1:0.679 SENS:0.947 SPEC:0.238 | COMPOSITE:0.6630 EMA:-1.3811
    ☆ SAVED FALLBACK (SENS=0.947 SPEC=0.238 | comp=0.6630)
[segformer3d | fold 3 | epoch 005] train=0.4962 val_loss=0.4765 auc=0.5088 thr=0.396
  [Metrics] AUC:0.509 F1:0.654 SENS:0.895 SPEC:0.238 | COMPOSITE:0.6395 EMA:-1.3749
    ☆ SAVED FALLBACK (SENS=0.895 SPEC=0.238 | comp=0.6395)
[segformer3d | fold 3 | epoch 006] train=0.4731 val_loss=0.4986 auc=0.5363 thr=0.342
  [Metrics] AUC:0.536 F1:0.627 SENS:0.842 SPEC:0.238 | COMPOSITE:0.6214 EMA:-1.3760
[segformer3d | fold 3 | epoch 007] train=0.4475 val_loss=0.4914 auc=0.4962 thr=0.391
  [Metrics] AUC:0.496 F1:0.627 SENS:0.842 SPEC:0.238 | COMPOSITE:0.6114 EMA:-1.3798
[segformer3d | fold 3 | epoch 008] train=0.4714 val_loss=0.4662 auc=0.4987 thr=0.426
  [Metrics] AUC:0.499 F1:0.627 SENS:0.842 SPEC:0.238 | COMPOSITE:0.6120 EMA:-1.3823
[segformer3d | fold 3 | epoch 009] train=0.4162 val_loss=0.4747 auc=0.5063 thr=0.408
  [Metrics] AUC:0.506 F1:0.654 SENS:0.895 SPEC:0.238 | COMPOSITE:0.6389 EMA:-1.3759
[segformer3d | fold 3 | epoch 010] train=0.4998 val_loss=0.4793 auc=0.4912 thr=0.417
  [Metrics] AUC:0.491 F1:0.615 SENS:0.842 SPEC:0.190 | COMPOSITE:0.6000 EMA:-1.3831
[segformer3d | fold 3 | epoch 011] train=0.4621 val_loss=0.4824 auc=0.4536 thr=0.418
  [Metrics] AUC:0.454 F1:0.593 SENS:0.842 SPEC:0.095 | COMPOSITE:0.5706 EMA:-1.3970
[segformer3d | fold 3 | epoch 012] train=0.4567 val_loss=0.4480 auc=0.5038 thr=0.445
  [Metrics] AUC:0.504 F1:0.615 SENS:0.842 SPEC:0.190 | COMPOSITE:0.6031 EMA:-1.3970
[segformer3d | fold 3 | epoch 013] train=0.4805 val_loss=0.4486 auc=0.4837 thr=0.429
  [Metrics] AUC:0.484 F1:0.643 SENS:0.947 SPEC:0.095 | COMPOSITE:0.6275 EMA:-1.3896
[segformer3d | fold 3 | epoch 014] train=0.4520 val_loss=0.4606 auc=0.5388 thr=0.417
  [Metrics] AUC:0.539 F1:0.615 SENS:0.842 SPEC:0.190 | COMPOSITE:0.6119 EMA:-1.3892
[segformer3d | fold 3 | epoch 015] train=0.4802 val_loss=0.4600 auc=0.4687 thr=0.459
  [Metrics] AUC:0.469 F1:0.655 SENS:0.947 SPEC:0.143 | COMPOSITE:0.6338 EMA:-1.3823
[segformer3d | fold 3 | epoch 016] train=0.4587 val_loss=0.4329 auc=0.5163 thr=0.452
  [Metrics] AUC:0.516 F1:0.615 SENS:0.842 SPEC:0.190 | COMPOSITE:0.6062 EMA:-1.3857
[segformer3d | fold 3 | epoch 017] train=0.4424 val_loss=0.4505 auc=0.4812 thr=0.471
  [Metrics] AUC:0.481 F1:0.655 SENS:0.947 SPEC:0.143 | COMPOSITE:0.6369 EMA:-1.3789
[segformer3d | fold 3 | epoch 018] train=0.4563 val_loss=0.4531 auc=0.4962 thr=0.438
  [Metrics] AUC:0.496 F1:0.655 SENS:0.947 SPEC:0.143 | COMPOSITE:0.6407 EMA:-1.3730
    ☆ SAVED FALLBACK (SENS=0.947 SPEC=0.143 | comp=0.6407)
[segformer3d | fold 3 | epoch 019] train=0.4569 val_loss=0.4757 auc=0.4937 thr=0.418
  [Metrics] AUC:0.494 F1:0.627 SENS:0.842 SPEC:0.238 | COMPOSITE:0.6107 EMA:-1.3779
[segformer3d | fold 3 | epoch 020] train=0.4622 val_loss=0.4686 auc=0.5063 thr=0.442
  [Metrics] AUC:0.506 F1:0.640 SENS:0.842 SPEC:0.286 | COMPOSITE:0.6242 EMA:-1.3773
[segformer3d | fold 3 | epoch 021] train=0.4660 val_loss=0.4558 auc=0.4837 thr=0.426
  [Metrics] AUC:0.484 F1:0.655 SENS:0.947 SPEC:0.143 | COMPOSITE:0.6376 EMA:-1.3728
    ☆ SAVED FALLBACK (SENS=0.947 SPEC=0.143 | comp=0.6376)
[segformer3d | fold 3 | epoch 022] train=0.4484 val_loss=0.4641 auc=0.5088 thr=0.418
  [Metrics] AUC:0.509 F1:0.679 SENS:1.000 SPEC:0.143 | COMPOSITE:0.6683 EMA:-1.3605
    ☆ SAVED FALLBACK (SENS=1.000 SPEC=0.143 | comp=0.6683)
[segformer3d | fold 3 | epoch 023] train=0.4590 val_loss=0.4849 auc=0.4261 thr=0.414
  [Metrics] AUC:0.426 F1:0.593 SENS:0.842 SPEC:0.095 | COMPOSITE:0.5637 EMA:-1.3832
[segformer3d | fold 3 | epoch 024] train=0.4714 val_loss=0.4793 auc=0.4561 thr=0.413
  [Metrics] AUC:0.456 F1:0.679 SENS:1.000 SPEC:0.143 | COMPOSITE:0.6551 EMA:-1.3717
[segformer3d | fold 3 | epoch 025] train=0.4327 val_loss=0.4514 auc=0.4862 thr=0.463
  [Metrics] AUC:0.486 F1:0.627 SENS:0.842 SPEC:0.238 | COMPOSITE:0.6089 EMA:-1.3776
[segformer3d | fold 3 | epoch 026] train=0.4192 val_loss=0.4682 auc=0.4637 thr=0.431
  [Metrics] AUC:0.464 F1:0.655 SENS:0.947 SPEC:0.143 | COMPOSITE:0.6326 EMA:-1.3745
[segformer3d | fold 3 | epoch 027] train=0.4719 val_loss=0.4975 auc=0.4035 thr=0.384
  [Metrics] AUC:0.404 F1:0.655 SENS:1.000 SPEC:0.048 | COMPOSITE:0.6218 EMA:-1.3756
[segformer3d | fold 3 | epoch 028] train=0.4720 val_loss=0.4885 auc=0.4035 thr=0.413
  [Metrics] AUC:0.404 F1:0.644 SENS:1.000 SPEC:0.000 | COMPOSITE:0.6119 EMA:-1.3794
[segformer3d | fold 3 | epoch 029] train=0.4486 val_loss=0.4908 auc=0.4361 thr=0.417
  [Metrics] AUC:0.436 F1:0.604 SENS:0.842 SPEC:0.143 | COMPOSITE:0.5761 EMA:-1.3927
[segformer3d | fold 3 | epoch 030] train=0.4471 val_loss=0.4855 auc=0.4712 thr=0.424
  [Metrics] AUC:0.471 F1:0.630 SENS:0.895 SPEC:0.143 | COMPOSITE:0.6098 EMA:-1.3920
[segformer3d | fold 3 | epoch 031] train=0.4848 val_loss=0.4951 auc=0.4286 thr=0.431
  [Metrics] AUC:0.429 F1:0.593 SENS:0.842 SPEC:0.095 | COMPOSITE:0.5643 EMA:-1.4051
[segformer3d | fold 3 | epoch 032] train=0.4627 val_loss=0.4845 auc=0.4085 thr=0.437
  [Metrics] AUC:0.409 F1:0.632 SENS:0.947 SPEC:0.048 | COMPOSITE:0.5987 EMA:-1.4039
[segformer3d | fold 3 | epoch 033] train=0.4210 val_loss=0.4705 auc=0.5138 thr=0.422
  [Metrics] AUC:0.514 F1:0.691 SENS:1.000 SPEC:0.190 | COMPOSITE:0.6797 EMA:-1.3788
[segformer3d | fold 3 | epoch 034] train=0.4351 val_loss=0.4784 auc=0.4862 thr=0.460
  [Metrics] AUC:0.486 F1:0.654 SENS:0.895 SPEC:0.238 | COMPOSITE:0.6339 EMA:-1.3750
[segformer3d | fold 3 | epoch 035] train=0.4264 val_loss=0.4549 auc=0.4962 thr=0.443
  [Metrics] AUC:0.496 F1:0.691 SENS:1.000 SPEC:0.190 | COMPOSITE:0.6754 EMA:-1.3599
    ☆ SAVED FALLBACK (SENS=1.000 SPEC=0.190 | comp=0.6754)
[segformer3d | fold 3 | epoch 036] train=0.4387 val_loss=0.4715 auc=0.5238 thr=0.438
  [Metrics] AUC:0.524 F1:0.640 SENS:0.842 SPEC:0.286 | COMPOSITE:0.6285 EMA:-1.3634
[segformer3d | fold 3 | epoch 037] train=0.4299 val_loss=0.4574 auc=0.5614 thr=0.475
  [Metrics] AUC:0.561 F1:0.708 SENS:0.895 SPEC:0.429 | COMPOSITE:0.6949 EMA:-1.3459
    ☆ SAVED FALLBACK (SENS=0.895 SPEC=0.429 | comp=0.6949)
[segformer3d | fold 3 | epoch 038] train=0.4413 val_loss=0.4729 auc=0.5388 thr=0.458
  [Metrics] AUC:0.539 F1:0.706 SENS:0.947 SPEC:0.333 | COMPOSITE:0.6928 EMA:-1.3343
    ☆ SAVED FALLBACK (SENS=0.947 SPEC=0.333 | comp=0.6928)
[segformer3d | fold 3 | epoch 039] train=0.4742 val_loss=0.4802 auc=0.5263 thr=0.428
  [Metrics] AUC:0.526 F1:0.692 SENS:0.947 SPEC:0.286 | COMPOSITE:0.6791 EMA:-1.3303
    ☆ SAVED FALLBACK (SENS=0.947 SPEC=0.286 | comp=0.6791)
[segformer3d | fold 3 | epoch 040] train=0.4413 val_loss=0.4621 auc=0.5414 thr=0.466
  [Metrics] AUC:0.541 F1:0.692 SENS:0.947 SPEC:0.286 | COMPOSITE:0.6829 EMA:-1.3263
    ☆ SAVED FALLBACK (SENS=0.947 SPEC=0.286 | comp=0.6829)
[segformer3d | fold 3 | epoch 041] train=0.4211 val_loss=0.4836 auc=0.5689 thr=0.441
  [Metrics] AUC:0.569 F1:0.708 SENS:0.895 SPEC:0.429 | COMPOSITE:0.6968 EMA:-1.3194
    ☆ SAVED FALLBACK (SENS=0.895 SPEC=0.429 | comp=0.6968)
[segformer3d | fold 3 | epoch 042] train=0.4527 val_loss=0.4642 auc=0.5489 thr=0.439
  [Metrics] AUC:0.549 F1:0.680 SENS:0.895 SPEC:0.333 | COMPOSITE:0.6704 EMA:-1.3225
[segformer3d | fold 3 | epoch 043] train=0.4255 val_loss=0.4605 auc=0.5764 thr=0.429
  [Metrics] AUC:0.576 F1:0.681 SENS:0.842 SPEC:0.429 | COMPOSITE:0.6733 EMA:-1.3237
[segformer3d | fold 3 | epoch 044] train=0.4541 val_loss=0.4634 auc=0.5489 thr=0.443
  [Metrics] AUC:0.549 F1:0.667 SENS:0.842 SPEC:0.381 | COMPOSITE:0.6558 EMA:-1.3299
[segformer3d | fold 3 | epoch 045] train=0.4717 val_loss=0.4922 auc=0.5338 thr=0.448
  [Metrics] AUC:0.534 F1:0.653 SENS:0.842 SPEC:0.333 | COMPOSITE:0.6415 EMA:-1.3385
[segformer3d | fold 3 | epoch 046] train=0.4775 val_loss=0.4801 auc=0.4762 thr=0.429
  [Metrics] AUC:0.476 F1:0.654 SENS:0.895 SPEC:0.238 | COMPOSITE:0.6314 EMA:-1.3475
[segformer3d | fold 3 | epoch 047] train=0.4614 val_loss=0.4688 auc=0.4762 thr=0.448
  [Metrics] AUC:0.476 F1:0.642 SENS:0.895 SPEC:0.190 | COMPOSITE:0.6212 EMA:-1.3569
[segformer3d | fold 3 | epoch 048] train=0.4449 val_loss=0.4559 auc=0.4912 thr=0.450
  [Metrics] AUC:0.491 F1:0.667 SENS:0.947 SPEC:0.190 | COMPOSITE:0.6496 EMA:-1.3550
[segformer3d | fold 3 | epoch 049] train=0.4547 val_loss=0.4800 auc=0.4862 thr=0.456
  [Metrics] AUC:0.486 F1:0.627 SENS:0.842 SPEC:0.238 | COMPOSITE:0.6089 EMA:-1.3658
[segformer3d | fold 3 | epoch 050] train=0.4253 val_loss=0.4725 auc=0.4887 thr=0.444
  [Metrics] AUC:0.489 F1:0.627 SENS:0.842 SPEC:0.238 | COMPOSITE:0.6095 EMA:-1.3732
[segformer3d | fold 3 | epoch 051] train=0.4663 val_loss=0.5092 auc=0.4737 thr=0.436
  [Metrics] AUC:0.474 F1:0.615 SENS:0.842 SPEC:0.190 | COMPOSITE:0.5956 EMA:-1.3826
[segformer3d | fold 3 | epoch 052] train=0.4495 val_loss=0.4913 auc=0.4336 thr=0.446
  [Metrics] AUC:0.434 F1:0.604 SENS:0.842 SPEC:0.143 | COMPOSITE:0.5755 EMA:-1.3952
[segformer3d | fold 3 | epoch 053] train=0.4427 val_loss=0.4911 auc=0.4612 thr=0.432
  [Metrics] AUC:0.461 F1:0.654 SENS:0.895 SPEC:0.238 | COMPOSITE:0.6276 EMA:-1.3883
[segformer3d | fold 3 | epoch 054] train=0.4399 val_loss=0.4810 auc=0.4411 thr=0.452
  [Metrics] AUC:0.441 F1:0.630 SENS:0.895 SPEC:0.143 | COMPOSITE:0.6023 EMA:-1.3911
[segformer3d | fold 3 | epoch 055] train=0.4078 val_loss=0.4934 auc=0.4561 thr=0.419
  [Metrics] AUC:0.456 F1:0.615 SENS:0.842 SPEC:0.190 | COMPOSITE:0.5912 EMA:-1.3964
[segformer3d | fold 3 | epoch 056] train=0.4206 val_loss=0.4896 auc=0.4511 thr=0.411
  [Metrics] AUC:0.451 F1:0.655 SENS:1.000 SPEC:0.048 | COMPOSITE:0.6337 EMA:-1.3874
[segformer3d | fold 3 | epoch 057] train=0.4366 val_loss=0.4792 auc=0.4937 thr=0.435
  [Metrics] AUC:0.494 F1:0.627 SENS:0.842 SPEC:0.238 | COMPOSITE:0.6107 EMA:-1.3880
[segformer3d | fold 3 | epoch 058] train=0.4361 val_loss=0.4968 auc=0.4561 thr=0.422
  [Metrics] AUC:0.456 F1:0.615 SENS:0.842 SPEC:0.190 | COMPOSITE:0.5912 EMA:-1.3942
[segformer3d | fold 3 | epoch 059] train=0.4449 val_loss=0.4969 auc=0.4812 thr=0.473
  [Metrics] AUC:0.481 F1:0.654 SENS:0.895 SPEC:0.238 | COMPOSITE:0.6326 EMA:-1.3862
[segformer3d | fold 3 | epoch 060] train=0.4267 val_loss=0.5038 auc=0.4211 thr=0.446
  [Metrics] AUC:0.421 F1:0.643 SENS:0.947 SPEC:0.095 | COMPOSITE:0.6118 EMA:-1.3868
[segformer3d | fold 3 | epoch 061] train=0.4355 val_loss=0.4782 auc=0.4762 thr=0.451
  [Metrics] AUC:0.476 F1:0.627 SENS:0.842 SPEC:0.238 | COMPOSITE:0.6064 EMA:-1.3888
[segformer3d | fold 3 | epoch 062] train=0.4722 val_loss=0.4926 auc=0.4612 thr=0.445
  [Metrics] AUC:0.461 F1:0.630 SENS:0.895 SPEC:0.143 | COMPOSITE:0.6073 EMA:-1.3900
[segformer3d | fold 3 | epoch 063] train=0.4568 val_loss=0.4755 auc=0.5113 thr=0.446
  [Metrics] AUC:0.511 F1:0.640 SENS:0.842 SPEC:0.286 | COMPOSITE:0.6254 EMA:-1.3854
[segformer3d | fold 3 | epoch 064] train=0.4119 val_loss=0.5285 auc=0.4135 thr=0.403
  [Metrics] AUC:0.414 F1:0.632 SENS:0.947 SPEC:0.048 | COMPOSITE:0.6000 EMA:-1.3898
[segformer3d | fold 3 | epoch 065] train=0.4086 val_loss=0.5195 auc=0.4386 thr=0.418
  [Metrics] AUC:0.439 F1:0.615 SENS:0.842 SPEC:0.190 | COMPOSITE:0.5868 EMA:-1.3968
[segformer3d | fold 3 | epoch 066] train=0.4196 val_loss=0.4913 auc=0.4637 thr=0.437
  [Metrics] AUC:0.464 F1:0.642 SENS:0.895 SPEC:0.190 | COMPOSITE:0.6180 EMA:-1.3923
[segformer3d | fold 3 | epoch 067] train=0.4429 val_loss=0.4651 auc=0.5439 thr=0.444
  [Metrics] AUC:0.544 F1:0.694 SENS:0.895 SPEC:0.381 | COMPOSITE:0.6797 EMA:-1.3707
[segformer3d | fold 3 | epoch 068] train=0.4353 val_loss=0.4866 auc=0.5113 thr=0.440
  [Metrics] AUC:0.511 F1:0.654 SENS:0.895 SPEC:0.238 | COMPOSITE:0.6402 EMA:-1.3675
[segformer3d | fold 3 | epoch 069] train=0.4275 val_loss=0.4811 auc=0.5113 thr=0.429
  [Metrics] AUC:0.511 F1:0.692 SENS:0.947 SPEC:0.286 | COMPOSITE:0.6753 EMA:-1.3546
[segformer3d | fold 3 | epoch 070] train=0.4312 val_loss=0.5145 auc=0.4135 thr=0.440
  [Metrics] AUC:0.414 F1:0.643 SENS:0.947 SPEC:0.095 | COMPOSITE:0.6100 EMA:-1.3652
  Early stopping @ epoch 70 (best EMA score=-1.3194)
  SWA model finalize ediliyor...
  SWA val COMPOSITE: 0.4563 | Best EMA COMPOSITE: -1.3194
  SWA model kaydedildi (genelleme için tercih edildi, tek-epoch gürültüsüne karşı daha kararlı).

=================================================================
  SegFormer3D Fold 3  |  Threshold: Youden 0.562
=================================================================
  Metrik                Değer                   95% CI
  -------------------------------------------------------
  AUC-ROC               0.484          [0.300 - 0.662]
  AUC-PR                0.500                        -
  Sensitivity           0.316          [0.105 - 0.542]
  Specificity           0.810          [0.619 - 0.957]
  PPV                   0.600          [0.250 - 0.900]
  NPV                   0.567          [0.379 - 0.741]
  Accuracy              0.575          [0.425 - 0.725]
  F1-Score              0.414          [0.154 - 0.625]
  Composite             0.456                        -

  CM: TP=6 FP=4 FN=13 TN=17
  Toplam Hata: 17/40
=================================================================

======================================================================
FOLD 4/5
======================================================================
  [Fold 4] class_counts: NEG=86, POS=79
  [Fold 4] MAE pretrained encoder yüklendi (204 katman).
[segformer3d | fold 4 | epoch 001] train=0.4914 val_loss=0.4027 auc=0.7234 thr=0.504
  [Metrics] AUC:0.723 F1:0.776 SENS:0.905 SPEC:0.571 | COMPOSITE:0.7771 EMA:0.7771
[segformer3d | fold 4 | epoch 002] train=0.4589 val_loss=0.4203 auc=0.7120 thr=0.478
  [Metrics] AUC:0.712 F1:0.708 SENS:0.810 SPEC:0.524 | COMPOSITE:0.7170 EMA:0.7591
[segformer3d | fold 4 | epoch 003] train=0.5411 val_loss=0.4215 auc=0.6508 thr=0.508
  [Metrics] AUC:0.651 F1:0.694 SENS:0.810 SPEC:0.476 | COMPOSITE:0.6909 EMA:0.1386
    ☆ SAVED FALLBACK (SENS=0.810 SPEC=0.476 | comp=0.6909)
[segformer3d | fold 4 | epoch 004] train=0.4929 val_loss=0.4132 auc=0.7120 thr=0.493
  [Metrics] AUC:0.712 F1:0.708 SENS:0.810 SPEC:0.524 | COMPOSITE:0.7170 EMA:0.3121
    ★ SAVED DUAL-PASS (SENS=0.810≥0.8 SPEC=0.524≥0.5 | comp=0.7170)
[segformer3d | fold 4 | epoch 005] train=0.4730 val_loss=0.3990 auc=0.7370 thr=0.517
  [Metrics] AUC:0.737 F1:0.739 SENS:0.810 SPEC:0.619 | COMPOSITE:0.7452 EMA:0.4421
    ★ SAVED DUAL-PASS (SENS=0.810≥0.8 SPEC=0.619≥0.5 | comp=0.7452)
[segformer3d | fold 4 | epoch 006] train=0.4595 val_loss=0.3931 auc=0.7755 thr=0.501
  [Metrics] AUC:0.776 F1:0.776 SENS:0.905 SPEC:0.571 | COMPOSITE:0.7901 EMA:0.5465
    ★ SAVED DUAL-PASS (SENS=0.905≥0.8 SPEC=0.571≥0.5 | comp=0.7901)
[segformer3d | fold 4 | epoch 007] train=0.4694 val_loss=0.3926 auc=0.7506 thr=0.512
  [Metrics] AUC:0.751 F1:0.708 SENS:0.810 SPEC:0.524 | COMPOSITE:0.7266 EMA:0.6005
    ★ SAVED DUAL-PASS (SENS=0.810≥0.8 SPEC=0.524≥0.5 | comp=0.7266)
[segformer3d | fold 4 | epoch 008] train=0.4786 val_loss=0.4164 auc=0.7347 thr=0.486
  [Metrics] AUC:0.735 F1:0.735 SENS:0.857 SPEC:0.524 | COMPOSITE:0.7459 EMA:0.6441
    ★ SAVED DUAL-PASS (SENS=0.857≥0.8 SPEC=0.524≥0.5 | comp=0.7459)
[segformer3d | fold 4 | epoch 009] train=0.4598 val_loss=0.4343 auc=0.7188 thr=0.456
  [Metrics] AUC:0.719 F1:0.735 SENS:0.857 SPEC:0.524 | COMPOSITE:0.7420 EMA:0.6735
    ★ SAVED DUAL-PASS (SENS=0.857≥0.8 SPEC=0.524≥0.5 | comp=0.7420)
[segformer3d | fold 4 | epoch 010] train=0.4766 val_loss=0.4333 auc=0.7075 thr=0.469
  [Metrics] AUC:0.707 F1:0.735 SENS:0.857 SPEC:0.524 | COMPOSITE:0.7391 EMA:0.6932
    ★ SAVED DUAL-PASS (SENS=0.857≥0.8 SPEC=0.524≥0.5 | comp=0.7391)
[segformer3d | fold 4 | epoch 011] train=0.4403 val_loss=0.4224 auc=0.6984 thr=0.487
  [Metrics] AUC:0.698 F1:0.680 SENS:0.810 SPEC:0.429 | COMPOSITE:0.6922 EMA:0.0929
[segformer3d | fold 4 | epoch 012] train=0.4569 val_loss=0.3941 auc=0.7188 thr=0.519
  [Metrics] AUC:0.719 F1:0.680 SENS:0.810 SPEC:0.429 | COMPOSITE:0.6973 EMA:-0.3258
[segformer3d | fold 4 | epoch 013] train=0.4570 val_loss=0.4394 auc=0.6984 thr=0.472
  [Metrics] AUC:0.698 F1:0.723 SENS:0.810 SPEC:0.571 | COMPOSITE:0.7245 EMA:-0.0107
[segformer3d | fold 4 | epoch 014] train=0.4715 val_loss=0.4114 auc=0.7551 thr=0.528
  [Metrics] AUC:0.755 F1:0.766 SENS:0.857 SPEC:0.619 | COMPOSITE:0.7731 EMA:0.2244
[segformer3d | fold 4 | epoch 015] train=0.4666 val_loss=0.4159 auc=0.7347 thr=0.514
  [Metrics] AUC:0.735 F1:0.735 SENS:0.857 SPEC:0.524 | COMPOSITE:0.7459 EMA:0.3809
[segformer3d | fold 4 | epoch 016] train=0.4486 val_loss=0.4241 auc=0.7029 thr=0.495
  [Metrics] AUC:0.703 F1:0.694 SENS:0.810 SPEC:0.476 | COMPOSITE:0.7040 EMA:-0.1222
[segformer3d | fold 4 | epoch 017] train=0.4695 val_loss=0.4338 auc=0.7460 thr=0.481
  [Metrics] AUC:0.746 F1:0.735 SENS:0.857 SPEC:0.524 | COMPOSITE:0.7488 EMA:0.1391
[segformer3d | fold 4 | epoch 018] train=0.4709 val_loss=0.4172 auc=0.7120 thr=0.517
  [Metrics] AUC:0.712 F1:0.745 SENS:0.905 SPEC:0.476 | COMPOSITE:0.7524 EMA:-0.2769
[segformer3d | fold 4 | epoch 019] train=0.4605 val_loss=0.4229 auc=0.7007 thr=0.523
  [Metrics] AUC:0.701 F1:0.680 SENS:0.810 SPEC:0.429 | COMPOSITE:0.6928 EMA:-0.5860
[segformer3d | fold 4 | epoch 020] train=0.4583 val_loss=0.4204 auc=0.6689 thr=0.506
  [Metrics] AUC:0.669 F1:0.731 SENS:0.905 SPEC:0.429 | COMPOSITE:0.7309 EMA:-0.7909
[segformer3d | fold 4 | epoch 021] train=0.4631 val_loss=0.3977 auc=0.7778 thr=0.481
  [Metrics] AUC:0.778 F1:0.776 SENS:0.905 SPEC:0.571 | COMPOSITE:0.7907 EMA:-0.3164
[segformer3d | fold 4 | epoch 022] train=0.4811 val_loss=0.3827 auc=0.8027 thr=0.531
  [Metrics] AUC:0.803 F1:0.708 SENS:0.810 SPEC:0.524 | COMPOSITE:0.7397 EMA:0.0004
[segformer3d | fold 4 | epoch 023] train=0.4701 val_loss=0.4027 auc=0.7823 thr=0.553
  [Metrics] AUC:0.782 F1:0.723 SENS:0.810 SPEC:0.571 | COMPOSITE:0.7455 EMA:0.2239
[segformer3d | fold 4 | epoch 024] train=0.4558 val_loss=0.4092 auc=0.7596 thr=0.499
  [Metrics] AUC:0.760 F1:0.769 SENS:0.952 SPEC:0.476 | COMPOSITE:0.7870 EMA:-0.2072
[segformer3d | fold 4 | epoch 025] train=0.4489 val_loss=0.4071 auc=0.7755 thr=0.526
  [Metrics] AUC:0.776 F1:0.708 SENS:0.810 SPEC:0.524 | COMPOSITE:0.7329 EMA:0.0748
[segformer3d | fold 4 | epoch 026] train=0.4316 val_loss=0.4158 auc=0.7528 thr=0.483
  [Metrics] AUC:0.753 F1:0.808 SENS:1.000 SPEC:0.524 | COMPOSITE:0.8187 EMA:0.2980
[segformer3d | fold 4 | epoch 027] train=0.4365 val_loss=0.3955 auc=0.7483 thr=0.546
  [Metrics] AUC:0.748 F1:0.708 SENS:0.810 SPEC:0.524 | COMPOSITE:0.7261 EMA:0.4264
[segformer3d | fold 4 | epoch 028] train=0.4770 val_loss=0.4041 auc=0.7370 thr=0.504
  [Metrics] AUC:0.737 F1:0.720 SENS:0.857 SPEC:0.476 | COMPOSITE:0.7357 EMA:-0.0808
[segformer3d | fold 4 | epoch 029] train=0.4608 val_loss=0.4181 auc=0.6667 thr=0.500
  [Metrics] AUC:0.667 F1:0.643 SENS:0.857 SPEC:0.190 | COMPOSITE:0.6560 EMA:-0.4598
[segformer3d | fold 4 | epoch 030] train=0.4567 val_loss=0.4367 auc=0.5941 thr=0.516
  [Metrics] AUC:0.594 F1:0.630 SENS:0.810 SPEC:0.238 | COMPOSITE:0.6250 EMA:-0.7344
[segformer3d | fold 4 | epoch 031] train=0.4532 val_loss=0.4276 auc=0.6735 thr=0.549
  [Metrics] AUC:0.673 F1:0.750 SENS:0.857 SPEC:0.571 | COMPOSITE:0.7416 EMA:-0.2916
[segformer3d | fold 4 | epoch 032] train=0.4828 val_loss=0.4333 auc=0.6236 thr=0.515
  [Metrics] AUC:0.624 F1:0.667 SENS:0.810 SPEC:0.381 | COMPOSITE:0.6630 EMA:-0.6052
[segformer3d | fold 4 | epoch 033] train=0.4707 val_loss=0.4531 auc=0.6304 thr=0.487
  [Metrics] AUC:0.630 F1:0.596 SENS:0.810 SPEC:0.095 | COMPOSITE:0.6043 EMA:-0.8423
[segformer3d | fold 4 | epoch 034] train=0.4645 val_loss=0.4334 auc=0.5850 thr=0.510
  [Metrics] AUC:0.585 F1:0.654 SENS:0.810 SPEC:0.333 | COMPOSITE:0.6431 EMA:-0.9967
[segformer3d | fold 4 | epoch 035] train=0.4666 val_loss=0.4420 auc=0.5986 thr=0.523
  [Metrics] AUC:0.599 F1:0.654 SENS:0.810 SPEC:0.333 | COMPOSITE:0.6465 EMA:-1.1038
[segformer3d | fold 4 | epoch 036] train=0.4436 val_loss=0.4464 auc=0.5760 thr=0.479
  [Metrics] AUC:0.576 F1:0.655 SENS:0.857 SPEC:0.238 | COMPOSITE:0.6433 EMA:-1.1796
[segformer3d | fold 4 | epoch 037] train=0.4348 val_loss=0.4219 auc=0.6395 thr=0.501
  [Metrics] AUC:0.639 F1:0.714 SENS:0.952 SPEC:0.286 | COMPOSITE:0.7146 EMA:-1.2114
[segformer3d | fold 4 | epoch 038] train=0.4461 val_loss=0.4188 auc=0.6984 thr=0.530
  [Metrics] AUC:0.698 F1:0.694 SENS:0.810 SPEC:0.476 | COMPOSITE:0.7028 EMA:-1.2371
[segformer3d | fold 4 | epoch 039] train=0.4404 val_loss=0.4152 auc=0.6621 thr=0.512
  [Metrics] AUC:0.662 F1:0.692 SENS:0.857 SPEC:0.381 | COMPOSITE:0.6958 EMA:-1.2572
[segformer3d | fold 4 | epoch 040] train=0.4298 val_loss=0.4129 auc=0.6984 thr=0.519
  [Metrics] AUC:0.698 F1:0.694 SENS:0.810 SPEC:0.476 | COMPOSITE:0.7028 EMA:-1.2692
[segformer3d | fold 4 | epoch 041] train=0.4570 val_loss=0.4128 auc=0.7188 thr=0.540
  [Metrics] AUC:0.719 F1:0.731 SENS:0.905 SPEC:0.429 | COMPOSITE:0.7433 EMA:-1.2654
[segformer3d | fold 4 | epoch 042] train=0.4647 val_loss=0.4240 auc=0.6599 thr=0.502
  [Metrics] AUC:0.660 F1:0.667 SENS:0.857 SPEC:0.286 | COMPOSITE:0.6745 EMA:-1.2835
[segformer3d | fold 4 | epoch 043] train=0.4615 val_loss=0.3948 auc=0.7823 thr=0.511
  [Metrics] AUC:0.782 F1:0.808 SENS:1.000 SPEC:0.524 | COMPOSITE:0.8261 EMA:-0.6506
[segformer3d | fold 4 | epoch 044] train=0.4457 val_loss=0.3978 auc=0.8005 thr=0.531
  [Metrics] AUC:0.800 F1:0.809 SENS:0.905 SPEC:0.667 | COMPOSITE:0.8189 EMA:-0.2098
[segformer3d | fold 4 | epoch 045] train=0.4330 val_loss=0.4055 auc=0.7619 thr=0.510
  [Metrics] AUC:0.762 F1:0.800 SENS:0.952 SPEC:0.571 | COMPOSITE:0.8095 EMA:0.0960
[segformer3d | fold 4 | epoch 046] train=0.4297 val_loss=0.4145 auc=0.7188 thr=0.508
  [Metrics] AUC:0.719 F1:0.760 SENS:0.905 SPEC:0.524 | COMPOSITE:0.7649 EMA:0.2967
[segformer3d | fold 4 | epoch 047] train=0.4418 val_loss=0.4078 auc=0.7732 thr=0.521
  [Metrics] AUC:0.773 F1:0.808 SENS:1.000 SPEC:0.524 | COMPOSITE:0.8238 EMA:0.4548
[segformer3d | fold 4 | epoch 048] train=0.4447 val_loss=0.3948 auc=0.7914 thr=0.536
  [Metrics] AUC:0.791 F1:0.833 SENS:0.952 SPEC:0.667 | COMPOSITE:0.8395 EMA:0.5702
[segformer3d | fold 4 | epoch 049] train=0.4587 val_loss=0.4009 auc=0.7937 thr=0.518
  [Metrics] AUC:0.794 F1:0.816 SENS:0.952 SPEC:0.619 | COMPOSITE:0.8287 EMA:0.6478
[segformer3d | fold 4 | epoch 050] train=0.4804 val_loss=0.4144 auc=0.7392 thr=0.516
  [Metrics] AUC:0.739 F1:0.760 SENS:0.905 SPEC:0.524 | COMPOSITE:0.7700 EMA:0.6845
[segformer3d | fold 4 | epoch 051] train=0.4558 val_loss=0.4015 auc=0.7370 thr=0.531
  [Metrics] AUC:0.737 F1:0.723 SENS:0.810 SPEC:0.571 | COMPOSITE:0.7341 EMA:0.6994
    ★ SAVED DUAL-PASS (SENS=0.810≥0.8 SPEC=0.571≥0.5 | comp=0.7341)
[segformer3d | fold 4 | epoch 052] train=0.4348 val_loss=0.3980 auc=0.7937 thr=0.531
  [Metrics] AUC:0.794 F1:0.809 SENS:0.905 SPEC:0.667 | COMPOSITE:0.8172 EMA:0.7347
    ★ SAVED DUAL-PASS (SENS=0.905≥0.8 SPEC=0.667≥0.5 | comp=0.8172)
[segformer3d | fold 4 | epoch 053] train=0.4585 val_loss=0.3974 auc=0.7642 thr=0.552
  [Metrics] AUC:0.764 F1:0.784 SENS:0.952 SPEC:0.524 | COMPOSITE:0.7990 EMA:0.7540
    ★ SAVED DUAL-PASS (SENS=0.952≥0.8 SPEC=0.524≥0.5 | comp=0.7990)
[segformer3d | fold 4 | epoch 054] train=0.4515 val_loss=0.3791 auc=0.8095 thr=0.518
  [Metrics] AUC:0.810 F1:0.808 SENS:1.000 SPEC:0.524 | COMPOSITE:0.8329 EMA:0.7777
    ★ SAVED DUAL-PASS (SENS=1.000≥0.8 SPEC=0.524≥0.5 | comp=0.8329)
[segformer3d | fold 4 | epoch 055] train=0.4507 val_loss=0.4139 auc=0.7143 thr=0.528
  [Metrics] AUC:0.714 F1:0.720 SENS:0.857 SPEC:0.476 | COMPOSITE:0.7300 EMA:0.1634
[segformer3d | fold 4 | epoch 056] train=0.4603 val_loss=0.4081 auc=0.7483 thr=0.547
  [Metrics] AUC:0.748 F1:0.756 SENS:0.810 SPEC:0.667 | COMPOSITE:0.7593 EMA:0.3421
[segformer3d | fold 4 | epoch 057] train=0.4457 val_loss=0.4018 auc=0.7846 thr=0.517
  [Metrics] AUC:0.785 F1:0.784 SENS:0.952 SPEC:0.524 | COMPOSITE:0.8041 EMA:0.4807
[segformer3d | fold 4 | epoch 058] train=0.4520 val_loss=0.4059 auc=0.7438 thr=0.540
  [Metrics] AUC:0.744 F1:0.694 SENS:0.810 SPEC:0.476 | COMPOSITE:0.7142 EMA:-0.0492
[segformer3d | fold 4 | epoch 059] train=0.4387 val_loss=0.4027 auc=0.7596 thr=0.532
  [Metrics] AUC:0.760 F1:0.739 SENS:0.810 SPEC:0.619 | COMPOSITE:0.7509 EMA:0.1908
[segformer3d | fold 4 | epoch 060] train=0.4402 val_loss=0.4004 auc=0.7778 thr=0.512
  [Metrics] AUC:0.778 F1:0.800 SENS:0.952 SPEC:0.571 | COMPOSITE:0.8135 EMA:0.3776
[segformer3d | fold 4 | epoch 061] train=0.4435 val_loss=0.4022 auc=0.7528 thr=0.513
  [Metrics] AUC:0.753 F1:0.750 SENS:0.857 SPEC:0.571 | COMPOSITE:0.7614 EMA:0.4928
[segformer3d | fold 4 | epoch 062] train=0.4451 val_loss=0.4031 auc=0.7528 thr=0.482
  [Metrics] AUC:0.753 F1:0.808 SENS:1.000 SPEC:0.524 | COMPOSITE:0.8187 EMA:0.5905
[segformer3d | fold 4 | epoch 063] train=0.4401 val_loss=0.4047 auc=0.7370 thr=0.483
  [Metrics] AUC:0.737 F1:0.760 SENS:0.905 SPEC:0.524 | COMPOSITE:0.7695 EMA:0.6442
[segformer3d | fold 4 | epoch 064] train=0.4291 val_loss=0.4073 auc=0.7370 thr=0.502
  [Metrics] AUC:0.737 F1:0.708 SENS:0.810 SPEC:0.524 | COMPOSITE:0.7232 EMA:0.6679
[segformer3d | fold 4 | epoch 065] train=0.4646 val_loss=0.3984 auc=0.7483 thr=0.508
  [Metrics] AUC:0.748 F1:0.750 SENS:0.857 SPEC:0.571 | COMPOSITE:0.7603 EMA:0.6956
[segformer3d | fold 4 | epoch 066] train=0.4636 val_loss=0.3797 auc=0.7891 thr=0.504
  [Metrics] AUC:0.789 F1:0.766 SENS:0.857 SPEC:0.619 | COMPOSITE:0.7816 EMA:0.7214
[segformer3d | fold 4 | epoch 067] train=0.4389 val_loss=0.3882 auc=0.7846 thr=0.524
  [Metrics] AUC:0.785 F1:0.756 SENS:0.810 SPEC:0.667 | COMPOSITE:0.7684 EMA:0.7355
[segformer3d | fold 4 | epoch 068] train=0.4597 val_loss=0.3857 auc=0.7687 thr=0.506
  [Metrics] AUC:0.769 F1:0.784 SENS:0.952 SPEC:0.524 | COMPOSITE:0.8002 EMA:0.7549
[segformer3d | fold 4 | epoch 069] train=0.4361 val_loss=0.3879 auc=0.7891 thr=0.495
  [Metrics] AUC:0.789 F1:0.784 SENS:0.952 SPEC:0.524 | COMPOSITE:0.8053 EMA:0.7700
[segformer3d | fold 4 | epoch 070] train=0.4404 val_loss=0.3822 auc=0.7937 thr=0.512
  [Metrics] AUC:0.794 F1:0.800 SENS:0.857 SPEC:0.714 | COMPOSITE:0.8056 EMA:0.7807
    ★ SAVED DUAL-PASS (SENS=0.857≥0.8 SPEC=0.714≥0.5 | comp=0.8056)
[segformer3d | fold 4 | epoch 071] train=0.4507 val_loss=0.3857 auc=0.7937 thr=0.512
  [Metrics] AUC:0.794 F1:0.784 SENS:0.952 SPEC:0.524 | COMPOSITE:0.8064 EMA:0.7884
    ★ SAVED DUAL-PASS (SENS=0.952≥0.8 SPEC=0.524≥0.5 | comp=0.8064)
[segformer3d | fold 4 | epoch 072] train=0.4492 val_loss=0.3881 auc=0.8050 thr=0.532
  [Metrics] AUC:0.805 F1:0.791 SENS:0.810 SPEC:0.762 | COMPOSITE:0.7965 EMA:0.7908
    ★ SAVED DUAL-PASS (SENS=0.810≥0.8 SPEC=0.762≥0.5 | comp=0.7965)
[segformer3d | fold 4 | epoch 073] train=0.4644 val_loss=0.3956 auc=0.7891 thr=0.507
  [Metrics] AUC:0.789 F1:0.792 SENS:0.905 SPEC:0.619 | COMPOSITE:0.8047 EMA:0.7950
    ★ SAVED DUAL-PASS (SENS=0.905≥0.8 SPEC=0.619≥0.5 | comp=0.8047)
[segformer3d | fold 4 | epoch 074] train=0.4286 val_loss=0.3906 auc=0.7868 thr=0.504
  [Metrics] AUC:0.787 F1:0.776 SENS:0.905 SPEC:0.571 | COMPOSITE:0.7930 EMA:0.7944
[segformer3d | fold 4 | epoch 075] train=0.4477 val_loss=0.3905 auc=0.8027 thr=0.517
  [Metrics] AUC:0.803 F1:0.816 SENS:0.952 SPEC:0.619 | COMPOSITE:0.8310 EMA:0.8054
    ★ SAVED DUAL-PASS (SENS=0.952≥0.8 SPEC=0.619≥0.5 | comp=0.8310)
[segformer3d | fold 4 | epoch 076] train=0.4377 val_loss=0.3892 auc=0.7619 thr=0.513
  [Metrics] AUC:0.762 F1:0.735 SENS:0.857 SPEC:0.524 | COMPOSITE:0.7527 EMA:0.7896
[segformer3d | fold 4 | epoch 077] train=0.4571 val_loss=0.3898 auc=0.7687 thr=0.511
  [Metrics] AUC:0.769 F1:0.760 SENS:0.905 SPEC:0.524 | COMPOSITE:0.7774 EMA:0.7859
[segformer3d | fold 4 | epoch 078] train=0.4559 val_loss=0.3968 auc=0.7528 thr=0.509
  [Metrics] AUC:0.753 F1:0.745 SENS:0.905 SPEC:0.476 | COMPOSITE:0.7626 EMA:0.1789
[segformer3d | fold 4 | epoch 079] train=0.4622 val_loss=0.4010 auc=0.7029 thr=0.550
  [Metrics] AUC:0.703 F1:0.692 SENS:0.857 SPEC:0.381 | COMPOSITE:0.7060 EMA:-0.2630
[segformer3d | fold 4 | epoch 080] train=0.4640 val_loss=0.3939 auc=0.7506 thr=0.505
  [Metrics] AUC:0.751 F1:0.708 SENS:0.810 SPEC:0.524 | COMPOSITE:0.7266 EMA:0.0339
[segformer3d | fold 4 | epoch 081] train=0.4298 val_loss=0.4020 auc=0.7415 thr=0.530
  [Metrics] AUC:0.741 F1:0.723 SENS:0.810 SPEC:0.571 | COMPOSITE:0.7353 EMA:0.2443
[segformer3d | fold 4 | epoch 082] train=0.4471 val_loss=0.4025 auc=0.7460 thr=0.515
  [Metrics] AUC:0.746 F1:0.750 SENS:0.857 SPEC:0.571 | COMPOSITE:0.7597 EMA:0.3989
[segformer3d | fold 4 | epoch 083] train=0.4492 val_loss=0.3903 auc=0.7959 thr=0.515
  [Metrics] AUC:0.796 F1:0.824 SENS:1.000 SPEC:0.571 | COMPOSITE:0.8406 EMA:0.5314
[segformer3d | fold 4 | epoch 084] train=0.4520 val_loss=0.4183 auc=0.7392 thr=0.514
  [Metrics] AUC:0.739 F1:0.766 SENS:0.857 SPEC:0.619 | COMPOSITE:0.7692 EMA:0.6027
[segformer3d | fold 4 | epoch 085] train=0.4442 val_loss=0.4226 auc=0.6893 thr=0.529
  [Metrics] AUC:0.689 F1:0.694 SENS:0.810 SPEC:0.476 | COMPOSITE:0.7006 EMA:0.0321
[segformer3d | fold 4 | epoch 086] train=0.4192 val_loss=0.4193 auc=0.7234 thr=0.536
  [Metrics] AUC:0.723 F1:0.750 SENS:0.857 SPEC:0.571 | COMPOSITE:0.7541 EMA:0.2487
[segformer3d | fold 4 | epoch 087] train=0.4497 val_loss=0.4065 auc=0.7551 thr=0.506
  [Metrics] AUC:0.755 F1:0.776 SENS:0.905 SPEC:0.571 | COMPOSITE:0.7850 EMA:0.4096
[segformer3d | fold 4 | epoch 088] train=0.4626 val_loss=0.4220 auc=0.7279 thr=0.516
  [Metrics] AUC:0.728 F1:0.776 SENS:0.905 SPEC:0.571 | COMPOSITE:0.7782 EMA:0.5202
[segformer3d | fold 4 | epoch 089] train=0.4535 val_loss=0.4083 auc=0.7755 thr=0.521
  [Metrics] AUC:0.776 F1:0.784 SENS:0.952 SPEC:0.524 | COMPOSITE:0.8019 EMA:0.6047
[segformer3d | fold 4 | epoch 090] train=0.4648 val_loss=0.3870 auc=0.7982 thr=0.531
  [Metrics] AUC:0.798 F1:0.800 SENS:0.952 SPEC:0.571 | COMPOSITE:0.8186 EMA:0.6689
[segformer3d | fold 4 | epoch 091] train=0.4602 val_loss=0.4147 auc=0.7664 thr=0.500
  [Metrics] AUC:0.766 F1:0.784 SENS:0.952 SPEC:0.524 | COMPOSITE:0.7996 EMA:0.7081
[segformer3d | fold 4 | epoch 092] train=0.4697 val_loss=0.4048 auc=0.7823 thr=0.515
  [Metrics] AUC:0.782 F1:0.792 SENS:0.905 SPEC:0.619 | COMPOSITE:0.8030 EMA:0.7366
[segformer3d | fold 4 | epoch 093] train=0.4485 val_loss=0.3859 auc=0.7891 thr=0.508
  [Metrics] AUC:0.789 F1:0.760 SENS:0.905 SPEC:0.524 | COMPOSITE:0.7825 EMA:0.7503
[segformer3d | fold 4 | epoch 094] train=0.4567 val_loss=0.3902 auc=0.8050 thr=0.529
  [Metrics] AUC:0.805 F1:0.784 SENS:0.952 SPEC:0.524 | COMPOSITE:0.8092 EMA:0.7680
[segformer3d | fold 4 | epoch 095] train=0.4458 val_loss=0.4002 auc=0.7823 thr=0.511
  [Metrics] AUC:0.782 F1:0.816 SENS:0.952 SPEC:0.619 | COMPOSITE:0.8259 EMA:0.7854
[segformer3d | fold 4 | epoch 096] train=0.4466 val_loss=0.3845 auc=0.8027 thr=0.529
  [Metrics] AUC:0.803 F1:0.809 SENS:0.905 SPEC:0.667 | COMPOSITE:0.8195 EMA:0.7956
[segformer3d | fold 4 | epoch 097] train=0.4433 val_loss=0.3958 auc=0.8005 thr=0.506
  [Metrics] AUC:0.800 F1:0.791 SENS:0.810 SPEC:0.762 | COMPOSITE:0.7954 EMA:0.7955
[segformer3d | fold 4 | epoch 098] train=0.4674 val_loss=0.3936 auc=0.8027 thr=0.510
  [Metrics] AUC:0.803 F1:0.808 SENS:1.000 SPEC:0.524 | COMPOSITE:0.8312 EMA:0.8062
    ★ SAVED DUAL-PASS (SENS=1.000≥0.8 SPEC=0.524≥0.5 | comp=0.8312)
[segformer3d | fold 4 | epoch 099] train=0.4378 val_loss=0.4019 auc=0.7574 thr=0.522
  [Metrics] AUC:0.757 F1:0.745 SENS:0.905 SPEC:0.476 | COMPOSITE:0.7637 EMA:0.1935
[segformer3d | fold 4 | epoch 100] train=0.4413 val_loss=0.3967 auc=0.7619 thr=0.521
  [Metrics] AUC:0.762 F1:0.776 SENS:0.905 SPEC:0.571 | COMPOSITE:0.7867 EMA:0.3715
  SWA model finalize ediliyor...
  SWA val COMPOSITE: 0.7394 | Best EMA COMPOSITE: 0.8062

=================================================================
  SegFormer3D Fold 4  |  Threshold: Youden 0.519
=================================================================
  Metrik                Değer                   95% CI
  -------------------------------------------------------
  AUC-ROC               0.803          [0.653 - 0.922]
  AUC-PR                0.792                        -
  Sensitivity           0.857          [0.687 - 1.000]
  Specificity           0.714          [0.500 - 0.895]
  PPV                   0.750          [0.550 - 0.913]
  NPV                   0.833          [0.643 - 1.000]
  Accuracy              0.786          [0.643 - 0.905]
  F1-Score              0.800          [0.638 - 0.913]
  Composite             0.808                        -

  CM: TP=18 FP=6 FN=3 TN=15
  Toplam Hata: 9/42
=================================================================

======================================================================
FOLD 5/5
======================================================================
  [Fold 5] class_counts: NEG=85, POS=79
  [Fold 5] MAE pretrained encoder yüklendi (204 katman).
[segformer3d | fold 5 | epoch 001] train=0.5421 val_loss=0.5817 auc=0.3619 thr=0.355
  [Metrics] AUC:0.362 F1:0.621 SENS:0.900 SPEC:0.048 | COMPOSITE:0.5678 EMA:-1.4322
[segformer3d | fold 5 | epoch 002] train=0.5256 val_loss=0.5481 auc=0.2929 thr=0.276
  [Metrics] AUC:0.293 F1:0.656 SENS:1.000 SPEC:0.000 | COMPOSITE:0.5871 EMA:-1.4264
[segformer3d | fold 5 | epoch 003] train=0.5861 val_loss=0.6216 auc=0.2238 thr=0.350
  [Metrics] AUC:0.224 F1:0.571 SENS:0.800 SPEC:0.048 | COMPOSITE:0.4860 EMA:-1.4527
    ☆ SAVED FALLBACK (SENS=0.800 SPEC=0.048 | comp=0.4860)
[segformer3d | fold 5 | epoch 004] train=0.5426 val_loss=0.4910 auc=0.4048 thr=0.439
  [Metrics] AUC:0.405 F1:0.632 SENS:0.900 SPEC:0.095 | COMPOSITE:0.5884 EMA:-1.4404
    ☆ SAVED FALLBACK (SENS=0.900 SPEC=0.095 | comp=0.5884)
[segformer3d | fold 5 | epoch 005] train=0.5235 val_loss=0.5455 auc=0.3381 thr=0.408
  [Metrics] AUC:0.338 F1:0.593 SENS:0.800 SPEC:0.143 | COMPOSITE:0.5341 EMA:-1.4480
[segformer3d | fold 5 | epoch 006] train=0.5270 val_loss=0.4972 auc=0.4333 thr=0.434
  [Metrics] AUC:0.433 F1:0.655 SENS:0.950 SPEC:0.095 | COMPOSITE:0.6189 EMA:-1.4279
    ☆ SAVED FALLBACK (SENS=0.950 SPEC=0.095 | comp=0.6189)
[segformer3d | fold 5 | epoch 007] train=0.5172 val_loss=0.5323 auc=0.4524 thr=0.393
  [Metrics] AUC:0.452 F1:0.607 SENS:0.850 SPEC:0.095 | COMPOSITE:0.5767 EMA:-1.4266
    ☆ SAVED FALLBACK (SENS=0.850 SPEC=0.095 | comp=0.5767)
[segformer3d | fold 5 | epoch 008] train=0.5229 val_loss=0.4838 auc=0.5524 thr=0.448
  [Metrics] AUC:0.552 F1:0.667 SENS:0.800 SPEC:0.429 | COMPOSITE:0.6490 EMA:-1.4039
    ☆ SAVED FALLBACK (SENS=0.800 SPEC=0.429 | comp=0.6490)
[segformer3d | fold 5 | epoch 009] train=0.5117 val_loss=0.4541 auc=0.5833 thr=0.497
  [Metrics] AUC:0.583 F1:0.696 SENS:0.800 SPEC:0.524 | COMPOSITE:0.6783 EMA:-0.7792
    ★ SAVED DUAL-PASS (SENS=0.800≥0.8 SPEC=0.524≥0.5 | comp=0.6783)
[segformer3d | fold 5 | epoch 010] train=0.4514 val_loss=0.4555 auc=0.6381 thr=0.468
  [Metrics] AUC:0.638 F1:0.696 SENS:0.800 SPEC:0.524 | COMPOSITE:0.6920 EMA:-0.3379
    ★ SAVED DUAL-PASS (SENS=0.800≥0.8 SPEC=0.524≥0.5 | comp=0.6920)
[segformer3d | fold 5 | epoch 011] train=0.4551 val_loss=0.4131 auc=0.7167 thr=0.461
  [Metrics] AUC:0.717 F1:0.696 SENS:0.800 SPEC:0.524 | COMPOSITE:0.7117 EMA:-0.0230
    ★ SAVED DUAL-PASS (SENS=0.800≥0.8 SPEC=0.524≥0.5 | comp=0.7117)
[segformer3d | fold 5 | epoch 012] train=0.4572 val_loss=0.4372 auc=0.6524 thr=0.496
  [Metrics] AUC:0.652 F1:0.708 SENS:0.850 SPEC:0.476 | COMPOSITE:0.7091 EMA:-0.4034
[segformer3d | fold 5 | epoch 013] train=0.4931 val_loss=0.4181 auc=0.7214 thr=0.507
  [Metrics] AUC:0.721 F1:0.766 SENS:0.900 SPEC:0.571 | COMPOSITE:0.7726 EMA:-0.0506
[segformer3d | fold 5 | epoch 014] train=0.4822 val_loss=0.4065 auc=0.7000 thr=0.495
  [Metrics] AUC:0.700 F1:0.681 SENS:0.800 SPEC:0.476 | COMPOSITE:0.6966 EMA:-0.4264
[segformer3d | fold 5 | epoch 015] train=0.4695 val_loss=0.4007 auc=0.7357 thr=0.506
  [Metrics] AUC:0.736 F1:0.723 SENS:0.850 SPEC:0.524 | COMPOSITE:0.7409 EMA:-0.0762
[segformer3d | fold 5 | epoch 016] train=0.4716 val_loss=0.4003 auc=0.7238 thr=0.446
  [Metrics] AUC:0.724 F1:0.720 SENS:0.900 SPEC:0.429 | COMPOSITE:0.7402 EMA:-0.4313
[segformer3d | fold 5 | epoch 017] train=0.4836 val_loss=0.3914 auc=0.7381 thr=0.445
  [Metrics] AUC:0.738 F1:0.720 SENS:0.900 SPEC:0.429 | COMPOSITE:0.7438 EMA:-0.6788
[segformer3d | fold 5 | epoch 018] train=0.4927 val_loss=0.3937 auc=0.7238 thr=0.475
  [Metrics] AUC:0.724 F1:0.681 SENS:0.800 SPEC:0.476 | COMPOSITE:0.7026 EMA:-0.8644
[segformer3d | fold 5 | epoch 019] train=0.4576 val_loss=0.4204 auc=0.6524 thr=0.481
  [Metrics] AUC:0.652 F1:0.667 SENS:0.850 SPEC:0.333 | COMPOSITE:0.6773 EMA:-1.0019
[segformer3d | fold 5 | epoch 020] train=0.4282 val_loss=0.4189 auc=0.6548 thr=0.475
  [Metrics] AUC:0.655 F1:0.642 SENS:0.850 SPEC:0.238 | COMPOSITE:0.6573 EMA:-1.1041
[segformer3d | fold 5 | epoch 021] train=0.4691 val_loss=0.4145 auc=0.7238 thr=0.480
  [Metrics] AUC:0.724 F1:0.696 SENS:0.800 SPEC:0.524 | COMPOSITE:0.7134 EMA:-0.5589
[segformer3d | fold 5 | epoch 022] train=0.4537 val_loss=0.4113 auc=0.7167 thr=0.485
  [Metrics] AUC:0.717 F1:0.727 SENS:0.800 SPEC:0.619 | COMPOSITE:0.7338 EMA:-0.1710
[segformer3d | fold 5 | epoch 023] train=0.4652 val_loss=0.4049 auc=0.6905 thr=0.461
  [Metrics] AUC:0.690 F1:0.640 SENS:0.800 SPEC:0.333 | COMPOSITE:0.6626 EMA:-0.5209
[segformer3d | fold 5 | epoch 024] train=0.4622 val_loss=0.4092 auc=0.7048 thr=0.461
  [Metrics] AUC:0.705 F1:0.653 SENS:0.800 SPEC:0.381 | COMPOSITE:0.6766 EMA:-0.7617
[segformer3d | fold 5 | epoch 025] train=0.4858 val_loss=0.4010 auc=0.7310 thr=0.520
  [Metrics] AUC:0.731 F1:0.727 SENS:0.800 SPEC:0.619 | COMPOSITE:0.7374 EMA:-0.3120
[segformer3d | fold 5 | epoch 026] train=0.4771 val_loss=0.4106 auc=0.6952 thr=0.500
  [Metrics] AUC:0.695 F1:0.696 SENS:0.800 SPEC:0.524 | COMPOSITE:0.7063 EMA:-0.0065
    ★ SAVED DUAL-PASS (SENS=0.800≥0.8 SPEC=0.524≥0.5 | comp=0.7063)
[segformer3d | fold 5 | epoch 027] train=0.4774 val_loss=0.4006 auc=0.7214 thr=0.498
  [Metrics] AUC:0.721 F1:0.653 SENS:0.800 SPEC:0.381 | COMPOSITE:0.6808 EMA:-0.4003
[segformer3d | fold 5 | epoch 028] train=0.4644 val_loss=0.3968 auc=0.7381 thr=0.474
  [Metrics] AUC:0.738 F1:0.723 SENS:0.850 SPEC:0.524 | COMPOSITE:0.7414 EMA:-0.0578
[segformer3d | fold 5 | epoch 029] train=0.4629 val_loss=0.4000 auc=0.7429 thr=0.486
  [Metrics] AUC:0.743 F1:0.723 SENS:0.850 SPEC:0.524 | COMPOSITE:0.7426 EMA:0.1823
    ★ SAVED DUAL-PASS (SENS=0.850≥0.8 SPEC=0.524≥0.5 | comp=0.7426)
[segformer3d | fold 5 | epoch 030] train=0.4661 val_loss=0.3970 auc=0.7643 thr=0.502
  [Metrics] AUC:0.764 F1:0.744 SENS:0.800 SPEC:0.667 | COMPOSITE:0.7571 EMA:0.3548
    ★ SAVED DUAL-PASS (SENS=0.800≥0.8 SPEC=0.667≥0.5 | comp=0.7571)
[segformer3d | fold 5 | epoch 031] train=0.4785 val_loss=0.3861 auc=0.7762 thr=0.485
  [Metrics] AUC:0.776 F1:0.727 SENS:0.800 SPEC:0.619 | COMPOSITE:0.7487 EMA:0.4730
    ★ SAVED DUAL-PASS (SENS=0.800≥0.8 SPEC=0.619≥0.5 | comp=0.7487)
[segformer3d | fold 5 | epoch 032] train=0.4698 val_loss=0.3847 auc=0.8048 thr=0.463
  [Metrics] AUC:0.805 F1:0.750 SENS:0.900 SPEC:0.524 | COMPOSITE:0.7823 EMA:0.5658
    ★ SAVED DUAL-PASS (SENS=0.900≥0.8 SPEC=0.524≥0.5 | comp=0.7823)
[segformer3d | fold 5 | epoch 033] train=0.4594 val_loss=0.3628 auc=0.7762 thr=0.488
  [Metrics] AUC:0.776 F1:0.696 SENS:0.800 SPEC:0.524 | COMPOSITE:0.7265 EMA:0.6140
    ★ SAVED DUAL-PASS (SENS=0.800≥0.8 SPEC=0.524≥0.5 | comp=0.7265)
[segformer3d | fold 5 | epoch 034] train=0.4519 val_loss=0.3846 auc=0.7857 thr=0.443
  [Metrics] AUC:0.786 F1:0.735 SENS:0.900 SPEC:0.476 | COMPOSITE:0.7665 EMA:0.0597
[segformer3d | fold 5 | epoch 035] train=0.4702 val_loss=0.3938 auc=0.7738 thr=0.483
  [Metrics] AUC:0.774 F1:0.711 SENS:0.800 SPEC:0.571 | COMPOSITE:0.7369 EMA:0.2629
[segformer3d | fold 5 | epoch 036] train=0.4611 val_loss=0.3875 auc=0.7881 thr=0.480
  [Metrics] AUC:0.788 F1:0.708 SENS:0.850 SPEC:0.476 | COMPOSITE:0.7430 EMA:-0.1931
[segformer3d | fold 5 | epoch 037] train=0.4644 val_loss=0.3821 auc=0.8095 thr=0.471
  [Metrics] AUC:0.810 F1:0.766 SENS:0.900 SPEC:0.571 | COMPOSITE:0.7946 EMA:0.1032
[segformer3d | fold 5 | epoch 038] train=0.4521 val_loss=0.3793 auc=0.7929 thr=0.465
  [Metrics] AUC:0.793 F1:0.727 SENS:0.800 SPEC:0.619 | COMPOSITE:0.7529 EMA:0.2981
[segformer3d | fold 5 | epoch 039] train=0.4750 val_loss=0.3852 auc=0.8000 thr=0.461
  [Metrics] AUC:0.800 F1:0.756 SENS:0.850 SPEC:0.619 | COMPOSITE:0.7792 EMA:0.4425
[segformer3d | fold 5 | epoch 040] train=0.4706 val_loss=0.3707 auc=0.7929 thr=0.493
  [Metrics] AUC:0.793 F1:0.727 SENS:0.800 SPEC:0.619 | COMPOSITE:0.7529 EMA:0.5356
[segformer3d | fold 5 | epoch 041] train=0.4397 val_loss=0.3665 auc=0.7786 thr=0.496
  [Metrics] AUC:0.779 F1:0.681 SENS:0.800 SPEC:0.476 | COMPOSITE:0.7163 EMA:-0.0102
[segformer3d | fold 5 | epoch 042] train=0.4669 val_loss=0.4044 auc=0.7833 thr=0.477
  [Metrics] AUC:0.783 F1:0.696 SENS:0.800 SPEC:0.524 | COMPOSITE:0.7283 EMA:0.2114
[segformer3d | fold 5 | epoch 043] train=0.4544 val_loss=0.3791 auc=0.7810 thr=0.479
  [Metrics] AUC:0.781 F1:0.694 SENS:0.850 SPEC:0.429 | COMPOSITE:0.7305 EMA:-0.2329
[segformer3d | fold 5 | epoch 044] train=0.4439 val_loss=0.3904 auc=0.7929 thr=0.474
  [Metrics] AUC:0.793 F1:0.744 SENS:0.800 SPEC:0.667 | COMPOSITE:0.7643 EMA:0.0662
[segformer3d | fold 5 | epoch 045] train=0.4441 val_loss=0.3961 auc=0.7762 thr=0.503
  [Metrics] AUC:0.776 F1:0.727 SENS:0.800 SPEC:0.619 | COMPOSITE:0.7487 EMA:0.2710
[segformer3d | fold 5 | epoch 046] train=0.4571 val_loss=0.4019 auc=0.7476 thr=0.480
  [Metrics] AUC:0.748 F1:0.696 SENS:0.800 SPEC:0.524 | COMPOSITE:0.7194 EMA:0.4055
[segformer3d | fold 5 | epoch 047] train=0.4511 val_loss=0.4161 auc=0.7071 thr=0.491
  [Metrics] AUC:0.707 F1:0.694 SENS:0.850 SPEC:0.429 | COMPOSITE:0.7120 EMA:-0.1025
[segformer3d | fold 5 | epoch 048] train=0.4464 val_loss=0.3889 auc=0.7595 thr=0.507
  [Metrics] AUC:0.760 F1:0.723 SENS:0.850 SPEC:0.524 | COMPOSITE:0.7468 EMA:0.1523
[segformer3d | fold 5 | epoch 049] train=0.4469 val_loss=0.4119 auc=0.7262 thr=0.481
  [Metrics] AUC:0.726 F1:0.696 SENS:0.800 SPEC:0.524 | COMPOSITE:0.7140 EMA:0.3208
[segformer3d | fold 5 | epoch 050] train=0.4488 val_loss=0.4163 auc=0.7238 thr=0.485
  [Metrics] AUC:0.724 F1:0.681 SENS:0.800 SPEC:0.476 | COMPOSITE:0.7026 EMA:-0.1647
[segformer3d | fold 5 | epoch 051] train=0.4404 val_loss=0.4078 auc=0.7571 thr=0.484
  [Metrics] AUC:0.757 F1:0.708 SENS:0.850 SPEC:0.476 | COMPOSITE:0.7353 EMA:-0.4947
[segformer3d | fold 5 | epoch 052] train=0.4597 val_loss=0.3856 auc=0.7524 thr=0.497
  [Metrics] AUC:0.752 F1:0.680 SENS:0.850 SPEC:0.381 | COMPOSITE:0.7127 EMA:-0.7325
[segformer3d | fold 5 | epoch 053] train=0.4451 val_loss=0.4148 auc=0.7214 thr=0.492
  [Metrics] AUC:0.721 F1:0.694 SENS:0.850 SPEC:0.429 | COMPOSITE:0.7156 EMA:-0.8980
[segformer3d | fold 5 | epoch 054] train=0.4629 val_loss=0.4204 auc=0.7476 thr=0.474
  [Metrics] AUC:0.748 F1:0.696 SENS:0.800 SPEC:0.524 | COMPOSITE:0.7194 EMA:-0.4128
[segformer3d | fold 5 | epoch 055] train=0.4619 val_loss=0.4135 auc=0.7333 thr=0.488
  [Metrics] AUC:0.733 F1:0.723 SENS:0.850 SPEC:0.524 | COMPOSITE:0.7403 EMA:-0.0669
[segformer3d | fold 5 | epoch 056] train=0.4621 val_loss=0.4069 auc=0.7571 thr=0.476
  [Metrics] AUC:0.757 F1:0.727 SENS:0.800 SPEC:0.619 | COMPOSITE:0.7440 EMA:0.1764
[segformer3d | fold 5 | epoch 057] train=0.4073 val_loss=0.3979 auc=0.7690 thr=0.518
  [Metrics] AUC:0.769 F1:0.791 SENS:0.850 SPEC:0.714 | COMPOSITE:0.7946 EMA:0.3618
[segformer3d | fold 5 | epoch 058] train=0.4427 val_loss=0.3905 auc=0.7333 thr=0.506
  [Metrics] AUC:0.733 F1:0.727 SENS:0.800 SPEC:0.619 | COMPOSITE:0.7380 EMA:0.4747
[segformer3d | fold 5 | epoch 059] train=0.4705 val_loss=0.4051 auc=0.7833 thr=0.484
  [Metrics] AUC:0.783 F1:0.762 SENS:0.800 SPEC:0.714 | COMPOSITE:0.7735 EMA:0.5643
[segformer3d | fold 5 | epoch 060] train=0.4686 val_loss=0.3938 auc=0.7714 thr=0.511
  [Metrics] AUC:0.771 F1:0.727 SENS:0.800 SPEC:0.619 | COMPOSITE:0.7475 EMA:0.6193
    ★ SAVED DUAL-PASS (SENS=0.800≥0.8 SPEC=0.619≥0.5 | comp=0.7475)
[segformer3d | fold 5 | epoch 061] train=0.4412 val_loss=0.3943 auc=0.7929 thr=0.491
  [Metrics] AUC:0.793 F1:0.756 SENS:0.850 SPEC:0.619 | COMPOSITE:0.7775 EMA:0.6667
    ★ SAVED DUAL-PASS (SENS=0.850≥0.8 SPEC=0.619≥0.5 | comp=0.7775)
[segformer3d | fold 5 | epoch 062] train=0.4370 val_loss=0.4024 auc=0.7714 thr=0.503
  [Metrics] AUC:0.771 F1:0.696 SENS:0.800 SPEC:0.524 | COMPOSITE:0.7253 EMA:0.6843
    ★ SAVED DUAL-PASS (SENS=0.800≥0.8 SPEC=0.524≥0.5 | comp=0.7253)
[segformer3d | fold 5 | epoch 063] train=0.4436 val_loss=0.3894 auc=0.7810 thr=0.492
  [Metrics] AUC:0.781 F1:0.696 SENS:0.800 SPEC:0.524 | COMPOSITE:0.7277 EMA:0.6973
    ★ SAVED DUAL-PASS (SENS=0.800≥0.8 SPEC=0.524≥0.5 | comp=0.7277)
[segformer3d | fold 5 | epoch 064] train=0.4402 val_loss=0.3924 auc=0.8071 thr=0.479
  [Metrics] AUC:0.807 F1:0.766 SENS:0.900 SPEC:0.571 | COMPOSITE:0.7940 EMA:0.7263
    ★ SAVED DUAL-PASS (SENS=0.900≥0.8 SPEC=0.571≥0.5 | comp=0.7940)
[segformer3d | fold 5 | epoch 065] train=0.4338 val_loss=0.4123 auc=0.7690 thr=0.461
  [Metrics] AUC:0.769 F1:0.766 SENS:0.900 SPEC:0.571 | COMPOSITE:0.7845 EMA:0.7438
    ★ SAVED DUAL-PASS (SENS=0.900≥0.8 SPEC=0.571≥0.5 | comp=0.7845)
[segformer3d | fold 5 | epoch 066] train=0.4395 val_loss=0.3958 auc=0.7548 thr=0.506
  [Metrics] AUC:0.755 F1:0.696 SENS:0.800 SPEC:0.524 | COMPOSITE:0.7212 EMA:0.7370
[segformer3d | fold 5 | epoch 067] train=0.4765 val_loss=0.3956 auc=0.7500 thr=0.497
  [Metrics] AUC:0.750 F1:0.773 SENS:0.850 SPEC:0.667 | COMPOSITE:0.7782 EMA:0.7494
    ★ SAVED DUAL-PASS (SENS=0.850≥0.8 SPEC=0.667≥0.5 | comp=0.7782)
[segformer3d | fold 5 | epoch 068] train=0.4808 val_loss=0.3929 auc=0.7690 thr=0.510
  [Metrics] AUC:0.769 F1:0.756 SENS:0.850 SPEC:0.619 | COMPOSITE:0.7715 EMA:0.7560
    ★ SAVED DUAL-PASS (SENS=0.850≥0.8 SPEC=0.619≥0.5 | comp=0.7715)
[segformer3d | fold 5 | epoch 069] train=0.4548 val_loss=0.3622 auc=0.7929 thr=0.521
  [Metrics] AUC:0.793 F1:0.773 SENS:0.850 SPEC:0.667 | COMPOSITE:0.7889 EMA:0.7659
    ★ SAVED DUAL-PASS (SENS=0.850≥0.8 SPEC=0.667≥0.5 | comp=0.7889)
[segformer3d | fold 5 | epoch 070] train=0.4611 val_loss=0.4029 auc=0.7857 thr=0.476
  [Metrics] AUC:0.786 F1:0.739 SENS:0.850 SPEC:0.571 | COMPOSITE:0.7644 EMA:0.7654
[segformer3d | fold 5 | epoch 071] train=0.4576 val_loss=0.3919 auc=0.8024 thr=0.491
  [Metrics] AUC:0.802 F1:0.773 SENS:0.850 SPEC:0.667 | COMPOSITE:0.7913 EMA:0.7732
    ★ SAVED DUAL-PASS (SENS=0.850≥0.8 SPEC=0.667≥0.5 | comp=0.7913)
[segformer3d | fold 5 | epoch 072] train=0.4157 val_loss=0.3897 auc=0.7952 thr=0.481
  [Metrics] AUC:0.795 F1:0.783 SENS:0.900 SPEC:0.619 | COMPOSITE:0.8023 EMA:0.7819
    ★ SAVED DUAL-PASS (SENS=0.900≥0.8 SPEC=0.619≥0.5 | comp=0.8023)
[segformer3d | fold 5 | epoch 073] train=0.4666 val_loss=0.4053 auc=0.7381 thr=0.486
  [Metrics] AUC:0.738 F1:0.681 SENS:0.800 SPEC:0.476 | COMPOSITE:0.7062 EMA:0.1592
[segformer3d | fold 5 | epoch 074] train=0.4750 val_loss=0.3945 auc=0.7857 thr=0.484
  [Metrics] AUC:0.786 F1:0.756 SENS:0.850 SPEC:0.619 | COMPOSITE:0.7757 EMA:0.3441
[segformer3d | fold 5 | epoch 075] train=0.4627 val_loss=0.3990 auc=0.7738 thr=0.476
  [Metrics] AUC:0.774 F1:0.681 SENS:0.800 SPEC:0.476 | COMPOSITE:0.7151 EMA:-0.1446
[segformer3d | fold 5 | epoch 076] train=0.4376 val_loss=0.4185 auc=0.7690 thr=0.464
  [Metrics] AUC:0.769 F1:0.727 SENS:0.800 SPEC:0.619 | COMPOSITE:0.7469 EMA:0.1229
[segformer3d | fold 5 | epoch 077] train=0.4486 val_loss=0.4097 auc=0.7929 thr=0.471
  [Metrics] AUC:0.793 F1:0.696 SENS:0.800 SPEC:0.524 | COMPOSITE:0.7307 EMA:0.3052
[segformer3d | fold 5 | epoch 078] train=0.4499 val_loss=0.4054 auc=0.7667 thr=0.469
  [Metrics] AUC:0.767 F1:0.680 SENS:0.850 SPEC:0.381 | COMPOSITE:0.7163 EMA:-0.1714
[segformer3d | fold 5 | epoch 079] train=0.4425 val_loss=0.3924 auc=0.8119 thr=0.503
  [Metrics] AUC:0.812 F1:0.762 SENS:0.800 SPEC:0.714 | COMPOSITE:0.7806 EMA:0.1142
[segformer3d | fold 5 | epoch 080] train=0.4567 val_loss=0.4066 auc=0.7476 thr=0.479
  [Metrics] AUC:0.748 F1:0.681 SENS:0.800 SPEC:0.476 | COMPOSITE:0.7085 EMA:-0.3075
[segformer3d | fold 5 | epoch 081] train=0.4268 val_loss=0.4187 auc=0.7524 thr=0.480
  [Metrics] AUC:0.752 F1:0.756 SENS:0.850 SPEC:0.619 | COMPOSITE:0.7673 EMA:0.0149
[segformer3d | fold 5 | epoch 082] train=0.4303 val_loss=0.4159 auc=0.7619 thr=0.489
  [Metrics] AUC:0.762 F1:0.762 SENS:0.800 SPEC:0.714 | COMPOSITE:0.7681 EMA:0.2409
[segformer3d | fold 5 | epoch 083] train=0.4506 val_loss=0.4139 auc=0.7524 thr=0.481
  [Metrics] AUC:0.752 F1:0.696 SENS:0.800 SPEC:0.524 | COMPOSITE:0.7206 EMA:0.3848
[segformer3d | fold 5 | epoch 084] train=0.4484 val_loss=0.3991 auc=0.7786 thr=0.482
  [Metrics] AUC:0.779 F1:0.756 SENS:0.850 SPEC:0.619 | COMPOSITE:0.7739 EMA:0.5015
[segformer3d | fold 5 | epoch 085] train=0.4836 val_loss=0.3924 auc=0.7952 thr=0.483
  [Metrics] AUC:0.795 F1:0.744 SENS:0.800 SPEC:0.667 | COMPOSITE:0.7649 EMA:0.5805
[segformer3d | fold 5 | epoch 086] train=0.4820 val_loss=0.3736 auc=0.7714 thr=0.482
  [Metrics] AUC:0.771 F1:0.681 SENS:0.800 SPEC:0.476 | COMPOSITE:0.7145 EMA:0.0207
[segformer3d | fold 5 | epoch 087] train=0.4418 val_loss=0.3922 auc=0.7833 thr=0.491
  [Metrics] AUC:0.783 F1:0.739 SENS:0.850 SPEC:0.571 | COMPOSITE:0.7638 EMA:0.2436
[segformer3d | fold 5 | epoch 088] train=0.4485 val_loss=0.4134 auc=0.7381 thr=0.461
  [Metrics] AUC:0.738 F1:0.680 SENS:0.850 SPEC:0.381 | COMPOSITE:0.7092 EMA:-0.2167
[segformer3d | fold 5 | epoch 089] train=0.4567 val_loss=0.4126 auc=0.7619 thr=0.493
  [Metrics] AUC:0.762 F1:0.744 SENS:0.800 SPEC:0.667 | COMPOSITE:0.7565 EMA:0.0753
[segformer3d | fold 5 | epoch 090] train=0.4586 val_loss=0.3975 auc=0.7738 thr=0.478
  [Metrics] AUC:0.774 F1:0.723 SENS:0.850 SPEC:0.524 | COMPOSITE:0.7504 EMA:0.2778
[segformer3d | fold 5 | epoch 091] train=0.4489 val_loss=0.3832 auc=0.7738 thr=0.495
  [Metrics] AUC:0.774 F1:0.696 SENS:0.800 SPEC:0.524 | COMPOSITE:0.7259 EMA:0.4122
[segformer3d | fold 5 | epoch 092] train=0.5024 val_loss=0.4112 auc=0.7690 thr=0.478
  [Metrics] AUC:0.769 F1:0.711 SENS:0.800 SPEC:0.571 | COMPOSITE:0.7358 EMA:0.5093
[segformer3d | fold 5 | epoch 093] train=0.4417 val_loss=0.3931 auc=0.7905 thr=0.459
  [Metrics] AUC:0.790 F1:0.694 SENS:0.850 SPEC:0.429 | COMPOSITE:0.7329 EMA:-0.0236
[segformer3d | fold 5 | epoch 094] train=0.4741 val_loss=0.3924 auc=0.7571 thr=0.478
  [Metrics] AUC:0.757 F1:0.735 SENS:0.900 SPEC:0.476 | COMPOSITE:0.7594 EMA:-0.3887
[segformer3d | fold 5 | epoch 095] train=0.4636 val_loss=0.4038 auc=0.7786 thr=0.477
  [Metrics] AUC:0.779 F1:0.727 SENS:0.800 SPEC:0.619 | COMPOSITE:0.7493 EMA:-0.0473
[segformer3d | fold 5 | epoch 096] train=0.4501 val_loss=0.3944 auc=0.7881 thr=0.493
  [Metrics] AUC:0.788 F1:0.773 SENS:0.850 SPEC:0.667 | COMPOSITE:0.7877 EMA:0.2032
[segformer3d | fold 5 | epoch 097] train=0.4607 val_loss=0.3942 auc=0.7595 thr=0.511
  [Metrics] AUC:0.760 F1:0.696 SENS:0.800 SPEC:0.524 | COMPOSITE:0.7224 EMA:0.3589
  Early stopping @ epoch 97 (best EMA score=0.7819)
  SWA model finalize ediliyor...
  SWA val COMPOSITE: 0.7337 | Best EMA COMPOSITE: 0.7819

=================================================================
  SegFormer3D Fold 5  |  Threshold: Youden 0.481
=================================================================
  Metrik                Değer                   95% CI
  -------------------------------------------------------
  AUC-ROC               0.795          [0.645 - 0.926]
  AUC-PR                0.829                        -
  Sensitivity           0.900          [0.750 - 1.000]
  Specificity           0.619          [0.400 - 0.833]
  PPV                   0.692          [0.500 - 0.870]
  NPV                   0.867          [0.667 - 1.000]
  Accuracy              0.756          [0.610 - 0.878]
  F1-Score              0.783          [0.629 - 0.898]
  Composite             0.802                        -

  CM: TP=18 FP=8 FN=2 TN=13
  Toplam Hata: 10/41
=================================================================

AGGREGATE OOF (5-Fold Cross-Validation):

=================================================================
  SegFormer3D Aggregate OOF  |  Threshold: Youden 0.542
=================================================================
  Metrik                Değer                   95% CI
  -------------------------------------------------------
  AUC-ROC               0.635          [0.558 - 0.712]
  AUC-PR                0.646                        -
  Sensitivity           0.470          [0.374 - 0.568]
  Specificity           0.776          [0.695 - 0.851]
  PPV                   0.662          [0.545 - 0.773]
  NPV                   0.610          [0.528 - 0.688]
  Accuracy              0.628          [0.565 - 0.696]
  F1-Score              0.550          [0.454 - 0.636]
  Composite             0.577                        -

  CM: TP=47 FP=24 FN=53 TN=83
  Toplam Hata: 77/207
=================================================================

SegFormer3D-MSCA — Kalibrasyon: Brier=0.2369 | ECE=0.1020

SegFormer3D-MSCA — EXTERNAL TEST (ALL FOLDS + ENSEMBLE):
               fold  auc_roc  sensitivity  specificity  accuracy    f1   ppv   npv  tp  fp  fn  tn
             Fold 1    0.582        0.444        0.895     0.676 0.571 0.800 0.630   8   2  10  17
             Fold 2    0.594        0.500        0.737     0.622 0.562 0.643 0.609   9   5   9  14
             Fold 3    0.693        0.944        0.474     0.703 0.756 0.630 0.900  17  10   1   9
             Fold 4    0.620        0.500        0.895     0.703 0.621 0.818 0.654   9   2   9  17
             Fold 5    0.599        0.389        0.895     0.649 0.519 0.778 0.607   7   2  11  17
    Ensemble (@0.5)    0.608        0.667        0.474     0.568 0.600 0.545 0.600  12  10   6   9
 Ensemble (@Youden)    0.608        0.444        0.842     0.649 0.552 0.727 0.615   8   3  10  16
Ensemble (90+ Sens)    0.608        0.944        0.105     0.514 0.654 0.500 0.667  17  17   1   2

SegFormer3D-MSCA — ENSEMBLE @Youden (0.564) — %95 Bootstrap CI:

=================================================================
  SegFormer3D-MSCA  |  Threshold: Youden 0.564
=================================================================
  Metrik                Değer                   95% CI
  -------------------------------------------------------
  AUC-ROC               0.608          [0.414 - 0.791]
  AUC-PR                0.699                        -
  Sensitivity           0.444          [0.231 - 0.692]
  Specificity           0.842          [0.647 - 1.000]
  PPV                   0.727          [0.444 - 1.000]
  NPV                   0.615          [0.419 - 0.808]
  Accuracy              0.649          [0.486 - 0.784]
  F1-Score              0.552          [0.312 - 0.750]
  Composite             0.572                        -

  CM: TP=8 FP=3 FN=10 TN=16
  Toplam Hata: 13/37
=================================================================

SegFormer3D-MSCA — ENSEMBLE @90%+ Sensitivity (0.464) — %95 Bootstrap CI:

=================================================================
  SegFormer3D-MSCA  |  Threshold: 90+Sens 0.464
=================================================================
  Metrik                Değer                   95% CI
  -------------------------------------------------------
  AUC-ROC               0.608          [0.414 - 0.791]
  AUC-PR                0.699                        -
  Sensitivity           0.944          [0.812 - 1.000]
  Specificity           0.105          [0.000 - 0.267]
  PPV                   0.500          [0.333 - 0.667]
  NPV                   0.667          [0.000 - 1.000]
  Accuracy              0.514          [0.351 - 0.676]
  F1-Score              0.654          [0.489 - 0.792]
  Composite             0.662                        -

  CM: TP=17 FP=17 FN=1 TN=2
  Toplam Hata: 18/37
=================================================================
shared_utils.py yüklendi. [Q1 | Sensitivity-First | TTA | ClinicalFocalLoss]
Bulunan 2 tamamlanmış model: ['segformer3d', 'swinunetr_lp']

====================================================================================================
Q1 MASTER KARŞILAŞTIRMA TABLOSU (Ensemble @Youden, External Test)
====================================================================================================
                 model  n_test  auc_roc        auc_ci  sensitivity  specificity   ppv   npv    f1  accuracy  brier_score   ece  threshold_youden
SwinUNETR Linear-Probe      37    0.863 [0.725-0.967]        0.944        0.737 0.773 0.933 0.850     0.838        0.207 0.111             0.547
      SegFormer3D-MSCA      37    0.608 [0.414-0.791]        0.444        0.842 0.727 0.615 0.552     0.649        0.237 0.102             0.564

====================================================================================================
DELONG PAIRWISE AUC KARŞILAŞTIRMASI (external test, aynı 37 hasta)
====================================================================================================
         model_1  auc_1                model_2  auc_2  auc_diff       z  p_value  significant_p<0.05
SegFormer3D-MSCA 0.6082 SwinUNETR Linear-Probe 0.8626   -0.2544 -2.6087  0.00909                True

Kaydedildi: /home/zera/Downloads/Appendiks varyasyon3 DS-20260713T105239Z-2-001/Appendiks varyasyon3 DS/segformer/experiments_q1_final/q1_master_comparison.csv
Kaydedildi: /home/zera/Downloads/Appendiks varyasyon3 DS-20260713T105239Z-2-001/Appendiks varyasyon3 DS/segformer/experiments_q1_final/q1_delong_pairwise.csv
shared_utils.py yüklendi. [Q1 | Sensitivity-First | TTA | ClinicalFocalLoss]
Hiçbir modelin external_test/ensemble_probs.csv dosyası bulunamadı.
shared_utils.py yüklendi. [Q1 | Sensitivity-First | TTA | ClinicalFocalLoss]
Traceback (most recent call last):
  File "/home/zera/Downloads/Appendiks varyasyon3 DS-20260713T105239Z-2-001/Appendiks varyasyon3 DS/segformer/q1_final/report_final_mae_q1.py", line 46, in <module>
    main()
    ~~~~^^
  File "/home/zera/Downloads/Appendiks varyasyon3 DS-20260713T105239Z-2-001/Appendiks varyasyon3 DS/segformer/q1_final/report_final_mae_q1.py", line 27, in main
    df = pd.read_csv(CSV)
  File "/home/zera/miniconda3/lib/python3.13/site-packages/pandas/io/parsers/readers.py", line 1026, in read_csv
    return _read(filepath_or_buffer, kwds)
  File "/home/zera/miniconda3/lib/python3.13/site-packages/pandas/io/parsers/readers.py", line 620, in _read
    parser = TextFileReader(filepath_or_buffer, **kwds)
  File "/home/zera/miniconda3/lib/python3.13/site-packages/pandas/io/parsers/readers.py", line 1620, in __init__
    self._engine = self._make_engine(f, self.engine)
                   ~~~~~~~~~~~~~~~~~^^^^^^^^^^^^^^^^
  File "/home/zera/miniconda3/lib/python3.13/site-packages/pandas/io/parsers/readers.py", line 1880, in _make_engine
    self.handles = get_handle(
                   ~~~~~~~~~~^
        f,
        ^^
    ...<6 lines>...
        storage_options=self.options.get("storage_options", None),
        ^^^^^^^^^^^^^^^^^^^^^^^^^^^^^^^^^^^^^^^^^^^^^^^^^^^^^^^^^^
    )
    ^
  File "/home/zera/miniconda3/lib/python3.13/site-packages/pandas/io/common.py", line 873, in get_handle
    handle = open(
        handle,
    ...<3 lines>...
        newline="",
    )
FileNotFoundError: [Errno 2] No such file or directory: '/home/zera/Downloads/Appendiks varyasyon3 DS-20260713T105239Z-2-001/Appendiks varyasyon3 DS/segformer/experiments_q1_final/mae_tinytransformer_final/external_test/ensemble_probs.csv'
