nohup: ignoring input
1. Attention-SwinUNETR basliyor...
shared_utils.py yüklendi. [Q1 | Sensitivity-First | TTA | ClinicalFocalLoss]
Skipping import of cpp extensions due to incompatible torch version. Please upgrade to torch >= 2.11.0 (found 2.10.0+cu128).
================================================================================
Attention-SwinUNETR (AG-MSF) — External Test: 37 hasta
================================================================================

======================================================================
FOLD 1/5
======================================================================
  Pretrained: 159 katman yüklendi, 0 atlandı.
[attn-swinunetr | fold 1 | epoch 001] train=0.2251 val_loss=0.2283 auc=0.5119 acc=0.5610
  [Metrics] AUC:0.512 F1:0.320 SENS:0.200 SPEC:0.952 | COMPOSITE:0.4208 EMA:0.4208
[attn-swinunetr | fold 1 | epoch 002] train=0.2255 val_loss=0.2212 auc=0.5381 acc=0.5610
  [Metrics] AUC:0.538 F1:0.261 SENS:0.150 SPEC:1.000 | COMPOSITE:0.4022 EMA:0.4153
[attn-swinunetr | fold 1 | epoch 003] train=0.2164 val_loss=0.2183 auc=0.5524 acc=0.5366
  [Metrics] AUC:0.552 F1:0.320 SENS:0.200 SPEC:0.952 | COMPOSITE:0.4310 EMA:0.4200
[attn-swinunetr | fold 1 | epoch 004] train=0.2161 val_loss=0.2184 auc=0.5500 acc=0.5610
  [Metrics] AUC:0.550 F1:0.320 SENS:0.200 SPEC:0.952 | COMPOSITE:0.4304 EMA:0.4231
[attn-swinunetr | fold 1 | epoch 005] train=0.2123 val_loss=0.2251 auc=0.5619 acc=0.5610
  [Metrics] AUC:0.562 F1:0.333 SENS:0.200 SPEC:1.000 | COMPOSITE:0.4438 EMA:0.4293
[attn-swinunetr | fold 1 | epoch 006] train=0.2064 val_loss=0.2246 auc=0.5810 acc=0.5610
  [Metrics] AUC:0.581 F1:0.619 SENS:0.650 SPEC:0.571 | COMPOSITE:0.6132 EMA:0.4845
[attn-swinunetr | fold 1 | epoch 007] train=0.2041 val_loss=0.2256 auc=0.5881 acc=0.5610
  [Metrics] AUC:0.588 F1:0.651 SENS:0.700 SPEC:0.571 | COMPOSITE:0.6405 EMA:0.5313
[attn-swinunetr | fold 1 | epoch 008] train=0.1945 val_loss=0.2532 auc=0.6048 acc=0.5854
  [Metrics] AUC:0.605 F1:0.651 SENS:0.700 SPEC:0.571 | COMPOSITE:0.6447 EMA:0.5653
[attn-swinunetr | fold 1 | epoch 009] train=0.2015 val_loss=0.2291 auc=0.6167 acc=0.5854
  [Metrics] AUC:0.617 F1:0.651 SENS:0.700 SPEC:0.571 | COMPOSITE:0.6477 EMA:0.5900
[attn-swinunetr | fold 1 | epoch 010] train=0.2110 val_loss=0.2539 auc=0.6238 acc=0.5854
  [Metrics] AUC:0.624 F1:0.651 SENS:0.700 SPEC:0.571 | COMPOSITE:0.6495 EMA:0.6079
[attn-swinunetr | fold 1 | epoch 011] train=0.1962 val_loss=0.2297 auc=0.6095 acc=0.5854
  [Metrics] AUC:0.610 F1:0.650 SENS:0.650 SPEC:0.667 | COMPOSITE:0.6424 EMA:0.6182
[attn-swinunetr | fold 1 | epoch 012] train=0.2047 val_loss=0.2531 auc=0.6238 acc=0.5854
  [Metrics] AUC:0.624 F1:0.651 SENS:0.700 SPEC:0.571 | COMPOSITE:0.6495 EMA:0.6276
[attn-swinunetr | fold 1 | epoch 013] train=0.2089 val_loss=0.2210 auc=0.6262 acc=0.5854
  [Metrics] AUC:0.626 F1:0.667 SENS:0.700 SPEC:0.619 | COMPOSITE:0.6611 EMA:0.6376
[attn-swinunetr | fold 1 | epoch 014] train=0.1969 val_loss=0.2750 auc=0.6310 acc=0.5854
  [Metrics] AUC:0.631 F1:0.632 SENS:0.600 SPEC:0.714 | COMPOSITE:0.6328 EMA:0.6362
  [Progressive FT] Epoch 15: Backbone çözülüyor, tam model ince ayara başlıyor.
[attn-swinunetr | fold 1 | epoch 015] train=0.2054 val_loss=0.2283 auc=0.6452 acc=0.6098
  [Metrics] AUC:0.645 F1:0.667 SENS:0.700 SPEC:0.619 | COMPOSITE:0.6658 EMA:0.6451
[attn-swinunetr | fold 1 | epoch 016] train=0.1963 val_loss=0.2327 auc=0.6524 acc=0.6341
  [Metrics] AUC:0.652 F1:0.667 SENS:0.700 SPEC:0.619 | COMPOSITE:0.6676 EMA:0.6518
[attn-swinunetr | fold 1 | epoch 017] train=0.1989 val_loss=0.2328 auc=0.6524 acc=0.6341
  [Metrics] AUC:0.652 F1:0.667 SENS:0.700 SPEC:0.619 | COMPOSITE:0.6676 EMA:0.6566
[attn-swinunetr | fold 1 | epoch 018] train=0.1911 val_loss=0.2299 auc=0.6571 acc=0.6585
  [Metrics] AUC:0.657 F1:0.708 SENS:0.850 SPEC:0.476 | COMPOSITE:0.7103 EMA:0.6727
[attn-swinunetr | fold 1 | epoch 019] train=0.1949 val_loss=0.2250 auc=0.6690 acc=0.6829
  [Metrics] AUC:0.669 F1:0.723 SENS:0.850 SPEC:0.524 | COMPOSITE:0.7242 EMA:0.6881
[attn-swinunetr | fold 1 | epoch 020] train=0.1878 val_loss=0.2296 auc=0.6619 acc=0.6585
  [Metrics] AUC:0.662 F1:0.708 SENS:0.850 SPEC:0.476 | COMPOSITE:0.7115 EMA:0.6951
[attn-swinunetr | fold 1 | epoch 021] train=0.1846 val_loss=0.2252 auc=0.6905 acc=0.7317
  [Metrics] AUC:0.690 F1:0.756 SENS:0.850 SPEC:0.619 | COMPOSITE:0.7519 EMA:0.7122
[attn-swinunetr | fold 1 | epoch 022] train=0.1859 val_loss=0.2237 auc=0.6929 acc=0.7317
  [Metrics] AUC:0.693 F1:0.756 SENS:0.850 SPEC:0.619 | COMPOSITE:0.7525 EMA:0.7242
[attn-swinunetr | fold 1 | epoch 023] train=0.1905 val_loss=0.2266 auc=0.6929 acc=0.7317
  [Metrics] AUC:0.693 F1:0.756 SENS:0.850 SPEC:0.619 | COMPOSITE:0.7525 EMA:0.7327
[attn-swinunetr | fold 1 | epoch 024] train=0.1969 val_loss=0.2260 auc=0.6857 acc=0.7073
  [Metrics] AUC:0.686 F1:0.727 SENS:0.800 SPEC:0.619 | COMPOSITE:0.7261 EMA:0.7307
[attn-swinunetr | fold 1 | epoch 025] train=0.1885 val_loss=0.2298 auc=0.6714 acc=0.6585
  [Metrics] AUC:0.671 F1:0.698 SENS:0.750 SPEC:0.619 | COMPOSITE:0.6976 EMA:0.7208
[attn-swinunetr | fold 1 | epoch 026] train=0.1911 val_loss=0.2208 auc=0.6881 acc=0.7073
  [Metrics] AUC:0.688 F1:0.739 SENS:0.850 SPEC:0.571 | COMPOSITE:0.7400 EMA:0.7266
[attn-swinunetr | fold 1 | epoch 027] train=0.1803 val_loss=0.2270 auc=0.6976 acc=0.7073
  [Metrics] AUC:0.698 F1:0.739 SENS:0.850 SPEC:0.571 | COMPOSITE:0.7424 EMA:0.7313
[attn-swinunetr | fold 1 | epoch 028] train=0.1814 val_loss=0.2183 auc=0.7143 acc=0.7317
  [Metrics] AUC:0.714 F1:0.756 SENS:0.850 SPEC:0.619 | COMPOSITE:0.7578 EMA:0.7393
[attn-swinunetr | fold 1 | epoch 029] train=0.1866 val_loss=0.2235 auc=0.7214 acc=0.7317
  [Metrics] AUC:0.721 F1:0.756 SENS:0.850 SPEC:0.619 | COMPOSITE:0.7596 EMA:0.7454
[attn-swinunetr | fold 1 | epoch 030] train=0.1800 val_loss=0.2090 auc=0.7452 acc=0.7073
  [Metrics] AUC:0.745 F1:0.750 SENS:0.900 SPEC:0.524 | COMPOSITE:0.7674 EMA:0.7520
[attn-swinunetr | fold 1 | epoch 031] train=0.1856 val_loss=0.2068 auc=0.7667 acc=0.7317
  [Metrics] AUC:0.767 F1:0.776 SENS:0.950 SPEC:0.524 | COMPOSITE:0.7966 EMA:0.7654
[attn-swinunetr | fold 1 | epoch 032] train=0.1767 val_loss=0.2027 auc=0.7690 acc=0.7317
  [Metrics] AUC:0.769 F1:0.766 SENS:0.900 SPEC:0.571 | COMPOSITE:0.7845 EMA:0.7711
[attn-swinunetr | fold 1 | epoch 033] train=0.1790 val_loss=0.2089 auc=0.7571 acc=0.7073
  [Metrics] AUC:0.757 F1:0.750 SENS:0.900 SPEC:0.524 | COMPOSITE:0.7704 EMA:0.7709
[attn-swinunetr | fold 1 | epoch 034] train=0.1806 val_loss=0.2004 auc=0.7667 acc=0.7317
  [Metrics] AUC:0.767 F1:0.766 SENS:0.900 SPEC:0.571 | COMPOSITE:0.7839 EMA:0.7748
[attn-swinunetr | fold 1 | epoch 035] train=0.1870 val_loss=0.2024 auc=0.7786 acc=0.7317
  [Metrics] AUC:0.779 F1:0.766 SENS:0.900 SPEC:0.571 | COMPOSITE:0.7868 EMA:0.7784
[attn-swinunetr | fold 1 | epoch 036] train=0.1805 val_loss=0.2120 auc=0.7595 acc=0.7073
  [Metrics] AUC:0.760 F1:0.750 SENS:0.900 SPEC:0.524 | COMPOSITE:0.7710 EMA:0.7762
[attn-swinunetr | fold 1 | epoch 037] train=0.1742 val_loss=0.2027 auc=0.7619 acc=0.7073
  [Metrics] AUC:0.762 F1:0.750 SENS:0.900 SPEC:0.524 | COMPOSITE:0.7715 EMA:0.7748
[attn-swinunetr | fold 1 | epoch 038] train=0.1697 val_loss=0.2147 auc=0.7619 acc=0.7073
  [Metrics] AUC:0.762 F1:0.750 SENS:0.900 SPEC:0.524 | COMPOSITE:0.7715 EMA:0.7738
[attn-swinunetr | fold 1 | epoch 039] train=0.1804 val_loss=0.2124 auc=0.7571 acc=0.7073
  [Metrics] AUC:0.757 F1:0.739 SENS:0.850 SPEC:0.571 | COMPOSITE:0.7573 EMA:0.7689
[attn-swinunetr | fold 1 | epoch 040] train=0.1909 val_loss=0.2049 auc=0.7548 acc=0.7073
  [Metrics] AUC:0.755 F1:0.739 SENS:0.850 SPEC:0.571 | COMPOSITE:0.7567 EMA:0.7652
[attn-swinunetr | fold 1 | epoch 041] train=0.1769 val_loss=0.2047 auc=0.7595 acc=0.7073
  [Metrics] AUC:0.760 F1:0.739 SENS:0.850 SPEC:0.571 | COMPOSITE:0.7579 EMA:0.7630
[attn-swinunetr | fold 1 | epoch 042] train=0.1667 val_loss=0.2203 auc=0.7548 acc=0.7073
  [Metrics] AUC:0.755 F1:0.739 SENS:0.850 SPEC:0.571 | COMPOSITE:0.7567 EMA:0.7611
[attn-swinunetr | fold 1 | epoch 043] train=0.1855 val_loss=0.1954 auc=0.7690 acc=0.7073
  [Metrics] AUC:0.769 F1:0.750 SENS:0.900 SPEC:0.524 | COMPOSITE:0.7733 EMA:0.7648
[attn-swinunetr | fold 1 | epoch 044] train=0.1740 val_loss=0.1981 auc=0.7786 acc=0.7073
  [Metrics] AUC:0.779 F1:0.703 SENS:0.650 SPEC:0.810 | COMPOSITE:0.7192 EMA:0.7511
[attn-swinunetr | fold 1 | epoch 045] train=0.1716 val_loss=0.1871 auc=0.8214 acc=0.7317
  [Metrics] AUC:0.821 F1:0.757 SENS:0.700 SPEC:0.857 | COMPOSITE:0.7681 EMA:0.7562
[attn-swinunetr | fold 1 | epoch 046] train=0.1747 val_loss=0.1826 auc=0.8357 acc=0.7317
  [Metrics] AUC:0.836 F1:0.778 SENS:0.700 SPEC:0.905 | COMPOSITE:0.7841 EMA:0.7646
[attn-swinunetr | fold 1 | epoch 047] train=0.1689 val_loss=0.1795 auc=0.8310 acc=0.7317
  [Metrics] AUC:0.831 F1:0.757 SENS:0.700 SPEC:0.857 | COMPOSITE:0.7705 EMA:0.7664
[attn-swinunetr | fold 1 | epoch 048] train=0.1812 val_loss=0.1964 auc=0.8000 acc=0.7073
  [Metrics] AUC:0.800 F1:0.722 SENS:0.650 SPEC:0.857 | COMPOSITE:0.7366 EMA:0.7574
[attn-swinunetr | fold 1 | epoch 049] train=0.1634 val_loss=0.1925 auc=0.7976 acc=0.7073
  [Metrics] AUC:0.798 F1:0.722 SENS:0.650 SPEC:0.857 | COMPOSITE:0.7360 EMA:0.7510
[attn-swinunetr | fold 1 | epoch 050] train=0.1753 val_loss=0.1912 auc=0.8071 acc=0.7073
  [Metrics] AUC:0.807 F1:0.737 SENS:0.700 SPEC:0.810 | COMPOSITE:0.7524 EMA:0.7514
[attn-swinunetr | fold 1 | epoch 051] train=0.1832 val_loss=0.1978 auc=0.7952 acc=0.7073
  [Metrics] AUC:0.795 F1:0.718 SENS:0.700 SPEC:0.762 | COMPOSITE:0.7376 EMA:0.7473
[attn-swinunetr | fold 1 | epoch 052] train=0.1645 val_loss=0.1959 auc=0.7833 acc=0.7073
  [Metrics] AUC:0.783 F1:0.686 SENS:0.600 SPEC:0.857 | COMPOSITE:0.7058 EMA:0.7348
[attn-swinunetr | fold 1 | epoch 053] train=0.1793 val_loss=0.1908 auc=0.7905 acc=0.7073
  [Metrics] AUC:0.790 F1:0.703 SENS:0.650 SPEC:0.810 | COMPOSITE:0.7222 EMA:0.7311
[attn-swinunetr | fold 1 | epoch 054] train=0.1817 val_loss=0.2017 auc=0.7810 acc=0.7073
  [Metrics] AUC:0.781 F1:0.686 SENS:0.600 SPEC:0.857 | COMPOSITE:0.7052 EMA:0.7233
[attn-swinunetr | fold 1 | epoch 055] train=0.1649 val_loss=0.1878 auc=0.8071 acc=0.7073
  [Metrics] AUC:0.807 F1:0.722 SENS:0.650 SPEC:0.857 | COMPOSITE:0.7384 EMA:0.7278
[attn-swinunetr | fold 1 | epoch 056] train=0.1716 val_loss=0.1830 auc=0.8071 acc=0.7073
  [Metrics] AUC:0.807 F1:0.722 SENS:0.650 SPEC:0.857 | COMPOSITE:0.7384 EMA:0.7310
[attn-swinunetr | fold 1 | epoch 057] train=0.1744 val_loss=0.1928 auc=0.7929 acc=0.7073
  [Metrics] AUC:0.793 F1:0.706 SENS:0.600 SPEC:0.905 | COMPOSITE:0.7204 EMA:0.7278
[attn-swinunetr | fold 1 | epoch 058] train=0.1626 val_loss=0.2022 auc=0.7786 acc=0.7317
  [Metrics] AUC:0.779 F1:0.706 SENS:0.600 SPEC:0.905 | COMPOSITE:0.7168 EMA:0.7245
[attn-swinunetr | fold 1 | epoch 059] train=0.1536 val_loss=0.1840 auc=0.7905 acc=0.7317
  [Metrics] AUC:0.790 F1:0.722 SENS:0.650 SPEC:0.857 | COMPOSITE:0.7342 EMA:0.7274
[attn-swinunetr | fold 1 | epoch 060] train=0.1585 val_loss=0.1933 auc=0.7857 acc=0.7317
  [Metrics] AUC:0.786 F1:0.756 SENS:0.850 SPEC:0.619 | COMPOSITE:0.7757 EMA:0.7419
[attn-swinunetr | fold 1 | epoch 061] train=0.1776 val_loss=0.1858 auc=0.8143 acc=0.7317
  [Metrics] AUC:0.814 F1:0.737 SENS:0.700 SPEC:0.810 | COMPOSITE:0.7542 EMA:0.7456
[attn-swinunetr | fold 1 | epoch 062] train=0.1762 val_loss=0.1800 auc=0.8286 acc=0.7317
  [Metrics] AUC:0.829 F1:0.778 SENS:0.700 SPEC:0.905 | COMPOSITE:0.7823 EMA:0.7566
[attn-swinunetr | fold 1 | epoch 063] train=0.1748 val_loss=0.1883 auc=0.7929 acc=0.7073
  [Metrics] AUC:0.793 F1:0.706 SENS:0.600 SPEC:0.905 | COMPOSITE:0.7204 EMA:0.7457
[attn-swinunetr | fold 1 | epoch 064] train=0.1682 val_loss=0.1876 auc=0.8048 acc=0.7073
  [Metrics] AUC:0.805 F1:0.757 SENS:0.700 SPEC:0.857 | COMPOSITE:0.7640 EMA:0.7512
[attn-swinunetr | fold 1 | epoch 065] train=0.1659 val_loss=0.1886 auc=0.8071 acc=0.7073
  [Metrics] AUC:0.807 F1:0.757 SENS:0.700 SPEC:0.857 | COMPOSITE:0.7645 EMA:0.7552
[attn-swinunetr | fold 1 | epoch 066] train=0.1704 val_loss=0.1988 auc=0.7952 acc=0.7073
  [Metrics] AUC:0.795 F1:0.737 SENS:0.700 SPEC:0.810 | COMPOSITE:0.7494 EMA:0.7535
[attn-swinunetr | fold 1 | epoch 067] train=0.1619 val_loss=0.1775 auc=0.8262 acc=0.7317
  [Metrics] AUC:0.826 F1:0.778 SENS:0.700 SPEC:0.905 | COMPOSITE:0.7817 EMA:0.7619
[attn-swinunetr | fold 1 | epoch 068] train=0.1663 val_loss=0.1789 auc=0.8262 acc=0.7317
  [Metrics] AUC:0.826 F1:0.778 SENS:0.700 SPEC:0.905 | COMPOSITE:0.7817 EMA:0.7679
[attn-swinunetr | fold 1 | epoch 069] train=0.1596 val_loss=0.1731 auc=0.8381 acc=0.7317
  [Metrics] AUC:0.838 F1:0.800 SENS:0.700 SPEC:0.952 | COMPOSITE:0.7974 EMA:0.7767
[attn-swinunetr | fold 1 | epoch 070] train=0.1741 val_loss=0.1776 auc=0.8310 acc=0.7073
  [Metrics] AUC:0.831 F1:0.778 SENS:0.700 SPEC:0.905 | COMPOSITE:0.7829 EMA:0.7786
[attn-swinunetr | fold 1 | epoch 071] train=0.1604 val_loss=0.1861 auc=0.8214 acc=0.7317
  [Metrics] AUC:0.821 F1:0.778 SENS:0.700 SPEC:0.905 | COMPOSITE:0.7805 EMA:0.7792
[attn-swinunetr | fold 1 | epoch 072] train=0.1622 val_loss=0.1838 auc=0.8238 acc=0.7317
  [Metrics] AUC:0.824 F1:0.778 SENS:0.700 SPEC:0.905 | COMPOSITE:0.7811 EMA:0.7797
[attn-swinunetr | fold 1 | epoch 073] train=0.1583 val_loss=0.1801 auc=0.8262 acc=0.7317
  [Metrics] AUC:0.826 F1:0.778 SENS:0.700 SPEC:0.905 | COMPOSITE:0.7817 EMA:0.7803
[attn-swinunetr | fold 1 | epoch 074] train=0.1541 val_loss=0.2007 auc=0.7952 acc=0.7073
  [Metrics] AUC:0.795 F1:0.722 SENS:0.650 SPEC:0.857 | COMPOSITE:0.7354 EMA:0.7669
[attn-swinunetr | fold 1 | epoch 075] train=0.1678 val_loss=0.1977 auc=0.8095 acc=0.7317
  [Metrics] AUC:0.810 F1:0.722 SENS:0.650 SPEC:0.857 | COMPOSITE:0.7390 EMA:0.7585
[attn-swinunetr | fold 1 | epoch 076] train=0.1671 val_loss=0.1695 auc=0.8357 acc=0.7317
  [Metrics] AUC:0.836 F1:0.778 SENS:0.700 SPEC:0.905 | COMPOSITE:0.7841 EMA:0.7662
[attn-swinunetr | fold 1 | epoch 077] train=0.1505 val_loss=0.1750 auc=0.8238 acc=0.7317
  [Metrics] AUC:0.824 F1:0.757 SENS:0.700 SPEC:0.857 | COMPOSITE:0.7687 EMA:0.7669
[attn-swinunetr | fold 1 | epoch 078] train=0.1459 val_loss=0.1736 auc=0.8310 acc=0.7317
  [Metrics] AUC:0.831 F1:0.778 SENS:0.700 SPEC:0.905 | COMPOSITE:0.7829 EMA:0.7717
[attn-swinunetr | fold 1 | epoch 079] train=0.1632 val_loss=0.1842 auc=0.8190 acc=0.7317
  [Metrics] AUC:0.819 F1:0.765 SENS:0.650 SPEC:0.952 | COMPOSITE:0.7663 EMA:0.7701
[attn-swinunetr | fold 1 | epoch 080] train=0.1644 val_loss=0.1736 auc=0.8262 acc=0.7317
  [Metrics] AUC:0.826 F1:0.743 SENS:0.650 SPEC:0.905 | COMPOSITE:0.7555 EMA:0.7657
[attn-swinunetr | fold 1 | epoch 081] train=0.1419 val_loss=0.1828 auc=0.8167 acc=0.7073
  [Metrics] AUC:0.817 F1:0.722 SENS:0.650 SPEC:0.857 | COMPOSITE:0.7408 EMA:0.7582
[attn-swinunetr | fold 1 | epoch 082] train=0.1551 val_loss=0.1820 auc=0.8119 acc=0.7317
  [Metrics] AUC:0.812 F1:0.706 SENS:0.600 SPEC:0.905 | COMPOSITE:0.7252 EMA:0.7483
[attn-swinunetr | fold 1 | epoch 083] train=0.1572 val_loss=0.1899 auc=0.8024 acc=0.7317
  [Metrics] AUC:0.802 F1:0.706 SENS:0.600 SPEC:0.905 | COMPOSITE:0.7228 EMA:0.7407
[attn-swinunetr | fold 1 | epoch 084] train=0.1486 val_loss=0.1822 auc=0.8167 acc=0.7317
  [Metrics] AUC:0.817 F1:0.722 SENS:0.650 SPEC:0.857 | COMPOSITE:0.7408 EMA:0.7407
[attn-swinunetr | fold 1 | epoch 085] train=0.1558 val_loss=0.2023 auc=0.8071 acc=0.7317
  [Metrics] AUC:0.807 F1:0.706 SENS:0.600 SPEC:0.905 | COMPOSITE:0.7240 EMA:0.7357
[attn-swinunetr | fold 1 | epoch 086] train=0.1613 val_loss=0.1822 auc=0.8429 acc=0.7561
  [Metrics] AUC:0.843 F1:0.778 SENS:0.700 SPEC:0.905 | COMPOSITE:0.7859 EMA:0.7507
[attn-swinunetr | fold 1 | epoch 087] train=0.1620 val_loss=0.1643 auc=0.8619 acc=0.7561
  [Metrics] AUC:0.862 F1:0.811 SENS:0.750 SPEC:0.905 | COMPOSITE:0.8164 EMA:0.7704
[attn-swinunetr | fold 1 | epoch 088] train=0.1510 val_loss=0.1739 auc=0.8595 acc=0.7561
  [Metrics] AUC:0.860 F1:0.800 SENS:0.700 SPEC:0.952 | COMPOSITE:0.8027 EMA:0.7801
[attn-swinunetr | fold 1 | epoch 089] train=0.1470 val_loss=0.1725 auc=0.8452 acc=0.7317
  [Metrics] AUC:0.845 F1:0.778 SENS:0.700 SPEC:0.905 | COMPOSITE:0.7865 EMA:0.7820
[attn-swinunetr | fold 1 | epoch 090] train=0.1596 val_loss=0.1967 auc=0.8310 acc=0.7317
  [Metrics] AUC:0.831 F1:0.778 SENS:0.700 SPEC:0.905 | COMPOSITE:0.7829 EMA:0.7823
[attn-swinunetr | fold 1 | epoch 091] train=0.1524 val_loss=0.1873 auc=0.8262 acc=0.7073
  [Metrics] AUC:0.826 F1:0.765 SENS:0.650 SPEC:0.952 | COMPOSITE:0.7681 EMA:0.7780
[attn-swinunetr | fold 1 | epoch 092] train=0.1577 val_loss=0.1893 auc=0.8214 acc=0.7317
  [Metrics] AUC:0.821 F1:0.778 SENS:0.700 SPEC:0.905 | COMPOSITE:0.7805 EMA:0.7788
[attn-swinunetr | fold 1 | epoch 093] train=0.1491 val_loss=0.1720 auc=0.8214 acc=0.7317
  [Metrics] AUC:0.821 F1:0.743 SENS:0.650 SPEC:0.905 | COMPOSITE:0.7543 EMA:0.7714
[attn-swinunetr | fold 1 | epoch 094] train=0.1495 val_loss=0.1816 auc=0.8310 acc=0.7317
  [Metrics] AUC:0.831 F1:0.769 SENS:0.750 SPEC:0.810 | COMPOSITE:0.7840 EMA:0.7752
[attn-swinunetr | fold 1 | epoch 095] train=0.1782 val_loss=0.1672 auc=0.8429 acc=0.7317
  [Metrics] AUC:0.843 F1:0.800 SENS:0.700 SPEC:0.952 | COMPOSITE:0.7986 EMA:0.7822
[attn-swinunetr | fold 1 | epoch 096] train=0.1544 val_loss=0.1980 auc=0.7905 acc=0.7073
  [Metrics] AUC:0.790 F1:0.706 SENS:0.600 SPEC:0.905 | COMPOSITE:0.7198 EMA:0.7635
[attn-swinunetr | fold 1 | epoch 097] train=0.1482 val_loss=0.1795 auc=0.8000 acc=0.7073
  [Metrics] AUC:0.800 F1:0.727 SENS:0.600 SPEC:0.952 | COMPOSITE:0.7347 EMA:0.7548
[attn-swinunetr | fold 1 | epoch 098] train=0.1306 val_loss=0.2080 auc=0.7786 acc=0.7073
  [Metrics] AUC:0.779 F1:0.727 SENS:0.600 SPEC:0.952 | COMPOSITE:0.7293 EMA:0.7472
[attn-swinunetr | fold 1 | epoch 099] train=0.1576 val_loss=0.2054 auc=0.7952 acc=0.7317
  [Metrics] AUC:0.795 F1:0.727 SENS:0.600 SPEC:0.952 | COMPOSITE:0.7335 EMA:0.7431
[attn-swinunetr | fold 1 | epoch 100] train=0.1429 val_loss=0.1583 auc=0.8452 acc=0.7317
  [Metrics] AUC:0.845 F1:0.800 SENS:0.700 SPEC:0.952 | COMPOSITE:0.7992 EMA:0.7599
  SWA model finalize ediliyor...
  SWA val COMPOSITE: 0.7823 | Best EMA COMPOSITE: 0.7823
  SWA model kaydedildi (genelleme için tercih edildi).

=================================================================
  AttentionSwinUNETR Fold 1  |  Threshold: Youden 0.545
=================================================================
  Metrik                Değer                   95% CI
  -------------------------------------------------------
  AUC-ROC               0.829          [0.690 - 0.939]
  AUC-PR                0.814                        -
  Sensitivity           0.700          [0.500 - 0.895]
  Specificity           0.905          [0.762 - 1.000]
  PPV                   0.875          [0.687 - 1.000]
  NPV                   0.760          [0.577 - 0.913]
  Accuracy              0.805          [0.683 - 0.902]
  F1-Score              0.778          [0.600 - 0.909]
  Composite             0.782                        -

  CM: TP=14 FP=2 FN=6 TN=19
  Toplam Hata: 8/41
=================================================================

======================================================================
FOLD 2/5
======================================================================
  Pretrained: 159 katman yüklendi, 0 atlandı.
[attn-swinunetr | fold 2 | epoch 001] train=0.2240 val_loss=0.2229 auc=0.5152 acc=0.4884
  [Metrics] AUC:0.515 F1:0.414 SENS:0.300 SPEC:0.870 | COMPOSITE:0.4677 EMA:0.4677
[attn-swinunetr | fold 2 | epoch 002] train=0.2189 val_loss=0.2170 auc=0.5478 acc=0.5116
  [Metrics] AUC:0.548 F1:0.333 SENS:0.200 SPEC:1.000 | COMPOSITE:0.4403 EMA:0.4595
[attn-swinunetr | fold 2 | epoch 003] train=0.2175 val_loss=0.2174 auc=0.5543 acc=0.5581
  [Metrics] AUC:0.554 F1:0.400 SENS:0.250 SPEC:1.000 | COMPOSITE:0.4761 EMA:0.4645
[attn-swinunetr | fold 2 | epoch 004] train=0.2134 val_loss=0.2153 auc=0.5848 acc=0.5116
  [Metrics] AUC:0.585 F1:0.400 SENS:0.250 SPEC:1.000 | COMPOSITE:0.4837 EMA:0.4702
[attn-swinunetr | fold 2 | epoch 005] train=0.2125 val_loss=0.2145 auc=0.5913 acc=0.5349
  [Metrics] AUC:0.591 F1:0.400 SENS:0.250 SPEC:1.000 | COMPOSITE:0.4853 EMA:0.4748
[attn-swinunetr | fold 2 | epoch 006] train=0.2076 val_loss=0.2154 auc=0.6000 acc=0.5349
  [Metrics] AUC:0.600 F1:0.400 SENS:0.250 SPEC:1.000 | COMPOSITE:0.4875 EMA:0.4786
[attn-swinunetr | fold 2 | epoch 007] train=0.2051 val_loss=0.2149 auc=0.6065 acc=0.5814
  [Metrics] AUC:0.607 F1:0.500 SENS:0.400 SPEC:0.826 | COMPOSITE:0.5405 EMA:0.4972
[attn-swinunetr | fold 2 | epoch 008] train=0.2039 val_loss=0.2120 auc=0.6152 acc=0.6047
  [Metrics] AUC:0.615 F1:0.679 SENS:0.900 SPEC:0.348 | COMPOSITE:0.6908 EMA:0.5553
[attn-swinunetr | fold 2 | epoch 009] train=0.2037 val_loss=0.2217 auc=0.6174 acc=0.6047
  [Metrics] AUC:0.617 F1:0.545 SENS:0.450 SPEC:0.826 | COMPOSITE:0.5721 EMA:0.5603
[attn-swinunetr | fold 2 | epoch 010] train=0.2022 val_loss=0.2083 auc=0.6413 acc=0.5581
  [Metrics] AUC:0.641 F1:0.516 SENS:0.400 SPEC:0.870 | COMPOSITE:0.5598 EMA:0.5602
[attn-swinunetr | fold 2 | epoch 011] train=0.2072 val_loss=0.2077 auc=0.6348 acc=0.5814
  [Metrics] AUC:0.635 F1:0.545 SENS:0.450 SPEC:0.826 | COMPOSITE:0.5765 EMA:0.5651
[attn-swinunetr | fold 2 | epoch 012] train=0.2007 val_loss=0.2104 auc=0.6326 acc=0.6047
  [Metrics] AUC:0.633 F1:0.545 SENS:0.450 SPEC:0.826 | COMPOSITE:0.5759 EMA:0.5683
[attn-swinunetr | fold 2 | epoch 013] train=0.1955 val_loss=0.2109 auc=0.6391 acc=0.6279
  [Metrics] AUC:0.639 F1:0.680 SENS:0.850 SPEC:0.435 | COMPOSITE:0.6925 EMA:0.6056
[attn-swinunetr | fold 2 | epoch 014] train=0.1969 val_loss=0.2097 auc=0.6674 acc=0.6279
  [Metrics] AUC:0.667 F1:0.649 SENS:0.600 SPEC:0.783 | COMPOSITE:0.6564 EMA:0.6208
  [Progressive FT] Epoch 15: Backbone çözülüyor, tam model ince ayara başlıyor.
[attn-swinunetr | fold 2 | epoch 015] train=0.2010 val_loss=0.2114 auc=0.6652 acc=0.6279
  [Metrics] AUC:0.665 F1:0.632 SENS:0.600 SPEC:0.739 | COMPOSITE:0.6451 EMA:0.6281
[attn-swinunetr | fold 2 | epoch 016] train=0.1836 val_loss=0.2101 auc=0.6674 acc=0.6279
  [Metrics] AUC:0.667 F1:0.632 SENS:0.600 SPEC:0.739 | COMPOSITE:0.6456 EMA:0.6333
[attn-swinunetr | fold 2 | epoch 017] train=0.1949 val_loss=0.2115 auc=0.6587 acc=0.6279
  [Metrics] AUC:0.659 F1:0.611 SENS:0.550 SPEC:0.783 | COMPOSITE:0.6273 EMA:0.6315
[attn-swinunetr | fold 2 | epoch 018] train=0.1926 val_loss=0.2107 auc=0.6783 acc=0.6279
  [Metrics] AUC:0.678 F1:0.649 SENS:0.600 SPEC:0.783 | COMPOSITE:0.6591 EMA:0.6398
[attn-swinunetr | fold 2 | epoch 019] train=0.1907 val_loss=0.2064 auc=0.6826 acc=0.6047
  [Metrics] AUC:0.683 F1:0.667 SENS:0.600 SPEC:0.826 | COMPOSITE:0.6712 EMA:0.6492
[attn-swinunetr | fold 2 | epoch 020] train=0.1931 val_loss=0.2117 auc=0.6826 acc=0.6512
  [Metrics] AUC:0.683 F1:0.629 SENS:0.550 SPEC:0.826 | COMPOSITE:0.6442 EMA:0.6477
[attn-swinunetr | fold 2 | epoch 021] train=0.1916 val_loss=0.2036 auc=0.6848 acc=0.6279
  [Metrics] AUC:0.685 F1:0.629 SENS:0.550 SPEC:0.826 | COMPOSITE:0.6448 EMA:0.6468
[attn-swinunetr | fold 2 | epoch 022] train=0.1874 val_loss=0.2058 auc=0.6891 acc=0.6279
  [Metrics] AUC:0.689 F1:0.632 SENS:0.600 SPEC:0.739 | COMPOSITE:0.6510 EMA:0.6481
[attn-swinunetr | fold 2 | epoch 023] train=0.1849 val_loss=0.2080 auc=0.6804 acc=0.6279
  [Metrics] AUC:0.680 F1:0.562 SENS:0.450 SPEC:0.870 | COMPOSITE:0.5987 EMA:0.6333
[attn-swinunetr | fold 2 | epoch 024] train=0.1774 val_loss=0.2064 auc=0.6891 acc=0.6279
  [Metrics] AUC:0.689 F1:0.629 SENS:0.550 SPEC:0.826 | COMPOSITE:0.6458 EMA:0.6370
[attn-swinunetr | fold 2 | epoch 025] train=0.1894 val_loss=0.2124 auc=0.6913 acc=0.6279
  [Metrics] AUC:0.691 F1:0.647 SENS:0.550 SPEC:0.870 | COMPOSITE:0.6575 EMA:0.6432
[attn-swinunetr | fold 2 | epoch 026] train=0.1901 val_loss=0.2040 auc=0.6935 acc=0.6279
  [Metrics] AUC:0.693 F1:0.632 SENS:0.600 SPEC:0.739 | COMPOSITE:0.6521 EMA:0.6459
[attn-swinunetr | fold 2 | epoch 027] train=0.1887 val_loss=0.2064 auc=0.6913 acc=0.6512
  [Metrics] AUC:0.691 F1:0.606 SENS:0.500 SPEC:0.870 | COMPOSITE:0.6298 EMA:0.6410
[attn-swinunetr | fold 2 | epoch 028] train=0.1870 val_loss=0.2100 auc=0.7043 acc=0.6512
  [Metrics] AUC:0.704 F1:0.611 SENS:0.550 SPEC:0.783 | COMPOSITE:0.6388 EMA:0.6404
[attn-swinunetr | fold 2 | epoch 029] train=0.1858 val_loss=0.2029 auc=0.7087 acc=0.6512
  [Metrics] AUC:0.709 F1:0.667 SENS:0.600 SPEC:0.826 | COMPOSITE:0.6778 EMA:0.6516
[attn-swinunetr | fold 2 | epoch 030] train=0.1763 val_loss=0.2010 auc=0.7174 acc=0.6512
  [Metrics] AUC:0.717 F1:0.667 SENS:0.600 SPEC:0.826 | COMPOSITE:0.6799 EMA:0.6601
[attn-swinunetr | fold 2 | epoch 031] train=0.1647 val_loss=0.2077 auc=0.7043 acc=0.6744
  [Metrics] AUC:0.704 F1:0.667 SENS:0.600 SPEC:0.826 | COMPOSITE:0.6767 EMA:0.6651
[attn-swinunetr | fold 2 | epoch 032] train=0.1708 val_loss=0.1989 auc=0.7152 acc=0.6744
  [Metrics] AUC:0.715 F1:0.667 SENS:0.600 SPEC:0.826 | COMPOSITE:0.6794 EMA:0.6694
[attn-swinunetr | fold 2 | epoch 033] train=0.1864 val_loss=0.2068 auc=0.7152 acc=0.6977
  [Metrics] AUC:0.715 F1:0.723 SENS:0.850 SPEC:0.565 | COMPOSITE:0.7419 EMA:0.6911
[attn-swinunetr | fold 2 | epoch 034] train=0.1839 val_loss=0.2047 auc=0.7217 acc=0.6977
  [Metrics] AUC:0.722 F1:0.723 SENS:0.850 SPEC:0.565 | COMPOSITE:0.7436 EMA:0.7069
[attn-swinunetr | fold 2 | epoch 035] train=0.1828 val_loss=0.2027 auc=0.7239 acc=0.6977
  [Metrics] AUC:0.724 F1:0.723 SENS:0.850 SPEC:0.565 | COMPOSITE:0.7441 EMA:0.7180
[attn-swinunetr | fold 2 | epoch 036] train=0.1749 val_loss=0.1992 auc=0.7304 acc=0.6744
  [Metrics] AUC:0.730 F1:0.683 SENS:0.700 SPEC:0.696 | COMPOSITE:0.7027 EMA:0.7134
[attn-swinunetr | fold 2 | epoch 037] train=0.1670 val_loss=0.2118 auc=0.7261 acc=0.6977
  [Metrics] AUC:0.726 F1:0.647 SENS:0.550 SPEC:0.870 | COMPOSITE:0.6662 EMA:0.6993
[attn-swinunetr | fold 2 | epoch 038] train=0.1710 val_loss=0.1984 auc=0.7326 acc=0.6977
  [Metrics] AUC:0.733 F1:0.723 SENS:0.850 SPEC:0.565 | COMPOSITE:0.7463 EMA:0.7134
[attn-swinunetr | fold 2 | epoch 039] train=0.1696 val_loss=0.2061 auc=0.7304 acc=0.6977
  [Metrics] AUC:0.730 F1:0.647 SENS:0.550 SPEC:0.870 | COMPOSITE:0.6673 EMA:0.6996
[attn-swinunetr | fold 2 | epoch 040] train=0.1665 val_loss=0.2124 auc=0.7261 acc=0.6744
  [Metrics] AUC:0.726 F1:0.698 SENS:0.750 SPEC:0.652 | COMPOSITE:0.7163 EMA:0.7046
[attn-swinunetr | fold 2 | epoch 041] train=0.1733 val_loss=0.1919 auc=0.7304 acc=0.6512
  [Metrics] AUC:0.730 F1:0.606 SENS:0.500 SPEC:0.870 | COMPOSITE:0.6396 EMA:0.6851
[attn-swinunetr | fold 2 | epoch 042] train=0.1678 val_loss=0.2052 auc=0.7261 acc=0.6512
  [Metrics] AUC:0.726 F1:0.625 SENS:0.500 SPEC:0.913 | COMPOSITE:0.6497 EMA:0.6745
[attn-swinunetr | fold 2 | epoch 043] train=0.1596 val_loss=0.2257 auc=0.7283 acc=0.6512
  [Metrics] AUC:0.728 F1:0.606 SENS:0.500 SPEC:0.870 | COMPOSITE:0.6390 EMA:0.6638
[attn-swinunetr | fold 2 | epoch 044] train=0.1727 val_loss=0.2023 auc=0.7239 acc=0.6977
  [Metrics] AUC:0.724 F1:0.723 SENS:0.850 SPEC:0.565 | COMPOSITE:0.7441 EMA:0.6879
[attn-swinunetr | fold 2 | epoch 045] train=0.1746 val_loss=0.2121 auc=0.7152 acc=0.6977
  [Metrics] AUC:0.715 F1:0.723 SENS:0.850 SPEC:0.565 | COMPOSITE:0.7419 EMA:0.7041
[attn-swinunetr | fold 2 | epoch 046] train=0.1663 val_loss=0.2107 auc=0.7261 acc=0.7209
  [Metrics] AUC:0.726 F1:0.727 SENS:0.800 SPEC:0.652 | COMPOSITE:0.7412 EMA:0.7152
[attn-swinunetr | fold 2 | epoch 047] train=0.1668 val_loss=0.2195 auc=0.7217 acc=0.6977
  [Metrics] AUC:0.722 F1:0.711 SENS:0.800 SPEC:0.609 | COMPOSITE:0.7295 EMA:0.7195
[attn-swinunetr | fold 2 | epoch 048] train=0.1516 val_loss=0.2059 auc=0.7261 acc=0.6512
  [Metrics] AUC:0.726 F1:0.647 SENS:0.550 SPEC:0.870 | COMPOSITE:0.6662 EMA:0.7035
[attn-swinunetr | fold 2 | epoch 049] train=0.1793 val_loss=0.1927 auc=0.7304 acc=0.6512
  [Metrics] AUC:0.730 F1:0.667 SENS:0.650 SPEC:0.739 | COMPOSITE:0.6876 EMA:0.6988
[attn-swinunetr | fold 2 | epoch 050] train=0.1740 val_loss=0.2207 auc=0.7239 acc=0.6512
  [Metrics] AUC:0.724 F1:0.667 SENS:0.600 SPEC:0.826 | COMPOSITE:0.6816 EMA:0.6936
[attn-swinunetr | fold 2 | epoch 051] train=0.1624 val_loss=0.1986 auc=0.7283 acc=0.6512
  [Metrics] AUC:0.728 F1:0.684 SENS:0.650 SPEC:0.783 | COMPOSITE:0.6980 EMA:0.6949
[attn-swinunetr | fold 2 | epoch 052] train=0.1553 val_loss=0.2143 auc=0.7304 acc=0.6512
  [Metrics] AUC:0.730 F1:0.647 SENS:0.550 SPEC:0.870 | COMPOSITE:0.6673 EMA:0.6866
[attn-swinunetr | fold 2 | epoch 053] train=0.1467 val_loss=0.2161 auc=0.7304 acc=0.6744
  [Metrics] AUC:0.730 F1:0.647 SENS:0.550 SPEC:0.870 | COMPOSITE:0.6673 EMA:0.6808
[attn-swinunetr | fold 2 | epoch 054] train=0.1695 val_loss=0.2082 auc=0.7326 acc=0.6744
  [Metrics] AUC:0.733 F1:0.629 SENS:0.550 SPEC:0.826 | COMPOSITE:0.6567 EMA:0.6736
[attn-swinunetr | fold 2 | epoch 055] train=0.1733 val_loss=0.2396 auc=0.7239 acc=0.6512
  [Metrics] AUC:0.724 F1:0.629 SENS:0.550 SPEC:0.826 | COMPOSITE:0.6545 EMA:0.6679
[attn-swinunetr | fold 2 | epoch 056] train=0.1560 val_loss=0.1954 auc=0.7261 acc=0.6279
  [Metrics] AUC:0.726 F1:0.647 SENS:0.550 SPEC:0.870 | COMPOSITE:0.6662 EMA:0.6674
[attn-swinunetr | fold 2 | epoch 057] train=0.1516 val_loss=0.2172 auc=0.7239 acc=0.6512
  [Metrics] AUC:0.724 F1:0.667 SENS:0.650 SPEC:0.739 | COMPOSITE:0.6860 EMA:0.6730
[attn-swinunetr | fold 2 | epoch 058] train=0.1688 val_loss=0.2168 auc=0.7217 acc=0.6512
  [Metrics] AUC:0.722 F1:0.625 SENS:0.500 SPEC:0.913 | COMPOSITE:0.6486 EMA:0.6657
[attn-swinunetr | fold 2 | epoch 059] train=0.1577 val_loss=0.2133 auc=0.7239 acc=0.6512
  [Metrics] AUC:0.724 F1:0.625 SENS:0.500 SPEC:0.913 | COMPOSITE:0.6492 EMA:0.6607
[attn-swinunetr | fold 2 | epoch 060] train=0.1600 val_loss=0.1991 auc=0.7196 acc=0.6512
  [Metrics] AUC:0.720 F1:0.629 SENS:0.550 SPEC:0.826 | COMPOSITE:0.6534 EMA:0.6585
[attn-swinunetr | fold 2 | epoch 061] train=0.1555 val_loss=0.2373 auc=0.7152 acc=0.6279
  [Metrics] AUC:0.715 F1:0.698 SENS:0.750 SPEC:0.652 | COMPOSITE:0.7135 EMA:0.6750
[attn-swinunetr | fold 2 | epoch 062] train=0.1582 val_loss=0.2077 auc=0.7304 acc=0.6512
  [Metrics] AUC:0.730 F1:0.625 SENS:0.500 SPEC:0.913 | COMPOSITE:0.6508 EMA:0.6678
[attn-swinunetr | fold 2 | epoch 063] train=0.1612 val_loss=0.2187 auc=0.7196 acc=0.6512
  [Metrics] AUC:0.720 F1:0.667 SENS:0.650 SPEC:0.739 | COMPOSITE:0.6849 EMA:0.6729
[attn-swinunetr | fold 2 | epoch 064] train=0.1492 val_loss=0.2106 auc=0.7130 acc=0.6279
  [Metrics] AUC:0.713 F1:0.684 SENS:0.650 SPEC:0.783 | COMPOSITE:0.6942 EMA:0.6793
[attn-swinunetr | fold 2 | epoch 065] train=0.1503 val_loss=0.2438 auc=0.7196 acc=0.6279
  [Metrics] AUC:0.720 F1:0.684 SENS:0.650 SPEC:0.783 | COMPOSITE:0.6958 EMA:0.6843
[attn-swinunetr | fold 2 | epoch 066] train=0.1484 val_loss=0.2041 auc=0.7283 acc=0.6512
  [Metrics] AUC:0.728 F1:0.667 SENS:0.600 SPEC:0.826 | COMPOSITE:0.6826 EMA:0.6838
[attn-swinunetr | fold 2 | epoch 067] train=0.1492 val_loss=0.2366 auc=0.7304 acc=0.6977
  [Metrics] AUC:0.730 F1:0.684 SENS:0.650 SPEC:0.783 | COMPOSITE:0.6986 EMA:0.6882
[attn-swinunetr | fold 2 | epoch 068] train=0.1532 val_loss=0.2060 auc=0.7391 acc=0.6512
  [Metrics] AUC:0.739 F1:0.718 SENS:0.700 SPEC:0.783 | COMPOSITE:0.7267 EMA:0.6997
[attn-swinunetr | fold 2 | epoch 069] train=0.1495 val_loss=0.2297 auc=0.7348 acc=0.6744
  [Metrics] AUC:0.735 F1:0.703 SENS:0.650 SPEC:0.826 | COMPOSITE:0.7108 EMA:0.7031
[attn-swinunetr | fold 2 | epoch 070] train=0.1266 val_loss=0.2174 auc=0.7261 acc=0.6512
  [Metrics] AUC:0.726 F1:0.686 SENS:0.600 SPEC:0.870 | COMPOSITE:0.6934 EMA:0.7002
[attn-swinunetr | fold 2 | epoch 071] train=0.1660 val_loss=0.2571 auc=0.7304 acc=0.7209
  [Metrics] AUC:0.730 F1:0.703 SENS:0.650 SPEC:0.826 | COMPOSITE:0.7097 EMA:0.7030
[attn-swinunetr | fold 2 | epoch 072] train=0.1466 val_loss=0.2071 auc=0.7370 acc=0.6512
  [Metrics] AUC:0.737 F1:0.700 SENS:0.700 SPEC:0.739 | COMPOSITE:0.7151 EMA:0.7066
  Early stopping @ epoch 72 (best EMA composite=0.7195)
  SWA model finalize ediliyor...
  SWA val COMPOSITE: 0.6950 | Best EMA COMPOSITE: 0.7195

=================================================================
  AttentionSwinUNETR Fold 2  |  Threshold: Youden 0.616
=================================================================
  Metrik                Değer                   95% CI
  -------------------------------------------------------
  AUC-ROC               0.722          [0.558 - 0.870]
  AUC-PR                0.643                        -
  Sensitivity           0.800          [0.609 - 0.952]
  Specificity           0.609          [0.409 - 0.808]
  PPV                   0.640          [0.448 - 0.826]
  NPV                   0.778          [0.562 - 0.947]
  Accuracy              0.698          [0.558 - 0.837]
  F1-Score              0.711          [0.542 - 0.844]
  Composite             0.730                        -

  CM: TP=16 FP=9 FN=4 TN=14
  Toplam Hata: 13/43
=================================================================

======================================================================
FOLD 3/5
======================================================================
  Pretrained: 159 katman yüklendi, 0 atlandı.
[attn-swinunetr | fold 3 | epoch 001] train=0.2196 val_loss=0.2180 auc=0.6992 acc=0.6250
  [Metrics] AUC:0.699 F1:0.645 SENS:0.526 SPEC:0.905 | COMPOSITE:0.6560 EMA:0.6560
[attn-swinunetr | fold 3 | epoch 002] train=0.2182 val_loss=0.2170 auc=0.7318 acc=0.7250
  [Metrics] AUC:0.732 F1:0.744 SENS:0.842 SPEC:0.619 | COMPOSITE:0.7566 EMA:0.6862
[attn-swinunetr | fold 3 | epoch 003] train=0.2182 val_loss=0.2156 auc=0.7168 acc=0.7500
  [Metrics] AUC:0.717 F1:0.762 SENS:0.842 SPEC:0.667 | COMPOSITE:0.7644 EMA:0.7097
[attn-swinunetr | fold 3 | epoch 004] train=0.2175 val_loss=0.2137 auc=0.6942 acc=0.7250
  [Metrics] AUC:0.694 F1:0.744 SENS:0.842 SPEC:0.619 | COMPOSITE:0.7472 EMA:0.7209
[attn-swinunetr | fold 3 | epoch 005] train=0.2134 val_loss=0.2134 auc=0.6817 acc=0.7000
  [Metrics] AUC:0.682 F1:0.727 SENS:0.842 SPEC:0.571 | COMPOSITE:0.7327 EMA:0.7245
[attn-swinunetr | fold 3 | epoch 006] train=0.2084 val_loss=0.2103 auc=0.6792 acc=0.6750
  [Metrics] AUC:0.679 F1:0.714 SENS:0.789 SPEC:0.619 | COMPOSITE:0.7175 EMA:0.7224
[attn-swinunetr | fold 3 | epoch 007] train=0.2048 val_loss=0.2124 auc=0.6792 acc=0.6750
  [Metrics] AUC:0.679 F1:0.700 SENS:0.737 SPEC:0.667 | COMPOSITE:0.7027 EMA:0.7165
[attn-swinunetr | fold 3 | epoch 008] train=0.2048 val_loss=0.2097 auc=0.6767 acc=0.7000
  [Metrics] AUC:0.677 F1:0.727 SENS:0.842 SPEC:0.571 | COMPOSITE:0.7314 EMA:0.7210
[attn-swinunetr | fold 3 | epoch 009] train=0.2042 val_loss=0.2096 auc=0.6692 acc=0.6750
  [Metrics] AUC:0.669 F1:0.732 SENS:0.789 SPEC:0.667 | COMPOSITE:0.7265 EMA:0.7226
[attn-swinunetr | fold 3 | epoch 010] train=0.2063 val_loss=0.2089 auc=0.6892 acc=0.6500
  [Metrics] AUC:0.689 F1:0.750 SENS:0.789 SPEC:0.714 | COMPOSITE:0.7433 EMA:0.7288
[attn-swinunetr | fold 3 | epoch 011] train=0.1974 val_loss=0.2109 auc=0.7118 acc=0.7000
  [Metrics] AUC:0.712 F1:0.732 SENS:0.789 SPEC:0.667 | COMPOSITE:0.7372 EMA:0.7313
[attn-swinunetr | fold 3 | epoch 012] train=0.2050 val_loss=0.2171 auc=0.7193 acc=0.7000
  [Metrics] AUC:0.719 F1:0.769 SENS:0.789 SPEC:0.762 | COMPOSITE:0.7627 EMA:0.7408
[attn-swinunetr | fold 3 | epoch 013] train=0.2047 val_loss=0.2166 auc=0.6892 acc=0.6500
  [Metrics] AUC:0.689 F1:0.750 SENS:0.789 SPEC:0.714 | COMPOSITE:0.7433 EMA:0.7415
[attn-swinunetr | fold 3 | epoch 014] train=0.2065 val_loss=0.2069 auc=0.6842 acc=0.6250
  [Metrics] AUC:0.684 F1:0.750 SENS:0.789 SPEC:0.714 | COMPOSITE:0.7420 EMA:0.7417
  [Progressive FT] Epoch 15: Backbone çözülüyor, tam model ince ayara başlıyor.
[attn-swinunetr | fold 3 | epoch 015] train=0.1967 val_loss=0.2073 auc=0.6867 acc=0.6250
  [Metrics] AUC:0.687 F1:0.750 SENS:0.789 SPEC:0.714 | COMPOSITE:0.7426 EMA:0.7420
[attn-swinunetr | fold 3 | epoch 016] train=0.2030 val_loss=0.2074 auc=0.6892 acc=0.6500
  [Metrics] AUC:0.689 F1:0.750 SENS:0.789 SPEC:0.714 | COMPOSITE:0.7433 EMA:0.7423
[attn-swinunetr | fold 3 | epoch 017] train=0.2013 val_loss=0.2089 auc=0.6867 acc=0.6250
  [Metrics] AUC:0.687 F1:0.750 SENS:0.789 SPEC:0.714 | COMPOSITE:0.7426 EMA:0.7424
[attn-swinunetr | fold 3 | epoch 018] train=0.2037 val_loss=0.2096 auc=0.6842 acc=0.6250
  [Metrics] AUC:0.684 F1:0.750 SENS:0.789 SPEC:0.714 | COMPOSITE:0.7420 EMA:0.7423
[attn-swinunetr | fold 3 | epoch 019] train=0.1973 val_loss=0.2086 auc=0.6917 acc=0.6500
  [Metrics] AUC:0.692 F1:0.750 SENS:0.789 SPEC:0.714 | COMPOSITE:0.7439 EMA:0.7428
[attn-swinunetr | fold 3 | epoch 020] train=0.1921 val_loss=0.2124 auc=0.6942 acc=0.7000
  [Metrics] AUC:0.694 F1:0.750 SENS:0.789 SPEC:0.714 | COMPOSITE:0.7445 EMA:0.7433
[attn-swinunetr | fold 3 | epoch 021] train=0.1929 val_loss=0.2089 auc=0.6942 acc=0.7000
  [Metrics] AUC:0.694 F1:0.732 SENS:0.789 SPEC:0.667 | COMPOSITE:0.7328 EMA:0.7402
[attn-swinunetr | fold 3 | epoch 022] train=0.1951 val_loss=0.2104 auc=0.6992 acc=0.7000
  [Metrics] AUC:0.699 F1:0.732 SENS:0.789 SPEC:0.667 | COMPOSITE:0.7341 EMA:0.7383
[attn-swinunetr | fold 3 | epoch 023] train=0.1891 val_loss=0.2093 auc=0.7068 acc=0.7000
  [Metrics] AUC:0.707 F1:0.732 SENS:0.789 SPEC:0.667 | COMPOSITE:0.7359 EMA:0.7376
[attn-swinunetr | fold 3 | epoch 024] train=0.1891 val_loss=0.2078 auc=0.7268 acc=0.7250
  [Metrics] AUC:0.727 F1:0.750 SENS:0.789 SPEC:0.714 | COMPOSITE:0.7527 EMA:0.7421
[attn-swinunetr | fold 3 | epoch 025] train=0.1911 val_loss=0.2044 auc=0.7318 acc=0.7250
  [Metrics] AUC:0.732 F1:0.769 SENS:0.789 SPEC:0.762 | COMPOSITE:0.7659 EMA:0.7492
[attn-swinunetr | fold 3 | epoch 026] train=0.1865 val_loss=0.2078 auc=0.7494 acc=0.7750
  [Metrics] AUC:0.749 F1:0.780 SENS:0.842 SPEC:0.714 | COMPOSITE:0.7843 EMA:0.7598
[attn-swinunetr | fold 3 | epoch 027] train=0.1822 val_loss=0.1998 auc=0.7318 acc=0.7750
  [Metrics] AUC:0.732 F1:0.780 SENS:0.842 SPEC:0.714 | COMPOSITE:0.7800 EMA:0.7658
[attn-swinunetr | fold 3 | epoch 028] train=0.1937 val_loss=0.2024 auc=0.7143 acc=0.7500
  [Metrics] AUC:0.714 F1:0.762 SENS:0.842 SPEC:0.667 | COMPOSITE:0.7638 EMA:0.7652
[attn-swinunetr | fold 3 | epoch 029] train=0.1873 val_loss=0.2217 auc=0.7193 acc=0.7250
  [Metrics] AUC:0.719 F1:0.744 SENS:0.842 SPEC:0.619 | COMPOSITE:0.7535 EMA:0.7617
[attn-swinunetr | fold 3 | epoch 030] train=0.1842 val_loss=0.2074 auc=0.7118 acc=0.7250
  [Metrics] AUC:0.712 F1:0.744 SENS:0.842 SPEC:0.619 | COMPOSITE:0.7516 EMA:0.7587
[attn-swinunetr | fold 3 | epoch 031] train=0.1764 val_loss=0.2127 auc=0.7118 acc=0.7250
  [Metrics] AUC:0.712 F1:0.744 SENS:0.842 SPEC:0.619 | COMPOSITE:0.7516 EMA:0.7565
[attn-swinunetr | fold 3 | epoch 032] train=0.1928 val_loss=0.2083 auc=0.7143 acc=0.7250
  [Metrics] AUC:0.714 F1:0.744 SENS:0.842 SPEC:0.619 | COMPOSITE:0.7522 EMA:0.7552
[attn-swinunetr | fold 3 | epoch 033] train=0.1741 val_loss=0.2091 auc=0.7118 acc=0.7250
  [Metrics] AUC:0.712 F1:0.744 SENS:0.842 SPEC:0.619 | COMPOSITE:0.7516 EMA:0.7541
[attn-swinunetr | fold 3 | epoch 034] train=0.1811 val_loss=0.2138 auc=0.7193 acc=0.7250
  [Metrics] AUC:0.719 F1:0.744 SENS:0.842 SPEC:0.619 | COMPOSITE:0.7535 EMA:0.7539
[attn-swinunetr | fold 3 | epoch 035] train=0.1646 val_loss=0.2081 auc=0.7143 acc=0.7500
  [Metrics] AUC:0.714 F1:0.762 SENS:0.842 SPEC:0.667 | COMPOSITE:0.7638 EMA:0.7569
[attn-swinunetr | fold 3 | epoch 036] train=0.1755 val_loss=0.2089 auc=0.7093 acc=0.7250
  [Metrics] AUC:0.709 F1:0.744 SENS:0.842 SPEC:0.619 | COMPOSITE:0.7510 EMA:0.7551
[attn-swinunetr | fold 3 | epoch 037] train=0.1721 val_loss=0.2137 auc=0.7068 acc=0.7250
  [Metrics] AUC:0.707 F1:0.744 SENS:0.842 SPEC:0.619 | COMPOSITE:0.7503 EMA:0.7537
[attn-swinunetr | fold 3 | epoch 038] train=0.1723 val_loss=0.2105 auc=0.6942 acc=0.7250
  [Metrics] AUC:0.694 F1:0.744 SENS:0.842 SPEC:0.619 | COMPOSITE:0.7472 EMA:0.7517
[attn-swinunetr | fold 3 | epoch 039] train=0.1719 val_loss=0.2098 auc=0.6942 acc=0.7250
  [Metrics] AUC:0.694 F1:0.744 SENS:0.842 SPEC:0.619 | COMPOSITE:0.7472 EMA:0.7504
[attn-swinunetr | fold 3 | epoch 040] train=0.1711 val_loss=0.2117 auc=0.6917 acc=0.7250
  [Metrics] AUC:0.692 F1:0.744 SENS:0.842 SPEC:0.619 | COMPOSITE:0.7466 EMA:0.7492
[attn-swinunetr | fold 3 | epoch 041] train=0.1778 val_loss=0.2091 auc=0.6967 acc=0.7250
  [Metrics] AUC:0.697 F1:0.744 SENS:0.842 SPEC:0.619 | COMPOSITE:0.7478 EMA:0.7488
[attn-swinunetr | fold 3 | epoch 042] train=0.1697 val_loss=0.2148 auc=0.7118 acc=0.7250
  [Metrics] AUC:0.712 F1:0.744 SENS:0.842 SPEC:0.619 | COMPOSITE:0.7516 EMA:0.7496
[attn-swinunetr | fold 3 | epoch 043] train=0.1714 val_loss=0.2067 auc=0.7143 acc=0.7500
  [Metrics] AUC:0.714 F1:0.762 SENS:0.842 SPEC:0.667 | COMPOSITE:0.7638 EMA:0.7539
[attn-swinunetr | fold 3 | epoch 044] train=0.1446 val_loss=0.2152 auc=0.7118 acc=0.7500
  [Metrics] AUC:0.712 F1:0.762 SENS:0.842 SPEC:0.667 | COMPOSITE:0.7632 EMA:0.7567
[attn-swinunetr | fold 3 | epoch 045] train=0.1620 val_loss=0.2143 auc=0.7143 acc=0.7500
  [Metrics] AUC:0.714 F1:0.762 SENS:0.842 SPEC:0.667 | COMPOSITE:0.7638 EMA:0.7588
[attn-swinunetr | fold 3 | epoch 046] train=0.1646 val_loss=0.2119 auc=0.7043 acc=0.7500
  [Metrics] AUC:0.704 F1:0.762 SENS:0.842 SPEC:0.667 | COMPOSITE:0.7613 EMA:0.7595
[attn-swinunetr | fold 3 | epoch 047] train=0.1753 val_loss=0.2096 auc=0.7268 acc=0.7500
  [Metrics] AUC:0.727 F1:0.762 SENS:0.842 SPEC:0.667 | COMPOSITE:0.7669 EMA:0.7618
[attn-swinunetr | fold 3 | epoch 048] train=0.1684 val_loss=0.2149 auc=0.7168 acc=0.7500
  [Metrics] AUC:0.717 F1:0.762 SENS:0.842 SPEC:0.667 | COMPOSITE:0.7644 EMA:0.7626
[attn-swinunetr | fold 3 | epoch 049] train=0.1763 val_loss=0.2134 auc=0.7118 acc=0.7500
  [Metrics] AUC:0.712 F1:0.762 SENS:0.842 SPEC:0.667 | COMPOSITE:0.7632 EMA:0.7627
[attn-swinunetr | fold 3 | epoch 050] train=0.1592 val_loss=0.2168 auc=0.6992 acc=0.7500
  [Metrics] AUC:0.699 F1:0.762 SENS:0.842 SPEC:0.667 | COMPOSITE:0.7600 EMA:0.7619
[attn-swinunetr | fold 3 | epoch 051] train=0.1741 val_loss=0.2181 auc=0.7143 acc=0.7500
  [Metrics] AUC:0.714 F1:0.762 SENS:0.842 SPEC:0.667 | COMPOSITE:0.7638 EMA:0.7625
[attn-swinunetr | fold 3 | epoch 052] train=0.1542 val_loss=0.2069 auc=0.7168 acc=0.7500
  [Metrics] AUC:0.717 F1:0.762 SENS:0.842 SPEC:0.667 | COMPOSITE:0.7644 EMA:0.7631
[attn-swinunetr | fold 3 | epoch 053] train=0.1595 val_loss=0.2081 auc=0.7368 acc=0.7500
  [Metrics] AUC:0.737 F1:0.762 SENS:0.842 SPEC:0.667 | COMPOSITE:0.7694 EMA:0.7650
[attn-swinunetr | fold 3 | epoch 054] train=0.1705 val_loss=0.2019 auc=0.7494 acc=0.7500
  [Metrics] AUC:0.749 F1:0.762 SENS:0.842 SPEC:0.667 | COMPOSITE:0.7726 EMA:0.7672
[attn-swinunetr | fold 3 | epoch 055] train=0.1650 val_loss=0.2066 auc=0.7444 acc=0.7500
  [Metrics] AUC:0.744 F1:0.762 SENS:0.842 SPEC:0.667 | COMPOSITE:0.7713 EMA:0.7685
[attn-swinunetr | fold 3 | epoch 056] train=0.1546 val_loss=0.2075 auc=0.7218 acc=0.7500
  [Metrics] AUC:0.722 F1:0.762 SENS:0.842 SPEC:0.667 | COMPOSITE:0.7657 EMA:0.7676
[attn-swinunetr | fold 3 | epoch 057] train=0.1593 val_loss=0.2115 auc=0.7218 acc=0.7500
  [Metrics] AUC:0.722 F1:0.762 SENS:0.842 SPEC:0.667 | COMPOSITE:0.7657 EMA:0.7670
[attn-swinunetr | fold 3 | epoch 058] train=0.1737 val_loss=0.2155 auc=0.7218 acc=0.7500
  [Metrics] AUC:0.722 F1:0.762 SENS:0.842 SPEC:0.667 | COMPOSITE:0.7657 EMA:0.7666
[attn-swinunetr | fold 3 | epoch 059] train=0.1557 val_loss=0.2106 auc=0.7218 acc=0.7500
  [Metrics] AUC:0.722 F1:0.762 SENS:0.842 SPEC:0.667 | COMPOSITE:0.7657 EMA:0.7663
[attn-swinunetr | fold 3 | epoch 060] train=0.1588 val_loss=0.2193 auc=0.7193 acc=0.7500
  [Metrics] AUC:0.719 F1:0.762 SENS:0.842 SPEC:0.667 | COMPOSITE:0.7650 EMA:0.7659
[attn-swinunetr | fold 3 | epoch 061] train=0.1632 val_loss=0.2231 auc=0.7093 acc=0.7250
  [Metrics] AUC:0.709 F1:0.744 SENS:0.842 SPEC:0.619 | COMPOSITE:0.7510 EMA:0.7615
[attn-swinunetr | fold 3 | epoch 062] train=0.1571 val_loss=0.2230 auc=0.7243 acc=0.7250
  [Metrics] AUC:0.724 F1:0.744 SENS:0.842 SPEC:0.619 | COMPOSITE:0.7547 EMA:0.7594
[attn-swinunetr | fold 3 | epoch 063] train=0.1715 val_loss=0.2142 auc=0.7368 acc=0.7500
  [Metrics] AUC:0.737 F1:0.762 SENS:0.842 SPEC:0.667 | COMPOSITE:0.7694 EMA:0.7624
[attn-swinunetr | fold 3 | epoch 064] train=0.1627 val_loss=0.2137 auc=0.7444 acc=0.7250
  [Metrics] AUC:0.744 F1:0.750 SENS:0.789 SPEC:0.714 | COMPOSITE:0.7570 EMA:0.7608
[attn-swinunetr | fold 3 | epoch 065] train=0.1581 val_loss=0.2220 auc=0.7218 acc=0.7250
  [Metrics] AUC:0.722 F1:0.744 SENS:0.842 SPEC:0.619 | COMPOSITE:0.7541 EMA:0.7588
[attn-swinunetr | fold 3 | epoch 066] train=0.1517 val_loss=0.2267 auc=0.7068 acc=0.7250
  [Metrics] AUC:0.707 F1:0.744 SENS:0.842 SPEC:0.619 | COMPOSITE:0.7503 EMA:0.7563
[attn-swinunetr | fold 3 | epoch 067] train=0.1559 val_loss=0.2305 auc=0.7093 acc=0.7250
  [Metrics] AUC:0.709 F1:0.744 SENS:0.842 SPEC:0.619 | COMPOSITE:0.7510 EMA:0.7547
[attn-swinunetr | fold 3 | epoch 068] train=0.1595 val_loss=0.2292 auc=0.7068 acc=0.7250
  [Metrics] AUC:0.707 F1:0.744 SENS:0.842 SPEC:0.619 | COMPOSITE:0.7503 EMA:0.7534
[attn-swinunetr | fold 3 | epoch 069] train=0.1658 val_loss=0.2378 auc=0.6992 acc=0.7250
  [Metrics] AUC:0.699 F1:0.744 SENS:0.842 SPEC:0.619 | COMPOSITE:0.7485 EMA:0.7519
[attn-swinunetr | fold 3 | epoch 070] train=0.1583 val_loss=0.2477 auc=0.7318 acc=0.7250
  [Metrics] AUC:0.732 F1:0.737 SENS:0.737 SPEC:0.762 | COMPOSITE:0.7393 EMA:0.7481
[attn-swinunetr | fold 3 | epoch 071] train=0.1470 val_loss=0.2364 auc=0.7093 acc=0.7250
  [Metrics] AUC:0.709 F1:0.744 SENS:0.842 SPEC:0.619 | COMPOSITE:0.7510 EMA:0.7490
[attn-swinunetr | fold 3 | epoch 072] train=0.1464 val_loss=0.2385 auc=0.7093 acc=0.7000
  [Metrics] AUC:0.709 F1:0.737 SENS:0.737 SPEC:0.762 | COMPOSITE:0.7337 EMA:0.7444
[attn-swinunetr | fold 3 | epoch 073] train=0.1679 val_loss=0.2285 auc=0.7193 acc=0.7000
  [Metrics] AUC:0.719 F1:0.737 SENS:0.737 SPEC:0.762 | COMPOSITE:0.7362 EMA:0.7419
[attn-swinunetr | fold 3 | epoch 074] train=0.1647 val_loss=0.2276 auc=0.7193 acc=0.7250
  [Metrics] AUC:0.719 F1:0.737 SENS:0.737 SPEC:0.762 | COMPOSITE:0.7362 EMA:0.7402
[attn-swinunetr | fold 3 | epoch 075] train=0.1376 val_loss=0.2337 auc=0.7143 acc=0.7250
  [Metrics] AUC:0.714 F1:0.744 SENS:0.842 SPEC:0.619 | COMPOSITE:0.7522 EMA:0.7438
[attn-swinunetr | fold 3 | epoch 076] train=0.1435 val_loss=0.2361 auc=0.7193 acc=0.7250
  [Metrics] AUC:0.719 F1:0.744 SENS:0.842 SPEC:0.619 | COMPOSITE:0.7535 EMA:0.7467
[attn-swinunetr | fold 3 | epoch 077] train=0.1424 val_loss=0.2367 auc=0.7343 acc=0.7250
  [Metrics] AUC:0.734 F1:0.737 SENS:0.737 SPEC:0.762 | COMPOSITE:0.7400 EMA:0.7447
[attn-swinunetr | fold 3 | epoch 078] train=0.1384 val_loss=0.2393 auc=0.7293 acc=0.7250
  [Metrics] AUC:0.729 F1:0.737 SENS:0.737 SPEC:0.762 | COMPOSITE:0.7387 EMA:0.7429
[attn-swinunetr | fold 3 | epoch 079] train=0.1531 val_loss=0.2376 auc=0.7243 acc=0.7250
  [Metrics] AUC:0.724 F1:0.737 SENS:0.737 SPEC:0.762 | COMPOSITE:0.7375 EMA:0.7413
[attn-swinunetr | fold 3 | epoch 080] train=0.1340 val_loss=0.2393 auc=0.7444 acc=0.7250
  [Metrics] AUC:0.744 F1:0.744 SENS:0.842 SPEC:0.619 | COMPOSITE:0.7597 EMA:0.7468
  Early stopping @ epoch 80 (best EMA composite=0.7685)
  SWA model finalize ediliyor...
  SWA val COMPOSITE: 0.7356 | Best EMA COMPOSITE: 0.7685

=================================================================
  AttentionSwinUNETR Fold 3  |  Threshold: Youden 0.569
=================================================================
  Metrik                Değer                   95% CI
  -------------------------------------------------------
  AUC-ROC               0.744          [0.573 - 0.900]
  AUC-PR                0.673                        -
  Sensitivity           0.842          [0.667 - 1.000]
  Specificity           0.667          [0.450 - 0.857]
  PPV                   0.696          [0.500 - 0.870]
  NPV                   0.824          [0.600 - 1.000]
  Accuracy              0.750          [0.600 - 0.875]
  F1-Score              0.762          [0.591 - 0.889]
  Composite             0.771                        -

  CM: TP=16 FP=7 FN=3 TN=14
  Toplam Hata: 10/40
=================================================================

======================================================================
FOLD 4/5
======================================================================
  Pretrained: 159 katman yüklendi, 0 atlandı.
[attn-swinunetr | fold 4 | epoch 001] train=0.2305 val_loss=0.2335 auc=0.6259 acc=0.5714
  [Metrics] AUC:0.626 F1:0.571 SENS:0.476 SPEC:0.810 | COMPOSITE:0.5874 EMA:0.5874
[attn-swinunetr | fold 4 | epoch 002] train=0.2245 val_loss=0.2221 auc=0.7551 acc=0.6667
  [Metrics] AUC:0.755 F1:0.629 SENS:0.524 SPEC:0.857 | COMPOSITE:0.6578 EMA:0.6085
[attn-swinunetr | fold 4 | epoch 003] train=0.2205 val_loss=0.2163 auc=0.7438 acc=0.7143
  [Metrics] AUC:0.744 F1:0.739 SENS:0.810 SPEC:0.619 | COMPOSITE:0.7469 EMA:0.6501
[attn-swinunetr | fold 4 | epoch 004] train=0.2197 val_loss=0.2143 auc=0.7302 acc=0.6667
  [Metrics] AUC:0.730 F1:0.667 SENS:0.619 SPEC:0.762 | COMPOSITE:0.6802 EMA:0.6591
[attn-swinunetr | fold 4 | epoch 005] train=0.2154 val_loss=0.2126 auc=0.7188 acc=0.6667
  [Metrics] AUC:0.719 F1:0.650 SENS:0.619 SPEC:0.714 | COMPOSITE:0.6660 EMA:0.6612
[attn-swinunetr | fold 4 | epoch 006] train=0.2169 val_loss=0.2119 auc=0.7302 acc=0.6905
  [Metrics] AUC:0.730 F1:0.667 SENS:0.619 SPEC:0.762 | COMPOSITE:0.6802 EMA:0.6669
[attn-swinunetr | fold 4 | epoch 007] train=0.2183 val_loss=0.2087 auc=0.7143 acc=0.6429
  [Metrics] AUC:0.714 F1:0.533 SENS:0.381 SPEC:0.952 | COMPOSITE:0.5881 EMA:0.6432
[attn-swinunetr | fold 4 | epoch 008] train=0.2112 val_loss=0.2124 auc=0.7188 acc=0.6667
  [Metrics] AUC:0.719 F1:0.650 SENS:0.619 SPEC:0.714 | COMPOSITE:0.6660 EMA:0.6501
[attn-swinunetr | fold 4 | epoch 009] train=0.2165 val_loss=0.2108 auc=0.7347 acc=0.6429
  [Metrics] AUC:0.735 F1:0.667 SENS:0.619 SPEC:0.762 | COMPOSITE:0.6813 EMA:0.6594
[attn-swinunetr | fold 4 | epoch 010] train=0.2116 val_loss=0.2133 auc=0.7347 acc=0.7143
  [Metrics] AUC:0.735 F1:0.714 SENS:0.714 SPEC:0.714 | COMPOSITE:0.7194 EMA:0.6774
[attn-swinunetr | fold 4 | epoch 011] train=0.2120 val_loss=0.2107 auc=0.7528 acc=0.7619
  [Metrics] AUC:0.753 F1:0.773 SENS:0.810 SPEC:0.714 | COMPOSITE:0.7719 EMA:0.7058
[attn-swinunetr | fold 4 | epoch 012] train=0.2050 val_loss=0.2160 auc=0.7324 acc=0.6429
  [Metrics] AUC:0.732 F1:0.682 SENS:0.714 SPEC:0.619 | COMPOSITE:0.6964 EMA:0.7030
[attn-swinunetr | fold 4 | epoch 013] train=0.2044 val_loss=0.2118 auc=0.7438 acc=0.6667
  [Metrics] AUC:0.744 F1:0.727 SENS:0.762 SPEC:0.667 | COMPOSITE:0.7344 EMA:0.7124
[attn-swinunetr | fold 4 | epoch 014] train=0.2268 val_loss=0.2107 auc=0.7234 acc=0.6667
  [Metrics] AUC:0.723 F1:0.629 SENS:0.524 SPEC:0.857 | COMPOSITE:0.6499 EMA:0.6936
  [Progressive FT] Epoch 15: Backbone çözülüyor, tam model ince ayara başlıyor.
[attn-swinunetr | fold 4 | epoch 015] train=0.2042 val_loss=0.2052 auc=0.7279 acc=0.6429
  [Metrics] AUC:0.728 F1:0.711 SENS:0.762 SPEC:0.619 | COMPOSITE:0.7193 EMA:0.7013
[attn-swinunetr | fold 4 | epoch 016] train=0.1975 val_loss=0.2036 auc=0.7324 acc=0.6429
  [Metrics] AUC:0.732 F1:0.611 SENS:0.524 SPEC:0.810 | COMPOSITE:0.6406 EMA:0.6831
[attn-swinunetr | fold 4 | epoch 017] train=0.1998 val_loss=0.2024 auc=0.7324 acc=0.6190
  [Metrics] AUC:0.732 F1:0.629 SENS:0.524 SPEC:0.857 | COMPOSITE:0.6522 EMA:0.6738
[attn-swinunetr | fold 4 | epoch 018] train=0.1980 val_loss=0.2024 auc=0.7279 acc=0.6190
  [Metrics] AUC:0.728 F1:0.629 SENS:0.524 SPEC:0.857 | COMPOSITE:0.6510 EMA:0.6670
[attn-swinunetr | fold 4 | epoch 019] train=0.2044 val_loss=0.2018 auc=0.7279 acc=0.6429
  [Metrics] AUC:0.728 F1:0.629 SENS:0.524 SPEC:0.857 | COMPOSITE:0.6510 EMA:0.6622
[attn-swinunetr | fold 4 | epoch 020] train=0.1985 val_loss=0.2037 auc=0.7392 acc=0.6667
  [Metrics] AUC:0.739 F1:0.625 SENS:0.476 SPEC:0.952 | COMPOSITE:0.6506 EMA:0.6587
[attn-swinunetr | fold 4 | epoch 021] train=0.1891 val_loss=0.1989 auc=0.7438 acc=0.6190
  [Metrics] AUC:0.744 F1:0.629 SENS:0.524 SPEC:0.857 | COMPOSITE:0.6550 EMA:0.6576
[attn-swinunetr | fold 4 | epoch 022] train=0.1930 val_loss=0.2007 auc=0.7415 acc=0.6429
  [Metrics] AUC:0.741 F1:0.600 SENS:0.429 SPEC:1.000 | COMPOSITE:0.6354 EMA:0.6509
[attn-swinunetr | fold 4 | epoch 023] train=0.1992 val_loss=0.2035 auc=0.7211 acc=0.6190
  [Metrics] AUC:0.721 F1:0.611 SENS:0.524 SPEC:0.810 | COMPOSITE:0.6378 EMA:0.6470
[attn-swinunetr | fold 4 | epoch 024] train=0.1952 val_loss=0.2057 auc=0.7166 acc=0.6429
  [Metrics] AUC:0.717 F1:0.606 SENS:0.476 SPEC:0.905 | COMPOSITE:0.6330 EMA:0.6428
[attn-swinunetr | fold 4 | epoch 025] train=0.1947 val_loss=0.2034 auc=0.7120 acc=0.6429
  [Metrics] AUC:0.712 F1:0.611 SENS:0.524 SPEC:0.810 | COMPOSITE:0.6355 EMA:0.6406
[attn-swinunetr | fold 4 | epoch 026] train=0.1962 val_loss=0.2021 auc=0.7188 acc=0.6429
  [Metrics] AUC:0.719 F1:0.650 SENS:0.619 SPEC:0.714 | COMPOSITE:0.6660 EMA:0.6482
[attn-swinunetr | fold 4 | epoch 027] train=0.1875 val_loss=0.2005 auc=0.7324 acc=0.6190
  [Metrics] AUC:0.732 F1:0.667 SENS:0.619 SPEC:0.762 | COMPOSITE:0.6807 EMA:0.6580
[attn-swinunetr | fold 4 | epoch 028] train=0.1931 val_loss=0.1997 auc=0.7324 acc=0.6190
  [Metrics] AUC:0.732 F1:0.667 SENS:0.619 SPEC:0.762 | COMPOSITE:0.6807 EMA:0.6648
[attn-swinunetr | fold 4 | epoch 029] train=0.1907 val_loss=0.2051 auc=0.7211 acc=0.6667
  [Metrics] AUC:0.721 F1:0.650 SENS:0.619 SPEC:0.714 | COMPOSITE:0.6666 EMA:0.6653
[attn-swinunetr | fold 4 | epoch 030] train=0.1853 val_loss=0.2005 auc=0.7234 acc=0.6429
  [Metrics] AUC:0.723 F1:0.667 SENS:0.619 SPEC:0.762 | COMPOSITE:0.6785 EMA:0.6693
[attn-swinunetr | fold 4 | epoch 031] train=0.1834 val_loss=0.1984 auc=0.7211 acc=0.6429
  [Metrics] AUC:0.721 F1:0.714 SENS:0.714 SPEC:0.714 | COMPOSITE:0.7160 EMA:0.6833
[attn-swinunetr | fold 4 | epoch 032] train=0.1840 val_loss=0.1995 auc=0.7279 acc=0.6667
  [Metrics] AUC:0.728 F1:0.683 SENS:0.667 SPEC:0.714 | COMPOSITE:0.6932 EMA:0.6863
[attn-swinunetr | fold 4 | epoch 033] train=0.1778 val_loss=0.2036 auc=0.7143 acc=0.6667
  [Metrics] AUC:0.714 F1:0.650 SENS:0.619 SPEC:0.714 | COMPOSITE:0.6649 EMA:0.6798
[attn-swinunetr | fold 4 | epoch 034] train=0.1847 val_loss=0.1988 auc=0.7279 acc=0.6667
  [Metrics] AUC:0.728 F1:0.698 SENS:0.714 SPEC:0.667 | COMPOSITE:0.7064 EMA:0.6878
[attn-swinunetr | fold 4 | epoch 035] train=0.1907 val_loss=0.1973 auc=0.7234 acc=0.6667
  [Metrics] AUC:0.723 F1:0.611 SENS:0.524 SPEC:0.810 | COMPOSITE:0.6384 EMA:0.6730
[attn-swinunetr | fold 4 | epoch 036] train=0.1770 val_loss=0.1959 auc=0.7506 acc=0.6667
  [Metrics] AUC:0.751 F1:0.667 SENS:0.619 SPEC:0.762 | COMPOSITE:0.6853 EMA:0.6767
[attn-swinunetr | fold 4 | epoch 037] train=0.1811 val_loss=0.1932 auc=0.7551 acc=0.6905
  [Metrics] AUC:0.755 F1:0.714 SENS:0.714 SPEC:0.714 | COMPOSITE:0.7245 EMA:0.6910
[attn-swinunetr | fold 4 | epoch 038] train=0.1825 val_loss=0.1973 auc=0.7370 acc=0.6905
  [Metrics] AUC:0.737 F1:0.647 SENS:0.524 SPEC:0.905 | COMPOSITE:0.6651 EMA:0.6832
[attn-swinunetr | fold 4 | epoch 039] train=0.1830 val_loss=0.1931 auc=0.7324 acc=0.6667
  [Metrics] AUC:0.732 F1:0.629 SENS:0.524 SPEC:0.857 | COMPOSITE:0.6522 EMA:0.6739
[attn-swinunetr | fold 4 | epoch 040] train=0.1827 val_loss=0.1952 auc=0.7234 acc=0.6667
  [Metrics] AUC:0.723 F1:0.552 SENS:0.381 SPEC:1.000 | COMPOSITE:0.6021 EMA:0.6524
[attn-swinunetr | fold 4 | epoch 041] train=0.1849 val_loss=0.1892 auc=0.7483 acc=0.6905
  [Metrics] AUC:0.748 F1:0.629 SENS:0.524 SPEC:0.857 | COMPOSITE:0.6561 EMA:0.6535
[attn-swinunetr | fold 4 | epoch 042] train=0.1794 val_loss=0.1858 auc=0.7664 acc=0.6905
  [Metrics] AUC:0.766 F1:0.647 SENS:0.524 SPEC:0.905 | COMPOSITE:0.6724 EMA:0.6592
[attn-swinunetr | fold 4 | epoch 043] train=0.1846 val_loss=0.2066 auc=0.7483 acc=0.6905
  [Metrics] AUC:0.748 F1:0.600 SENS:0.429 SPEC:1.000 | COMPOSITE:0.6371 EMA:0.6525
[attn-swinunetr | fold 4 | epoch 044] train=0.1835 val_loss=0.1834 auc=0.7778 acc=0.7143
  [Metrics] AUC:0.778 F1:0.667 SENS:0.524 SPEC:0.952 | COMPOSITE:0.6873 EMA:0.6630
[attn-swinunetr | fold 4 | epoch 045] train=0.1857 val_loss=0.1836 auc=0.7732 acc=0.7143
  [Metrics] AUC:0.773 F1:0.667 SENS:0.524 SPEC:0.952 | COMPOSITE:0.6862 EMA:0.6699
[attn-swinunetr | fold 4 | epoch 046] train=0.1725 val_loss=0.1850 auc=0.7846 acc=0.7143
  [Metrics] AUC:0.785 F1:0.732 SENS:0.714 SPEC:0.762 | COMPOSITE:0.7434 EMA:0.6920
[attn-swinunetr | fold 4 | epoch 047] train=0.1828 val_loss=0.1846 auc=0.7664 acc=0.6905
  [Metrics] AUC:0.766 F1:0.667 SENS:0.524 SPEC:0.952 | COMPOSITE:0.6845 EMA:0.6897
[attn-swinunetr | fold 4 | epoch 048] train=0.1682 val_loss=0.1851 auc=0.7551 acc=0.7143
  [Metrics] AUC:0.755 F1:0.667 SENS:0.524 SPEC:0.952 | COMPOSITE:0.6816 EMA:0.6873
[attn-swinunetr | fold 4 | epoch 049] train=0.1582 val_loss=0.1911 auc=0.7415 acc=0.7143
  [Metrics] AUC:0.741 F1:0.750 SENS:0.857 SPEC:0.571 | COMPOSITE:0.7586 EMA:0.7087
[attn-swinunetr | fold 4 | epoch 050] train=0.1656 val_loss=0.1902 auc=0.7483 acc=0.7143
  [Metrics] AUC:0.748 F1:0.739 SENS:0.810 SPEC:0.619 | COMPOSITE:0.7480 EMA:0.7205
[attn-swinunetr | fold 4 | epoch 051] train=0.1683 val_loss=0.1921 auc=0.7574 acc=0.7143
  [Metrics] AUC:0.757 F1:0.739 SENS:0.810 SPEC:0.619 | COMPOSITE:0.7503 EMA:0.7294
[attn-swinunetr | fold 4 | epoch 052] train=0.1725 val_loss=0.1880 auc=0.7755 acc=0.7381
  [Metrics] AUC:0.776 F1:0.667 SENS:0.524 SPEC:0.952 | COMPOSITE:0.6867 EMA:0.7166
[attn-swinunetr | fold 4 | epoch 053] train=0.1600 val_loss=0.1883 auc=0.7732 acc=0.7381
  [Metrics] AUC:0.773 F1:0.667 SENS:0.524 SPEC:0.952 | COMPOSITE:0.6862 EMA:0.7075
[attn-swinunetr | fold 4 | epoch 054] train=0.1738 val_loss=0.1952 auc=0.7370 acc=0.7143
  [Metrics] AUC:0.737 F1:0.739 SENS:0.810 SPEC:0.619 | COMPOSITE:0.7452 EMA:0.7188
[attn-swinunetr | fold 4 | epoch 055] train=0.1738 val_loss=0.1925 auc=0.7370 acc=0.7381
  [Metrics] AUC:0.737 F1:0.766 SENS:0.857 SPEC:0.619 | COMPOSITE:0.7686 EMA:0.7337
[attn-swinunetr | fold 4 | epoch 056] train=0.1719 val_loss=0.1911 auc=0.7392 acc=0.7381
  [Metrics] AUC:0.739 F1:0.766 SENS:0.857 SPEC:0.619 | COMPOSITE:0.7692 EMA:0.7444
[attn-swinunetr | fold 4 | epoch 057] train=0.1678 val_loss=0.1898 auc=0.7483 acc=0.7381
  [Metrics] AUC:0.748 F1:0.766 SENS:0.857 SPEC:0.619 | COMPOSITE:0.7714 EMA:0.7525
[attn-swinunetr | fold 4 | epoch 058] train=0.1714 val_loss=0.1904 auc=0.7438 acc=0.7381
  [Metrics] AUC:0.744 F1:0.766 SENS:0.857 SPEC:0.619 | COMPOSITE:0.7703 EMA:0.7578
[attn-swinunetr | fold 4 | epoch 059] train=0.1674 val_loss=0.1863 auc=0.7619 acc=0.7143
  [Metrics] AUC:0.762 F1:0.647 SENS:0.524 SPEC:0.905 | COMPOSITE:0.6713 EMA:0.7319
[attn-swinunetr | fold 4 | epoch 060] train=0.1672 val_loss=0.1906 auc=0.7619 acc=0.6905
  [Metrics] AUC:0.762 F1:0.647 SENS:0.524 SPEC:0.905 | COMPOSITE:0.6713 EMA:0.7137
[attn-swinunetr | fold 4 | epoch 061] train=0.1550 val_loss=0.1866 auc=0.7664 acc=0.6905
  [Metrics] AUC:0.766 F1:0.667 SENS:0.524 SPEC:0.952 | COMPOSITE:0.6845 EMA:0.7049
[attn-swinunetr | fold 4 | epoch 062] train=0.1629 val_loss=0.1857 auc=0.7574 acc=0.7143
  [Metrics] AUC:0.757 F1:0.739 SENS:0.810 SPEC:0.619 | COMPOSITE:0.7503 EMA:0.7185
[attn-swinunetr | fold 4 | epoch 063] train=0.1548 val_loss=0.1901 auc=0.7460 acc=0.7143
  [Metrics] AUC:0.746 F1:0.739 SENS:0.810 SPEC:0.619 | COMPOSITE:0.7475 EMA:0.7272
[attn-swinunetr | fold 4 | epoch 064] train=0.1630 val_loss=0.1853 auc=0.7574 acc=0.7143
  [Metrics] AUC:0.757 F1:0.645 SENS:0.476 SPEC:1.000 | COMPOSITE:0.6673 EMA:0.7092
[attn-swinunetr | fold 4 | epoch 065] train=0.1645 val_loss=0.1899 auc=0.7596 acc=0.7143
  [Metrics] AUC:0.760 F1:0.739 SENS:0.810 SPEC:0.619 | COMPOSITE:0.7509 EMA:0.7217
[attn-swinunetr | fold 4 | epoch 066] train=0.1665 val_loss=0.1941 auc=0.7551 acc=0.7143
  [Metrics] AUC:0.755 F1:0.739 SENS:0.810 SPEC:0.619 | COMPOSITE:0.7497 EMA:0.7301
[attn-swinunetr | fold 4 | epoch 067] train=0.1748 val_loss=0.1926 auc=0.7596 acc=0.7143
  [Metrics] AUC:0.760 F1:0.647 SENS:0.524 SPEC:0.905 | COMPOSITE:0.6707 EMA:0.7123
[attn-swinunetr | fold 4 | epoch 068] train=0.1677 val_loss=0.1929 auc=0.7460 acc=0.6905
  [Metrics] AUC:0.746 F1:0.600 SENS:0.429 SPEC:1.000 | COMPOSITE:0.6365 EMA:0.6896
[attn-swinunetr | fold 4 | epoch 069] train=0.1577 val_loss=0.1941 auc=0.7347 acc=0.6905
  [Metrics] AUC:0.735 F1:0.600 SENS:0.429 SPEC:1.000 | COMPOSITE:0.6337 EMA:0.6728
[attn-swinunetr | fold 4 | epoch 070] train=0.1583 val_loss=0.1946 auc=0.7279 acc=0.6905
  [Metrics] AUC:0.728 F1:0.600 SENS:0.429 SPEC:1.000 | COMPOSITE:0.6320 EMA:0.6606
[attn-swinunetr | fold 4 | epoch 071] train=0.1596 val_loss=0.2004 auc=0.7211 acc=0.6667
  [Metrics] AUC:0.721 F1:0.600 SENS:0.429 SPEC:1.000 | COMPOSITE:0.6303 EMA:0.6515
[attn-swinunetr | fold 4 | epoch 072] train=0.1756 val_loss=0.1913 auc=0.7415 acc=0.7143
  [Metrics] AUC:0.741 F1:0.645 SENS:0.476 SPEC:1.000 | COMPOSITE:0.6633 EMA:0.6550
[attn-swinunetr | fold 4 | epoch 073] train=0.1557 val_loss=0.1959 auc=0.7392 acc=0.6905
  [Metrics] AUC:0.739 F1:0.600 SENS:0.429 SPEC:1.000 | COMPOSITE:0.6348 EMA:0.6490
[attn-swinunetr | fold 4 | epoch 074] train=0.1582 val_loss=0.1894 auc=0.7551 acc=0.6905
  [Metrics] AUC:0.755 F1:0.645 SENS:0.476 SPEC:1.000 | COMPOSITE:0.6667 EMA:0.6543
[attn-swinunetr | fold 4 | epoch 075] train=0.1723 val_loss=0.1895 auc=0.7528 acc=0.6905
  [Metrics] AUC:0.753 F1:0.684 SENS:0.619 SPEC:0.810 | COMPOSITE:0.6974 EMA:0.6672
[attn-swinunetr | fold 4 | epoch 076] train=0.1482 val_loss=0.1870 auc=0.7551 acc=0.7143
  [Metrics] AUC:0.755 F1:0.645 SENS:0.476 SPEC:1.000 | COMPOSITE:0.6667 EMA:0.6671
[attn-swinunetr | fold 4 | epoch 077] train=0.1501 val_loss=0.2043 auc=0.7415 acc=0.6667
  [Metrics] AUC:0.741 F1:0.600 SENS:0.429 SPEC:1.000 | COMPOSITE:0.6354 EMA:0.6576
[attn-swinunetr | fold 4 | epoch 078] train=0.1568 val_loss=0.2073 auc=0.7483 acc=0.6905
  [Metrics] AUC:0.748 F1:0.684 SENS:0.619 SPEC:0.810 | COMPOSITE:0.6962 EMA:0.6692
[attn-swinunetr | fold 4 | epoch 079] train=0.1560 val_loss=0.1910 auc=0.7642 acc=0.7143
  [Metrics] AUC:0.764 F1:0.645 SENS:0.476 SPEC:1.000 | COMPOSITE:0.6690 EMA:0.6691
[attn-swinunetr | fold 4 | epoch 080] train=0.1657 val_loss=0.1908 auc=0.7551 acc=0.7143
  [Metrics] AUC:0.755 F1:0.645 SENS:0.476 SPEC:1.000 | COMPOSITE:0.6667 EMA:0.6684
[attn-swinunetr | fold 4 | epoch 081] train=0.1559 val_loss=0.1903 auc=0.7642 acc=0.7143
  [Metrics] AUC:0.764 F1:0.684 SENS:0.619 SPEC:0.810 | COMPOSITE:0.7002 EMA:0.6779
[attn-swinunetr | fold 4 | epoch 082] train=0.1540 val_loss=0.1874 auc=0.7755 acc=0.7143
  [Metrics] AUC:0.776 F1:0.732 SENS:0.714 SPEC:0.762 | COMPOSITE:0.7411 EMA:0.6969
[attn-swinunetr | fold 4 | epoch 083] train=0.1756 val_loss=0.1943 auc=0.7732 acc=0.7381
  [Metrics] AUC:0.773 F1:0.732 SENS:0.714 SPEC:0.762 | COMPOSITE:0.7405 EMA:0.7100
  Early stopping @ epoch 83 (best EMA composite=0.7578)
  SWA model finalize ediliyor...
  SWA val COMPOSITE: 0.6679 | Best EMA COMPOSITE: 0.7578

=================================================================
  AttentionSwinUNETR Fold 4  |  Threshold: Youden 0.561
=================================================================
  Metrik                Değer                   95% CI
  -------------------------------------------------------
  AUC-ROC               0.744          [0.588 - 0.888]
  AUC-PR                0.794                        -
  Sensitivity           0.857          [0.700 - 1.000]
  Specificity           0.619          [0.407 - 0.826]
  PPV                   0.692          [0.519 - 0.870]
  NPV                   0.812          [0.611 - 1.000]
  Accuracy              0.738          [0.595 - 0.857]
  F1-Score              0.766          [0.615 - 0.889]
  Composite             0.770                        -

  CM: TP=18 FP=8 FN=3 TN=13
  Toplam Hata: 11/42
=================================================================

======================================================================
FOLD 5/5
======================================================================
  Pretrained: 159 katman yüklendi, 0 atlandı.
[attn-swinunetr | fold 5 | epoch 001] train=0.2336 val_loss=0.2349 auc=0.7762 acc=0.8049
  [Metrics] AUC:0.776 F1:0.818 SENS:0.900 SPEC:0.714 | COMPOSITE:0.8207 EMA:0.8207
[attn-swinunetr | fold 5 | epoch 002] train=0.2278 val_loss=0.2213 auc=0.8095 acc=0.8049
  [Metrics] AUC:0.810 F1:0.818 SENS:0.900 SPEC:0.714 | COMPOSITE:0.8291 EMA:0.8232
[attn-swinunetr | fold 5 | epoch 003] train=0.2199 val_loss=0.2142 auc=0.8548 acc=0.8293
  [Metrics] AUC:0.855 F1:0.833 SENS:0.750 SPEC:0.952 | COMPOSITE:0.8274 EMA:0.8245
[attn-swinunetr | fold 5 | epoch 004] train=0.2156 val_loss=0.2102 auc=0.8524 acc=0.8293
  [Metrics] AUC:0.852 F1:0.821 SENS:0.800 SPEC:0.857 | COMPOSITE:0.8268 EMA:0.8252
[attn-swinunetr | fold 5 | epoch 005] train=0.2153 val_loss=0.2077 auc=0.8619 acc=0.8293
  [Metrics] AUC:0.862 F1:0.821 SENS:0.800 SPEC:0.857 | COMPOSITE:0.8292 EMA:0.8264
[attn-swinunetr | fold 5 | epoch 006] train=0.2136 val_loss=0.2019 auc=0.8714 acc=0.8537
  [Metrics] AUC:0.871 F1:0.850 SENS:0.850 SPEC:0.857 | COMPOSITE:0.8564 EMA:0.8354
[attn-swinunetr | fold 5 | epoch 007] train=0.2131 val_loss=0.1949 auc=0.8643 acc=0.8537
  [Metrics] AUC:0.864 F1:0.850 SENS:0.850 SPEC:0.857 | COMPOSITE:0.8546 EMA:0.8412
[attn-swinunetr | fold 5 | epoch 008] train=0.2120 val_loss=0.1962 auc=0.8690 acc=0.8293
  [Metrics] AUC:0.869 F1:0.833 SENS:0.750 SPEC:0.952 | COMPOSITE:0.8310 EMA:0.8381
[attn-swinunetr | fold 5 | epoch 009] train=0.2080 val_loss=0.1906 auc=0.8762 acc=0.8780
  [Metrics] AUC:0.876 F1:0.872 SENS:0.850 SPEC:0.905 | COMPOSITE:0.8702 EMA:0.8477
[attn-swinunetr | fold 5 | epoch 010] train=0.2065 val_loss=0.2046 auc=0.8738 acc=0.8780
  [Metrics] AUC:0.874 F1:0.872 SENS:0.850 SPEC:0.905 | COMPOSITE:0.8696 EMA:0.8543
[attn-swinunetr | fold 5 | epoch 011] train=0.2170 val_loss=0.1944 auc=0.8690 acc=0.8780
  [Metrics] AUC:0.869 F1:0.872 SENS:0.850 SPEC:0.905 | COMPOSITE:0.8684 EMA:0.8585
[attn-swinunetr | fold 5 | epoch 012] train=0.2130 val_loss=0.1947 auc=0.8833 acc=0.9024
  [Metrics] AUC:0.883 F1:0.895 SENS:0.850 SPEC:0.952 | COMPOSITE:0.8849 EMA:0.8664
[attn-swinunetr | fold 5 | epoch 013] train=0.2048 val_loss=0.2024 auc=0.8881 acc=0.9024
  [Metrics] AUC:0.888 F1:0.895 SENS:0.850 SPEC:0.952 | COMPOSITE:0.8861 EMA:0.8723
[attn-swinunetr | fold 5 | epoch 014] train=0.2157 val_loss=0.1910 auc=0.8833 acc=0.9024
  [Metrics] AUC:0.883 F1:0.895 SENS:0.850 SPEC:0.952 | COMPOSITE:0.8849 EMA:0.8761
  [Progressive FT] Epoch 15: Backbone çözülüyor, tam model ince ayara başlıyor.
[attn-swinunetr | fold 5 | epoch 015] train=0.2068 val_loss=0.1878 auc=0.8786 acc=0.9024
  [Metrics] AUC:0.879 F1:0.895 SENS:0.850 SPEC:0.952 | COMPOSITE:0.8837 EMA:0.8784
[attn-swinunetr | fold 5 | epoch 016] train=0.2052 val_loss=0.1869 auc=0.8881 acc=0.9024
  [Metrics] AUC:0.888 F1:0.895 SENS:0.850 SPEC:0.952 | COMPOSITE:0.8861 EMA:0.8807
[attn-swinunetr | fold 5 | epoch 017] train=0.2084 val_loss=0.1861 auc=0.8881 acc=0.9024
  [Metrics] AUC:0.888 F1:0.895 SENS:0.850 SPEC:0.952 | COMPOSITE:0.8861 EMA:0.8823
[attn-swinunetr | fold 5 | epoch 018] train=0.2029 val_loss=0.1850 auc=0.8905 acc=0.9024
  [Metrics] AUC:0.890 F1:0.895 SENS:0.850 SPEC:0.952 | COMPOSITE:0.8867 EMA:0.8836
[attn-swinunetr | fold 5 | epoch 019] train=0.2046 val_loss=0.1838 auc=0.8929 acc=0.9024
  [Metrics] AUC:0.893 F1:0.895 SENS:0.850 SPEC:0.952 | COMPOSITE:0.8873 EMA:0.8847
[attn-swinunetr | fold 5 | epoch 020] train=0.2004 val_loss=0.1813 auc=0.8976 acc=0.9024
  [Metrics] AUC:0.898 F1:0.895 SENS:0.850 SPEC:0.952 | COMPOSITE:0.8884 EMA:0.8858
[attn-swinunetr | fold 5 | epoch 021] train=0.2033 val_loss=0.1799 auc=0.9048 acc=0.9024
  [Metrics] AUC:0.905 F1:0.895 SENS:0.850 SPEC:0.952 | COMPOSITE:0.8902 EMA:0.8871
[attn-swinunetr | fold 5 | epoch 022] train=0.1962 val_loss=0.1791 auc=0.9143 acc=0.8780
  [Metrics] AUC:0.914 F1:0.872 SENS:0.850 SPEC:0.905 | COMPOSITE:0.8797 EMA:0.8849
[attn-swinunetr | fold 5 | epoch 023] train=0.2007 val_loss=0.1767 auc=0.9143 acc=0.8780
  [Metrics] AUC:0.914 F1:0.872 SENS:0.850 SPEC:0.905 | COMPOSITE:0.8797 EMA:0.8834
[attn-swinunetr | fold 5 | epoch 024] train=0.2000 val_loss=0.1766 auc=0.9167 acc=0.9024
  [Metrics] AUC:0.917 F1:0.900 SENS:0.900 SPEC:0.905 | COMPOSITE:0.9049 EMA:0.8898
[attn-swinunetr | fold 5 | epoch 025] train=0.1984 val_loss=0.1821 auc=0.9167 acc=0.9024
  [Metrics] AUC:0.917 F1:0.895 SENS:0.850 SPEC:0.952 | COMPOSITE:0.8932 EMA:0.8908
[attn-swinunetr | fold 5 | epoch 026] train=0.2048 val_loss=0.1795 auc=0.9071 acc=0.8780
  [Metrics] AUC:0.907 F1:0.872 SENS:0.850 SPEC:0.905 | COMPOSITE:0.8779 EMA:0.8870
[attn-swinunetr | fold 5 | epoch 027] train=0.1923 val_loss=0.1767 auc=0.9214 acc=0.9024
  [Metrics] AUC:0.921 F1:0.900 SENS:0.900 SPEC:0.905 | COMPOSITE:0.9061 EMA:0.8927
[attn-swinunetr | fold 5 | epoch 028] train=0.1979 val_loss=0.1770 auc=0.9119 acc=0.8780
  [Metrics] AUC:0.912 F1:0.872 SENS:0.850 SPEC:0.905 | COMPOSITE:0.8791 EMA:0.8886
[attn-swinunetr | fold 5 | epoch 029] train=0.1980 val_loss=0.1770 auc=0.9095 acc=0.8780
  [Metrics] AUC:0.910 F1:0.872 SENS:0.850 SPEC:0.905 | COMPOSITE:0.8785 EMA:0.8856
[attn-swinunetr | fold 5 | epoch 030] train=0.1948 val_loss=0.1696 auc=0.9167 acc=0.8780
  [Metrics] AUC:0.917 F1:0.878 SENS:0.900 SPEC:0.857 | COMPOSITE:0.8923 EMA:0.8876
[attn-swinunetr | fold 5 | epoch 031] train=0.1953 val_loss=0.1703 auc=0.9167 acc=0.8780
  [Metrics] AUC:0.917 F1:0.878 SENS:0.900 SPEC:0.857 | COMPOSITE:0.8923 EMA:0.8890
[attn-swinunetr | fold 5 | epoch 032] train=0.1802 val_loss=0.1714 auc=0.8905 acc=0.8293
  [Metrics] AUC:0.890 F1:0.844 SENS:0.950 SPEC:0.714 | COMPOSITE:0.8734 EMA:0.8843
[attn-swinunetr | fold 5 | epoch 033] train=0.1948 val_loss=0.1711 auc=0.8833 acc=0.8049
  [Metrics] AUC:0.883 F1:0.800 SENS:0.700 SPEC:0.952 | COMPOSITE:0.8087 EMA:0.8616
[attn-swinunetr | fold 5 | epoch 034] train=0.2002 val_loss=0.1741 auc=0.8786 acc=0.8049
  [Metrics] AUC:0.879 F1:0.800 SENS:0.700 SPEC:0.952 | COMPOSITE:0.8075 EMA:0.8454
[attn-swinunetr | fold 5 | epoch 035] train=0.1951 val_loss=0.1674 auc=0.8929 acc=0.8049
  [Metrics] AUC:0.893 F1:0.833 SENS:0.750 SPEC:0.952 | COMPOSITE:0.8369 EMA:0.8428
[attn-swinunetr | fold 5 | epoch 036] train=0.1938 val_loss=0.1752 auc=0.8952 acc=0.8293
  [Metrics] AUC:0.895 F1:0.824 SENS:0.700 SPEC:1.000 | COMPOSITE:0.8247 EMA:0.8374
[attn-swinunetr | fold 5 | epoch 037] train=0.1975 val_loss=0.1761 auc=0.8786 acc=0.8049
  [Metrics] AUC:0.879 F1:0.800 SENS:0.700 SPEC:0.952 | COMPOSITE:0.8075 EMA:0.8284
[attn-swinunetr | fold 5 | epoch 038] train=0.1894 val_loss=0.1775 auc=0.8762 acc=0.8049
  [Metrics] AUC:0.876 F1:0.826 SENS:0.950 SPEC:0.667 | COMPOSITE:0.8581 EMA:0.8373
[attn-swinunetr | fold 5 | epoch 039] train=0.1918 val_loss=0.1788 auc=0.8786 acc=0.8293
  [Metrics] AUC:0.879 F1:0.844 SENS:0.950 SPEC:0.714 | COMPOSITE:0.8704 EMA:0.8472
[attn-swinunetr | fold 5 | epoch 040] train=0.1901 val_loss=0.1752 auc=0.8714 acc=0.8293
  [Metrics] AUC:0.871 F1:0.844 SENS:0.950 SPEC:0.714 | COMPOSITE:0.8686 EMA:0.8537
[attn-swinunetr | fold 5 | epoch 041] train=0.1866 val_loss=0.1754 auc=0.8690 acc=0.8293
  [Metrics] AUC:0.869 F1:0.837 SENS:0.900 SPEC:0.762 | COMPOSITE:0.8558 EMA:0.8543
[attn-swinunetr | fold 5 | epoch 042] train=0.1903 val_loss=0.1750 auc=0.8714 acc=0.8293
  [Metrics] AUC:0.871 F1:0.844 SENS:0.950 SPEC:0.714 | COMPOSITE:0.8686 EMA:0.8586
[attn-swinunetr | fold 5 | epoch 043] train=0.1812 val_loss=0.1825 auc=0.8786 acc=0.8293
  [Metrics] AUC:0.879 F1:0.844 SENS:0.950 SPEC:0.714 | COMPOSITE:0.8704 EMA:0.8621
[attn-swinunetr | fold 5 | epoch 044] train=0.1827 val_loss=0.1708 auc=0.8762 acc=0.8537
  [Metrics] AUC:0.876 F1:0.864 SENS:0.950 SPEC:0.762 | COMPOSITE:0.8817 EMA:0.8680
[attn-swinunetr | fold 5 | epoch 045] train=0.1800 val_loss=0.1716 auc=0.8714 acc=0.8293
  [Metrics] AUC:0.871 F1:0.837 SENS:0.900 SPEC:0.762 | COMPOSITE:0.8564 EMA:0.8645
[attn-swinunetr | fold 5 | epoch 046] train=0.1761 val_loss=0.1759 auc=0.8619 acc=0.8049
  [Metrics] AUC:0.862 F1:0.818 SENS:0.900 SPEC:0.714 | COMPOSITE:0.8422 EMA:0.8578
[attn-swinunetr | fold 5 | epoch 047] train=0.1743 val_loss=0.1706 auc=0.8690 acc=0.8293
  [Metrics] AUC:0.869 F1:0.837 SENS:0.900 SPEC:0.762 | COMPOSITE:0.8558 EMA:0.8572
[attn-swinunetr | fold 5 | epoch 048] train=0.1732 val_loss=0.1778 auc=0.8690 acc=0.8049
  [Metrics] AUC:0.869 F1:0.833 SENS:0.750 SPEC:0.952 | COMPOSITE:0.8310 EMA:0.8494
[attn-swinunetr | fold 5 | epoch 049] train=0.1754 val_loss=0.1831 auc=0.8548 acc=0.8049
  [Metrics] AUC:0.855 F1:0.811 SENS:0.750 SPEC:0.905 | COMPOSITE:0.8146 EMA:0.8389
[attn-swinunetr | fold 5 | epoch 050] train=0.1721 val_loss=0.1894 auc=0.8381 acc=0.8049
  [Metrics] AUC:0.838 F1:0.818 SENS:0.900 SPEC:0.714 | COMPOSITE:0.8362 EMA:0.8381
[attn-swinunetr | fold 5 | epoch 051] train=0.1795 val_loss=0.1902 auc=0.8286 acc=0.8049
  [Metrics] AUC:0.829 F1:0.818 SENS:0.900 SPEC:0.714 | COMPOSITE:0.8338 EMA:0.8368
[attn-swinunetr | fold 5 | epoch 052] train=0.1620 val_loss=0.1959 auc=0.8405 acc=0.7805
  [Metrics] AUC:0.840 F1:0.778 SENS:0.700 SPEC:0.905 | COMPOSITE:0.7853 EMA:0.8214
[attn-swinunetr | fold 5 | epoch 053] train=0.1781 val_loss=0.1915 auc=0.8524 acc=0.8049
  [Metrics] AUC:0.852 F1:0.811 SENS:0.750 SPEC:0.905 | COMPOSITE:0.8140 EMA:0.8192
[attn-swinunetr | fold 5 | epoch 054] train=0.1802 val_loss=0.1840 auc=0.8571 acc=0.8293
  [Metrics] AUC:0.857 F1:0.829 SENS:0.850 SPEC:0.810 | COMPOSITE:0.8405 EMA:0.8256
[attn-swinunetr | fold 5 | epoch 055] train=0.1600 val_loss=0.1864 auc=0.8595 acc=0.8293
  [Metrics] AUC:0.860 F1:0.833 SENS:0.750 SPEC:0.952 | COMPOSITE:0.8286 EMA:0.8265
[attn-swinunetr | fold 5 | epoch 056] train=0.1812 val_loss=0.1802 auc=0.8619 acc=0.8293
  [Metrics] AUC:0.862 F1:0.829 SENS:0.850 SPEC:0.810 | COMPOSITE:0.8417 EMA:0.8310
[attn-swinunetr | fold 5 | epoch 057] train=0.1864 val_loss=0.1881 auc=0.8667 acc=0.8293
  [Metrics] AUC:0.867 F1:0.837 SENS:0.900 SPEC:0.762 | COMPOSITE:0.8553 EMA:0.8383
[attn-swinunetr | fold 5 | epoch 058] train=0.1737 val_loss=0.1783 auc=0.8714 acc=0.8293
  [Metrics] AUC:0.871 F1:0.837 SENS:0.900 SPEC:0.762 | COMPOSITE:0.8564 EMA:0.8437
[attn-swinunetr | fold 5 | epoch 059] train=0.1723 val_loss=0.1884 auc=0.8667 acc=0.8293
  [Metrics] AUC:0.867 F1:0.829 SENS:0.850 SPEC:0.810 | COMPOSITE:0.8429 EMA:0.8435
[attn-swinunetr | fold 5 | epoch 060] train=0.1782 val_loss=0.1826 auc=0.8714 acc=0.8293
  [Metrics] AUC:0.871 F1:0.833 SENS:0.750 SPEC:0.952 | COMPOSITE:0.8315 EMA:0.8399
[attn-swinunetr | fold 5 | epoch 061] train=0.1786 val_loss=0.1784 auc=0.8619 acc=0.8293
  [Metrics] AUC:0.862 F1:0.821 SENS:0.800 SPEC:0.857 | COMPOSITE:0.8292 EMA:0.8367
[attn-swinunetr | fold 5 | epoch 062] train=0.1772 val_loss=0.1996 auc=0.8381 acc=0.7805
  [Metrics] AUC:0.838 F1:0.800 SENS:0.900 SPEC:0.667 | COMPOSITE:0.8245 EMA:0.8330
[attn-swinunetr | fold 5 | epoch 063] train=0.1762 val_loss=0.1860 auc=0.8571 acc=0.8049
  [Metrics] AUC:0.857 F1:0.800 SENS:0.700 SPEC:0.952 | COMPOSITE:0.8021 EMA:0.8238
[attn-swinunetr | fold 5 | epoch 064] train=0.1722 val_loss=0.1936 auc=0.8476 acc=0.7805
  [Metrics] AUC:0.848 F1:0.800 SENS:0.700 SPEC:0.952 | COMPOSITE:0.7998 EMA:0.8166
[attn-swinunetr | fold 5 | epoch 065] train=0.1629 val_loss=0.1958 auc=0.8262 acc=0.7561
  [Metrics] AUC:0.826 F1:0.765 SENS:0.650 SPEC:0.952 | COMPOSITE:0.7681 EMA:0.8020
[attn-swinunetr | fold 5 | epoch 066] train=0.1630 val_loss=0.1963 auc=0.8429 acc=0.7805
  [Metrics] AUC:0.843 F1:0.765 SENS:0.650 SPEC:0.952 | COMPOSITE:0.7722 EMA:0.7931
[attn-swinunetr | fold 5 | epoch 067] train=0.1592 val_loss=0.2025 auc=0.8381 acc=0.7805
  [Metrics] AUC:0.838 F1:0.800 SENS:0.700 SPEC:0.952 | COMPOSITE:0.7974 EMA:0.7944
[attn-swinunetr | fold 5 | epoch 068] train=0.1824 val_loss=0.2066 auc=0.8262 acc=0.7561
  [Metrics] AUC:0.826 F1:0.778 SENS:0.700 SPEC:0.905 | COMPOSITE:0.7817 EMA:0.7906
[attn-swinunetr | fold 5 | epoch 069] train=0.1638 val_loss=0.2155 auc=0.8024 acc=0.7317
  [Metrics] AUC:0.802 F1:0.727 SENS:0.600 SPEC:0.952 | COMPOSITE:0.7353 EMA:0.7740
[attn-swinunetr | fold 5 | epoch 070] train=0.1678 val_loss=0.2066 auc=0.8262 acc=0.7561
  [Metrics] AUC:0.826 F1:0.765 SENS:0.650 SPEC:0.952 | COMPOSITE:0.7681 EMA:0.7722
  Early stopping @ epoch 70 (best EMA composite=0.8927)
  SWA model finalize ediliyor...
  SWA val COMPOSITE: 0.7681 | Best EMA COMPOSITE: 0.8927

=================================================================
  AttentionSwinUNETR Fold 5  |  Threshold: Youden 0.599
=================================================================
  Metrik                Değer                   95% CI
  -------------------------------------------------------
  AUC-ROC               0.921          [0.807 - 0.995]
  AUC-PR                0.946                        -
  Sensitivity           0.900          [0.750 - 1.000]
  Specificity           0.905          [0.765 - 1.000]
  PPV                   0.900          [0.750 - 1.000]
  NPV                   0.905          [0.765 - 1.000]
  Accuracy              0.902          [0.805 - 0.976]
  F1-Score              0.900          [0.783 - 0.978]
  Composite             0.906                        -

  CM: TP=18 FP=2 FN=2 TN=19
  Toplam Hata: 4/41
=================================================================

AGGREGATE OOF (5-Fold Cross-Validation):

=================================================================
  Attention-SwinUNETR Aggregate OOF  |  Threshold: Youden 0.561
=================================================================
  Metrik                Değer                   95% CI
  -------------------------------------------------------
  AUC-ROC               0.765          [0.698 - 0.830]
  AUC-PR                0.714                        -
  Sensitivity           0.820          [0.740 - 0.890]
  Specificity           0.645          [0.548 - 0.736]
  PPV                   0.683          [0.599 - 0.765]
  NPV                   0.793          [0.708 - 0.876]
  Accuracy              0.729          [0.667 - 0.788]
  F1-Score              0.745          [0.676 - 0.805]
  Composite             0.761                        -

  CM: TP=82 FP=38 FN=18 TN=69
  Toplam Hata: 56/207
=================================================================

Attention-SwinUNETR — Kalibrasyon: Brier=0.2201 | ECE=0.1824

Attention-SwinUNETR — EXTERNAL TEST (ALL FOLDS + ENSEMBLE):
               fold  auc_roc  sensitivity  specificity  accuracy    f1   ppv   npv  tp  fp  fn  tn
             Fold 1    0.766        0.667        0.842     0.757 0.727 0.800 0.727  12   3   6  16
             Fold 2    0.766        0.611        0.895     0.757 0.710 0.846 0.708  11   2   7  17
             Fold 3    0.681        0.500        0.895     0.703 0.621 0.818 0.654   9   2   9  17
             Fold 4    0.673        0.500        0.842     0.676 0.600 0.750 0.640   9   3   9  16
             Fold 5    0.795        0.722        0.789     0.757 0.743 0.765 0.750  13   4   5  15
    Ensemble (@0.5)    0.751        0.833        0.316     0.568 0.652 0.536 0.667  15  13   3   6
 Ensemble (@Youden)    0.751        0.667        0.842     0.757 0.727 0.800 0.727  12   3   6  16
Ensemble (90+ Sens)    0.751        0.944        0.211     0.568 0.680 0.531 0.800  17  15   1   4

Attention-SwinUNETR — ENSEMBLE @Youden (0.622) — %95 Bootstrap CI:

=================================================================
  Attention-SwinUNETR  |  Threshold: Youden 0.622
=================================================================
  Metrik                Değer                   95% CI
  -------------------------------------------------------
  AUC-ROC               0.751          [0.573 - 0.908]
  AUC-PR                0.807                        -
  Sensitivity           0.667          [0.429 - 0.882]
  Specificity           0.842          [0.667 - 1.000]
  PPV                   0.800          [0.583 - 1.000]
  NPV                   0.727          [0.520 - 0.905]
  Accuracy              0.757          [0.595 - 0.892]
  F1-Score              0.727          [0.522 - 0.882]
  Composite             0.729                        -

  CM: TP=12 FP=3 FN=6 TN=16
  Toplam Hata: 9/37
=================================================================

Attention-SwinUNETR — ENSEMBLE @90%+ Sensitivity (0.477) — %95 Bootstrap CI:

=================================================================
  Attention-SwinUNETR  |  Threshold: 90+Sens 0.477
=================================================================
  Metrik                Değer                   95% CI
  -------------------------------------------------------
  AUC-ROC               0.751          [0.573 - 0.908]
  AUC-PR                0.807                        -
  Sensitivity           0.944          [0.818 - 1.000]
  Specificity           0.211          [0.048 - 0.400]
  PPV                   0.531          [0.364 - 0.700]
  NPV                   0.800          [0.333 - 1.000]
  Accuracy              0.568          [0.405 - 0.730]
  F1-Score              0.680          [0.513 - 0.814]
  Composite             0.720                        -

  CM: TP=17 FP=15 FN=1 TN=4
  Toplam Hata: 16/37
=================================================================
2. MAE-Tiny 5-Fold basliyor...
shared_utils.py yüklendi. [Q1 | Sensitivity-First | TTA | ClinicalFocalLoss]
MAE pretraining manifest: 241 benzersiz hasta
MAE Pretraining başlıyor...
[MAE | epoch 010] loss=0.6296
[MAE | epoch 020] loss=0.4371
[MAE | epoch 030] loss=0.3622
[MAE | epoch 040] loss=0.3245
[MAE | epoch 050] loss=0.3026
[MAE | epoch 060] loss=0.2915
[MAE | epoch 070] loss=0.2932
[MAE | epoch 080] loss=0.2823
MAE pretrained encoder kaydedildi: /home/zera/Downloads/Appendiks varyasyon3 DS-20260713T105239Z-2-001/Appendiks varyasyon3 DS/segformer/experiments_q1_final/mae_tinytransformer/mae_pretrained_encoder.pt
================================================================================
MAE-TinyTransformer3D — External Test: 37 hasta
================================================================================

======================================================================
FOLD 1/5
======================================================================
  Fold 1: MAE pretrained encoder yüklendi.
[mae-tiny | fold 1 | epoch 001] train=0.2339 val_loss=0.2336 auc=0.4452 thr=0.474
  [Metrics] AUC:0.445 F1:0.607 SENS:0.850 SPEC:0.095 | COMPOSITE:0.5749 EMA:-1.4251
[mae-tiny | fold 1 | epoch 002] train=0.2286 val_loss=0.2272 auc=0.4357 thr=0.506
  [Metrics] AUC:0.436 F1:0.656 SENS:1.000 SPEC:0.000 | COMPOSITE:0.6229 EMA:-1.4107
[mae-tiny | fold 1 | epoch 003] train=0.2133 val_loss=0.2352 auc=0.4810 thr=0.448
  [Metrics] AUC:0.481 F1:0.582 SENS:0.800 SPEC:0.095 | COMPOSITE:0.5600 EMA:-1.4195
    ☆ SAVED FALLBACK (SENS=0.800 SPEC=0.095 | comp=0.5600)
[mae-tiny | fold 1 | epoch 004] train=0.2162 val_loss=0.2300 auc=0.5262 thr=0.448
  [Metrics] AUC:0.526 F1:0.690 SENS:1.000 SPEC:0.143 | COMPOSITE:0.6754 EMA:-1.3910
    ☆ SAVED FALLBACK (SENS=1.000 SPEC=0.143 | comp=0.6754)
[mae-tiny | fold 1 | epoch 005] train=0.2134 val_loss=0.2159 auc=0.6548 thr=0.573
  [Metrics] AUC:0.655 F1:0.694 SENS:0.850 SPEC:0.429 | COMPOSITE:0.6989 EMA:-1.3640
    ☆ SAVED FALLBACK (SENS=0.850 SPEC=0.429 | comp=0.6989)
[mae-tiny | fold 1 | epoch 006] train=0.2066 val_loss=0.2463 auc=0.5857 thr=0.424
  [Metrics] AUC:0.586 F1:0.653 SENS:0.800 SPEC:0.381 | COMPOSITE:0.6468 EMA:-1.3608
    ☆ SAVED FALLBACK (SENS=0.800 SPEC=0.381 | comp=0.6468)
[mae-tiny | fold 1 | epoch 007] train=0.2092 val_loss=0.2169 auc=0.5167 thr=0.500
  [Metrics] AUC:0.517 F1:0.667 SENS:0.900 SPEC:0.238 | COMPOSITE:0.6465 EMA:-1.3586
    ☆ SAVED FALLBACK (SENS=0.900 SPEC=0.238 | comp=0.6465)
[mae-tiny | fold 1 | epoch 008] train=0.2021 val_loss=0.2381 auc=0.5167 thr=0.435
  [Metrics] AUC:0.517 F1:0.655 SENS:0.900 SPEC:0.190 | COMPOSITE:0.6364 EMA:-1.3601
[mae-tiny | fold 1 | epoch 009] train=0.2333 val_loss=0.2374 auc=0.5500 thr=0.445
  [Metrics] AUC:0.550 F1:0.653 SENS:0.800 SPEC:0.381 | COMPOSITE:0.6379 EMA:-1.3607
[mae-tiny | fold 1 | epoch 010] train=0.2032 val_loss=0.2150 auc=0.5571 thr=0.531
  [Metrics] AUC:0.557 F1:0.642 SENS:0.850 SPEC:0.238 | COMPOSITE:0.6329 EMA:-1.3626
[mae-tiny | fold 1 | epoch 011] train=0.2042 val_loss=0.2319 auc=0.5024 thr=0.455
  [Metrics] AUC:0.502 F1:0.604 SENS:0.800 SPEC:0.190 | COMPOSITE:0.5851 EMA:-1.3783
[mae-tiny | fold 1 | epoch 012] train=0.2124 val_loss=0.2211 auc=0.5286 thr=0.490
  [Metrics] AUC:0.529 F1:0.615 SENS:0.800 SPEC:0.238 | COMPOSITE:0.6017 EMA:-1.3843
[mae-tiny | fold 1 | epoch 013] train=0.2022 val_loss=0.2118 auc=0.6238 thr=0.517
  [Metrics] AUC:0.624 F1:0.681 SENS:0.800 SPEC:0.476 | COMPOSITE:0.6776 EMA:-1.3657
[mae-tiny | fold 1 | epoch 014] train=0.2003 val_loss=0.2464 auc=0.5952 thr=0.413
  [Metrics] AUC:0.595 F1:0.667 SENS:0.850 SPEC:0.333 | COMPOSITE:0.6630 EMA:-1.3571
    ☆ SAVED FALLBACK (SENS=0.850 SPEC=0.333 | comp=0.6630)
[mae-tiny | fold 1 | epoch 015] train=0.2046 val_loss=0.2290 auc=0.5786 thr=0.446
  [Metrics] AUC:0.579 F1:0.654 SENS:0.850 SPEC:0.286 | COMPOSITE:0.6485 EMA:-1.3554
    ☆ SAVED FALLBACK (SENS=0.850 SPEC=0.286 | comp=0.6485)
[mae-tiny | fold 1 | epoch 016] train=0.1994 val_loss=0.2209 auc=0.6333 thr=0.467
  [Metrics] AUC:0.633 F1:0.681 SENS:0.800 SPEC:0.476 | COMPOSITE:0.6800 EMA:-1.3448
    ☆ SAVED FALLBACK (SENS=0.800 SPEC=0.476 | comp=0.6800)
[mae-tiny | fold 1 | epoch 017] train=0.2090 val_loss=0.2108 auc=0.7048 thr=0.481
  [Metrics] AUC:0.705 F1:0.681 SENS:0.800 SPEC:0.476 | COMPOSITE:0.6978 EMA:-1.3320
    ☆ SAVED FALLBACK (SENS=0.800 SPEC=0.476 | comp=0.6978)
[mae-tiny | fold 1 | epoch 018] train=0.2114 val_loss=0.2079 auc=0.6857 thr=0.497
  [Metrics] AUC:0.686 F1:0.727 SENS:0.800 SPEC:0.619 | COMPOSITE:0.7261 EMA:-0.7146
    ★ SAVED DUAL-PASS (SENS=0.800≥0.8 SPEC=0.619≥0.5 | comp=0.7261)
[mae-tiny | fold 1 | epoch 019] train=0.2129 val_loss=0.2061 auc=0.7167 thr=0.499
  [Metrics] AUC:0.717 F1:0.694 SENS:0.850 SPEC:0.429 | COMPOSITE:0.7144 EMA:-0.8859
[mae-tiny | fold 1 | epoch 020] train=0.2024 val_loss=0.2153 auc=0.5976 thr=0.520
  [Metrics] AUC:0.598 F1:0.667 SENS:0.800 SPEC:0.429 | COMPOSITE:0.6604 EMA:-1.0220
[mae-tiny | fold 1 | epoch 021] train=0.2150 val_loss=0.2492 auc=0.5738 thr=0.416
  [Metrics] AUC:0.574 F1:0.653 SENS:0.800 SPEC:0.381 | COMPOSITE:0.6439 EMA:-1.1222
[mae-tiny | fold 1 | epoch 022] train=0.1953 val_loss=0.2268 auc=0.6286 thr=0.451
  [Metrics] AUC:0.629 F1:0.708 SENS:0.850 SPEC:0.476 | COMPOSITE:0.7032 EMA:-1.1746
[mae-tiny | fold 1 | epoch 023] train=0.1931 val_loss=0.2165 auc=0.6690 thr=0.442
  [Metrics] AUC:0.669 F1:0.667 SENS:0.850 SPEC:0.333 | COMPOSITE:0.6814 EMA:-1.2178
[mae-tiny | fold 1 | epoch 024] train=0.2289 val_loss=0.2407 auc=0.6286 thr=0.398
  [Metrics] AUC:0.629 F1:0.654 SENS:0.850 SPEC:0.286 | COMPOSITE:0.6610 EMA:-1.2542
[mae-tiny | fold 1 | epoch 025] train=0.2034 val_loss=0.2343 auc=0.6905 thr=0.439
  [Metrics] AUC:0.690 F1:0.750 SENS:0.900 SPEC:0.524 | COMPOSITE:0.7537 EMA:-0.6518
    ★ SAVED DUAL-PASS (SENS=0.900≥0.8 SPEC=0.524≥0.5 | comp=0.7537)
[mae-tiny | fold 1 | epoch 026] train=0.1997 val_loss=0.2107 auc=0.6762 thr=0.535
  [Metrics] AUC:0.676 F1:0.696 SENS:0.800 SPEC:0.524 | COMPOSITE:0.7015 EMA:-0.2458
    ★ SAVED DUAL-PASS (SENS=0.800≥0.8 SPEC=0.524≥0.5 | comp=0.7015)
[mae-tiny | fold 1 | epoch 027] train=0.1827 val_loss=0.2371 auc=0.7333 thr=0.413
  [Metrics] AUC:0.733 F1:0.739 SENS:0.850 SPEC:0.571 | COMPOSITE:0.7513 EMA:0.0533
    ★ SAVED DUAL-PASS (SENS=0.850≥0.8 SPEC=0.571≥0.5 | comp=0.7513)
[mae-tiny | fold 1 | epoch 028] train=0.1716 val_loss=0.2734 auc=0.7619 thr=0.323
  [Metrics] AUC:0.762 F1:0.766 SENS:0.900 SPEC:0.571 | COMPOSITE:0.7827 EMA:0.2721
    ★ SAVED DUAL-PASS (SENS=0.900≥0.8 SPEC=0.571≥0.5 | comp=0.7827)
[mae-tiny | fold 1 | epoch 029] train=0.1886 val_loss=0.2445 auc=0.7190 thr=0.378
  [Metrics] AUC:0.719 F1:0.766 SENS:0.900 SPEC:0.571 | COMPOSITE:0.7720 EMA:0.4221
    ★ SAVED DUAL-PASS (SENS=0.900≥0.8 SPEC=0.571≥0.5 | comp=0.7720)
[mae-tiny | fold 1 | epoch 030] train=0.1933 val_loss=0.2153 auc=0.7214 thr=0.542
  [Metrics] AUC:0.721 F1:0.723 SENS:0.850 SPEC:0.524 | COMPOSITE:0.7373 EMA:0.5166
    ★ SAVED DUAL-PASS (SENS=0.850≥0.8 SPEC=0.524≥0.5 | comp=0.7373)
[mae-tiny | fold 1 | epoch 031] train=0.1804 val_loss=0.2036 auc=0.7167 thr=0.522
  [Metrics] AUC:0.717 F1:0.727 SENS:0.800 SPEC:0.619 | COMPOSITE:0.7338 EMA:0.5818
    ★ SAVED DUAL-PASS (SENS=0.800≥0.8 SPEC=0.619≥0.5 | comp=0.7338)
[mae-tiny | fold 1 | epoch 032] train=0.1837 val_loss=0.2346 auc=0.7048 thr=0.399
  [Metrics] AUC:0.705 F1:0.723 SENS:0.850 SPEC:0.524 | COMPOSITE:0.7331 EMA:0.6272
    ★ SAVED DUAL-PASS (SENS=0.850≥0.8 SPEC=0.524≥0.5 | comp=0.7331)
[mae-tiny | fold 1 | epoch 033] train=0.1573 val_loss=0.2707 auc=0.7238 thr=0.352
  [Metrics] AUC:0.724 F1:0.696 SENS:0.800 SPEC:0.524 | COMPOSITE:0.7134 EMA:0.6531
    ★ SAVED DUAL-PASS (SENS=0.800≥0.8 SPEC=0.524≥0.5 | comp=0.7134)
[mae-tiny | fold 1 | epoch 034] train=0.1859 val_loss=0.2663 auc=0.7238 thr=0.392
  [Metrics] AUC:0.724 F1:0.696 SENS:0.800 SPEC:0.524 | COMPOSITE:0.7134 EMA:0.6712
    ★ SAVED DUAL-PASS (SENS=0.800≥0.8 SPEC=0.524≥0.5 | comp=0.7134)
[mae-tiny | fold 1 | epoch 035] train=0.1775 val_loss=0.2961 auc=0.6452 thr=0.406
  [Metrics] AUC:0.645 F1:0.696 SENS:0.800 SPEC:0.524 | COMPOSITE:0.6938 EMA:0.6780
    ★ SAVED DUAL-PASS (SENS=0.800≥0.8 SPEC=0.524≥0.5 | comp=0.6938)
[mae-tiny | fold 1 | epoch 036] train=0.1774 val_loss=0.2542 auc=0.7333 thr=0.356
  [Metrics] AUC:0.733 F1:0.745 SENS:0.950 SPEC:0.429 | COMPOSITE:0.7664 EMA:0.1045
[mae-tiny | fold 1 | epoch 037] train=0.1625 val_loss=0.3670 auc=0.7381 thr=0.309
  [Metrics] AUC:0.738 F1:0.727 SENS:0.800 SPEC:0.619 | COMPOSITE:0.7392 EMA:0.2949
[mae-tiny | fold 1 | epoch 038] train=0.1996 val_loss=0.5882 auc=0.7548 thr=0.150
  [Metrics] AUC:0.755 F1:0.698 SENS:0.750 SPEC:0.619 | COMPOSITE:0.7185 EMA:-0.1780
[mae-tiny | fold 1 | epoch 039] train=0.1629 val_loss=0.3011 auc=0.7071 thr=0.311
  [Metrics] AUC:0.707 F1:0.723 SENS:0.850 SPEC:0.524 | COMPOSITE:0.7337 EMA:0.0955
[mae-tiny | fold 1 | epoch 040] train=0.1510 val_loss=0.2426 auc=0.7452 thr=0.345
  [Metrics] AUC:0.745 F1:0.667 SENS:0.800 SPEC:0.429 | COMPOSITE:0.6973 EMA:-0.3240
[mae-tiny | fold 1 | epoch 041] train=0.1727 val_loss=0.2278 auc=0.7119 thr=0.430
  [Metrics] AUC:0.712 F1:0.640 SENS:0.800 SPEC:0.333 | COMPOSITE:0.6680 EMA:-0.6264
[mae-tiny | fold 1 | epoch 042] train=0.1613 val_loss=0.2592 auc=0.6929 thr=0.331
  [Metrics] AUC:0.693 F1:0.640 SENS:0.800 SPEC:0.333 | COMPOSITE:0.6632 EMA:-0.8395
[mae-tiny | fold 1 | epoch 043] train=0.1685 val_loss=0.2687 auc=0.6738 thr=0.342
  [Metrics] AUC:0.674 F1:0.667 SENS:0.800 SPEC:0.429 | COMPOSITE:0.6794 EMA:-0.9838
[mae-tiny | fold 1 | epoch 044] train=0.1559 val_loss=0.2994 auc=0.6571 thr=0.298
  [Metrics] AUC:0.657 F1:0.679 SENS:0.900 SPEC:0.286 | COMPOSITE:0.6920 EMA:-1.0811
[mae-tiny | fold 1 | epoch 045] train=0.1443 val_loss=0.4305 auc=0.7024 thr=0.180
  [Metrics] AUC:0.702 F1:0.720 SENS:0.900 SPEC:0.429 | COMPOSITE:0.7349 EMA:-1.1363
[mae-tiny | fold 1 | epoch 046] train=0.1730 val_loss=0.2535 auc=0.7476 thr=0.603
  [Metrics] AUC:0.748 F1:0.720 SENS:0.900 SPEC:0.429 | COMPOSITE:0.7462 EMA:-1.1716
[mae-tiny | fold 1 | epoch 047] train=0.2467 val_loss=0.3636 auc=0.6976 thr=0.227
  [Metrics] AUC:0.698 F1:0.706 SENS:0.900 SPEC:0.381 | COMPOSITE:0.7230 EMA:-1.2032
[mae-tiny | fold 1 | epoch 048] train=0.1527 val_loss=0.2843 auc=0.7119 thr=0.359
  [Metrics] AUC:0.712 F1:0.681 SENS:0.800 SPEC:0.476 | COMPOSITE:0.6996 EMA:-1.2323
[mae-tiny | fold 1 | epoch 049] train=0.1403 val_loss=0.2243 auc=0.7381 thr=0.419
  [Metrics] AUC:0.738 F1:0.680 SENS:0.850 SPEC:0.381 | COMPOSITE:0.7092 EMA:-1.2499
[mae-tiny | fold 1 | epoch 050] train=0.1597 val_loss=0.2700 auc=0.7024 thr=0.293
  [Metrics] AUC:0.702 F1:0.667 SENS:0.850 SPEC:0.333 | COMPOSITE:0.6898 EMA:-1.2680
[mae-tiny | fold 1 | epoch 051] train=0.1469 val_loss=0.3129 auc=0.6857 thr=0.271
  [Metrics] AUC:0.686 F1:0.627 SENS:0.800 SPEC:0.286 | COMPOSITE:0.6511 EMA:-1.2923
[mae-tiny | fold 1 | epoch 052] train=0.1652 val_loss=0.3260 auc=0.6952 thr=0.226
  [Metrics] AUC:0.695 F1:0.667 SENS:0.850 SPEC:0.333 | COMPOSITE:0.6880 EMA:-1.2982
[mae-tiny | fold 1 | epoch 053] train=0.1576 val_loss=0.2132 auc=0.7381 thr=0.387
  [Metrics] AUC:0.738 F1:0.708 SENS:0.850 SPEC:0.476 | COMPOSITE:0.7305 EMA:-1.2896
[mae-tiny | fold 1 | epoch 054] train=0.1478 val_loss=0.2676 auc=0.7000 thr=0.327
  [Metrics] AUC:0.700 F1:0.694 SENS:0.850 SPEC:0.429 | COMPOSITE:0.7103 EMA:-1.2896
[mae-tiny | fold 1 | epoch 055] train=0.1350 val_loss=0.3705 auc=0.7095 thr=0.208
  [Metrics] AUC:0.710 F1:0.692 SENS:0.900 SPEC:0.333 | COMPOSITE:0.7155 EMA:-1.2881
[mae-tiny | fold 1 | epoch 056] train=0.1795 val_loss=0.4517 auc=0.7333 thr=0.162
  [Metrics] AUC:0.733 F1:0.667 SENS:0.800 SPEC:0.429 | COMPOSITE:0.6943 EMA:-1.2934
[mae-tiny | fold 1 | epoch 057] train=0.1368 val_loss=0.4882 auc=0.6905 thr=0.177
  [Metrics] AUC:0.690 F1:0.667 SENS:0.800 SPEC:0.429 | COMPOSITE:0.6836 EMA:-1.3003
[mae-tiny | fold 1 | epoch 058] train=0.1388 val_loss=0.3274 auc=0.7119 thr=0.284
  [Metrics] AUC:0.712 F1:0.653 SENS:0.800 SPEC:0.381 | COMPOSITE:0.6784 EMA:-1.3067
[mae-tiny | fold 1 | epoch 059] train=0.1360 val_loss=0.5673 auc=0.6833 thr=0.150
  [Metrics] AUC:0.683 F1:0.625 SENS:0.750 SPEC:0.381 | COMPOSITE:0.6467 EMA:-1.3207
[mae-tiny | fold 1 | epoch 060] train=0.1269 val_loss=0.5149 auc=0.6810 thr=0.163
  [Metrics] AUC:0.681 F1:0.640 SENS:0.800 SPEC:0.333 | COMPOSITE:0.6602 EMA:-1.3264
[mae-tiny | fold 1 | epoch 061] train=0.1451 val_loss=0.3049 auc=0.7119 thr=0.370
  [Metrics] AUC:0.712 F1:0.727 SENS:0.800 SPEC:0.619 | COMPOSITE:0.7327 EMA:-0.7087
[mae-tiny | fold 1 | epoch 062] train=0.1486 val_loss=0.3711 auc=0.6690 thr=0.249
  [Metrics] AUC:0.669 F1:0.653 SENS:0.800 SPEC:0.381 | COMPOSITE:0.6677 EMA:-0.8958
[mae-tiny | fold 1 | epoch 063] train=0.1368 val_loss=0.3849 auc=0.6500 thr=0.244
  [Metrics] AUC:0.650 F1:0.653 SENS:0.800 SPEC:0.381 | COMPOSITE:0.6629 EMA:-1.0282
[mae-tiny | fold 1 | epoch 064] train=0.1167 val_loss=0.3916 auc=0.6810 thr=0.201
  [Metrics] AUC:0.681 F1:0.717 SENS:0.950 SPEC:0.333 | COMPOSITE:0.7320 EMA:-1.1001
[mae-tiny | fold 1 | epoch 065] train=0.1120 val_loss=0.3616 auc=0.6952 thr=0.243
  [Metrics] AUC:0.695 F1:0.667 SENS:0.850 SPEC:0.333 | COMPOSITE:0.6880 EMA:-1.1637
[mae-tiny | fold 1 | epoch 066] train=0.1325 val_loss=0.5561 auc=0.6619 thr=0.150
  [Metrics] AUC:0.662 F1:0.583 SENS:0.700 SPEC:0.333 | COMPOSITE:0.6063 EMA:-1.2327
[mae-tiny | fold 1 | epoch 067] train=0.1306 val_loss=0.5704 auc=0.6667 thr=0.150
  [Metrics] AUC:0.667 F1:0.553 SENS:0.650 SPEC:0.333 | COMPOSITE:0.5825 EMA:-1.2881
[mae-tiny | fold 1 | epoch 068] train=0.1491 val_loss=0.5811 auc=0.6690 thr=0.150
  [Metrics] AUC:0.669 F1:0.553 SENS:0.650 SPEC:0.333 | COMPOSITE:0.5831 EMA:-1.3268
[mae-tiny | fold 1 | epoch 069] train=0.1156 val_loss=0.4334 auc=0.6810 thr=0.162
  [Metrics] AUC:0.681 F1:0.704 SENS:0.950 SPEC:0.286 | COMPOSITE:0.7215 EMA:-1.3123
[mae-tiny | fold 1 | epoch 070] train=0.1052 val_loss=0.4530 auc=0.6714 thr=0.150
  [Metrics] AUC:0.671 F1:0.679 SENS:0.900 SPEC:0.286 | COMPOSITE:0.6955 EMA:-1.3099
  Early stopping @ epoch 70 (best EMA score=0.6780)
  SWA model finalize ediliyor...
  SWA val COMPOSITE: 0.6692 | Best EMA COMPOSITE: 0.6780
  SWA model kaydedildi.

=================================================================
  MAE-Tiny Fold 1  |  Threshold: Youden 0.376
=================================================================
  Metrik                Değer                   95% CI
  -------------------------------------------------------
  AUC-ROC               0.671          [0.489 - 0.831]
  AUC-PR                0.703                        -
  Sensitivity           0.650          [0.429 - 0.857]
  Specificity           0.714          [0.524 - 0.900]
  PPV                   0.684          [0.467 - 0.889]
  NPV                   0.682          [0.476 - 0.875]
  Accuracy              0.683          [0.537 - 0.829]
  F1-Score              0.667          [0.462 - 0.821]
  Composite             0.669                        -

  CM: TP=13 FP=6 FN=7 TN=15
  Toplam Hata: 13/41
=================================================================

======================================================================
FOLD 2/5
======================================================================
  Fold 2: MAE pretrained encoder yüklendi.
[mae-tiny | fold 2 | epoch 001] train=0.2224 val_loss=0.2196 auc=0.5022 thr=0.564
  [Metrics] AUC:0.502 F1:0.552 SENS:0.800 SPEC:0.043 | COMPOSITE:0.5500 EMA:-1.4500
[mae-tiny | fold 2 | epoch 002] train=0.2164 val_loss=0.2120 auc=0.6109 thr=0.486
  [Metrics] AUC:0.611 F1:0.640 SENS:0.800 SPEC:0.391 | COMPOSITE:0.6514 EMA:-1.4196
[mae-tiny | fold 2 | epoch 003] train=0.2111 val_loss=0.2112 auc=0.6283 thr=0.457
  [Metrics] AUC:0.628 F1:0.692 SENS:0.900 SPEC:0.391 | COMPOSITE:0.7038 EMA:-1.3826
    ☆ SAVED FALLBACK (SENS=0.900 SPEC=0.391 | comp=0.7038)
[mae-tiny | fold 2 | epoch 004] train=0.2192 val_loss=0.2098 auc=0.6413 thr=0.490
  [Metrics] AUC:0.641 F1:0.680 SENS:0.850 SPEC:0.435 | COMPOSITE:0.6930 EMA:-1.3599
    ☆ SAVED FALLBACK (SENS=0.850 SPEC=0.435 | comp=0.6930)
[mae-tiny | fold 2 | epoch 005] train=0.2120 val_loss=0.2071 auc=0.6413 thr=0.488
  [Metrics] AUC:0.641 F1:0.667 SENS:0.850 SPEC:0.391 | COMPOSITE:0.6832 EMA:-1.3470
    ☆ SAVED FALLBACK (SENS=0.850 SPEC=0.391 | comp=0.6832)
[mae-tiny | fold 2 | epoch 006] train=0.2108 val_loss=0.2113 auc=0.6783 thr=0.538
  [Metrics] AUC:0.678 F1:0.735 SENS:0.900 SPEC:0.522 | COMPOSITE:0.7465 EMA:-0.7189
    ★ SAVED DUAL-PASS (SENS=0.900≥0.8 SPEC=0.522≥0.5 | comp=0.7465)
[mae-tiny | fold 2 | epoch 007] train=0.2047 val_loss=0.2032 auc=0.6804 thr=0.508
  [Metrics] AUC:0.680 F1:0.708 SENS:0.850 SPEC:0.522 | COMPOSITE:0.7230 EMA:-0.2864
    ★ SAVED DUAL-PASS (SENS=0.850≥0.8 SPEC=0.522≥0.5 | comp=0.7230)
[mae-tiny | fold 2 | epoch 008] train=0.2145 val_loss=0.1997 auc=0.6848 thr=0.510
  [Metrics] AUC:0.685 F1:0.735 SENS:0.900 SPEC:0.522 | COMPOSITE:0.7481 EMA:0.0240
    ★ SAVED DUAL-PASS (SENS=0.900≥0.8 SPEC=0.522≥0.5 | comp=0.7481)
[mae-tiny | fold 2 | epoch 009] train=0.2101 val_loss=0.2027 auc=0.6826 thr=0.524
  [Metrics] AUC:0.683 F1:0.696 SENS:0.800 SPEC:0.565 | COMPOSITE:0.7093 EMA:0.2296
    ★ SAVED DUAL-PASS (SENS=0.800≥0.8 SPEC=0.565≥0.5 | comp=0.7093)
[mae-tiny | fold 2 | epoch 010] train=0.2099 val_loss=0.1972 auc=0.7130 thr=0.478
  [Metrics] AUC:0.713 F1:0.727 SENS:0.800 SPEC:0.652 | COMPOSITE:0.7379 EMA:0.3821
    ★ SAVED DUAL-PASS (SENS=0.800≥0.8 SPEC=0.652≥0.5 | comp=0.7379)
[mae-tiny | fold 2 | epoch 011] train=0.1959 val_loss=0.2373 auc=0.6891 thr=0.602
  [Metrics] AUC:0.689 F1:0.696 SENS:0.800 SPEC:0.565 | COMPOSITE:0.7110 EMA:0.4808
    ★ SAVED DUAL-PASS (SENS=0.800≥0.8 SPEC=0.565≥0.5 | comp=0.7110)
[mae-tiny | fold 2 | epoch 012] train=0.2323 val_loss=0.2043 auc=0.7065 thr=0.466
  [Metrics] AUC:0.707 F1:0.720 SENS:0.900 SPEC:0.478 | COMPOSITE:0.7434 EMA:-0.0405
[mae-tiny | fold 2 | epoch 013] train=0.2018 val_loss=0.2126 auc=0.6913 thr=0.550
  [Metrics] AUC:0.691 F1:0.681 SENS:0.800 SPEC:0.522 | COMPOSITE:0.7013 EMA:0.1821
[mae-tiny | fold 2 | epoch 014] train=0.2127 val_loss=0.2138 auc=0.6478 thr=0.529
  [Metrics] AUC:0.648 F1:0.681 SENS:0.800 SPEC:0.522 | COMPOSITE:0.6904 EMA:0.3346
[mae-tiny | fold 2 | epoch 015] train=0.2073 val_loss=0.1973 auc=0.6739 thr=0.521
  [Metrics] AUC:0.674 F1:0.667 SENS:0.850 SPEC:0.391 | COMPOSITE:0.6913 EMA:-0.1584
[mae-tiny | fold 2 | epoch 016] train=0.1952 val_loss=0.2114 auc=0.6826 thr=0.478
  [Metrics] AUC:0.683 F1:0.696 SENS:0.800 SPEC:0.565 | COMPOSITE:0.7093 EMA:0.1019
[mae-tiny | fold 2 | epoch 017] train=0.1913 val_loss=0.2624 auc=0.6978 thr=0.662
  [Metrics] AUC:0.698 F1:0.708 SENS:0.850 SPEC:0.522 | COMPOSITE:0.7273 EMA:0.2895
[mae-tiny | fold 2 | epoch 018] train=0.2174 val_loss=0.2325 auc=0.6543 thr=0.564
  [Metrics] AUC:0.654 F1:0.692 SENS:0.900 SPEC:0.391 | COMPOSITE:0.7104 EMA:-0.1842
[mae-tiny | fold 2 | epoch 019] train=0.2080 val_loss=0.1999 auc=0.6848 thr=0.481
  [Metrics] AUC:0.685 F1:0.720 SENS:0.900 SPEC:0.478 | COMPOSITE:0.7379 EMA:-0.5076
[mae-tiny | fold 2 | epoch 020] train=0.2064 val_loss=0.1976 auc=0.6848 thr=0.493
  [Metrics] AUC:0.685 F1:0.681 SENS:0.800 SPEC:0.522 | COMPOSITE:0.6997 EMA:-0.1454
[mae-tiny | fold 2 | epoch 021] train=0.2023 val_loss=0.2057 auc=0.6870 thr=0.490
  [Metrics] AUC:0.687 F1:0.667 SENS:0.800 SPEC:0.478 | COMPOSITE:0.6901 EMA:-0.4947
[mae-tiny | fold 2 | epoch 022] train=0.2035 val_loss=0.2028 auc=0.7130 thr=0.540
  [Metrics] AUC:0.713 F1:0.694 SENS:0.850 SPEC:0.478 | COMPOSITE:0.7210 EMA:-0.7300
[mae-tiny | fold 2 | epoch 023] train=0.1969 val_loss=0.2029 auc=0.7196 thr=0.545
  [Metrics] AUC:0.720 F1:0.706 SENS:0.900 SPEC:0.435 | COMPOSITE:0.7366 EMA:-0.8900
[mae-tiny | fold 2 | epoch 024] train=0.2028 val_loss=0.1942 auc=0.7130 thr=0.479
  [Metrics] AUC:0.713 F1:0.681 SENS:0.800 SPEC:0.522 | COMPOSITE:0.7067 EMA:-0.4110
[mae-tiny | fold 2 | epoch 025] train=0.1961 val_loss=0.2100 auc=0.7152 thr=0.566
  [Metrics] AUC:0.715 F1:0.667 SENS:0.800 SPEC:0.478 | COMPOSITE:0.6972 EMA:-0.6785
[mae-tiny | fold 2 | epoch 026] train=0.1955 val_loss=0.1946 auc=0.7152 thr=0.544
  [Metrics] AUC:0.715 F1:0.667 SENS:0.800 SPEC:0.478 | COMPOSITE:0.6972 EMA:-0.8658
[mae-tiny | fold 2 | epoch 027] train=0.1853 val_loss=0.2018 auc=0.7326 thr=0.563
  [Metrics] AUC:0.733 F1:0.723 SENS:0.850 SPEC:0.565 | COMPOSITE:0.7463 EMA:-0.3822
[mae-tiny | fold 2 | epoch 028] train=0.2112 val_loss=0.1905 auc=0.7130 thr=0.494
  [Metrics] AUC:0.713 F1:0.723 SENS:0.850 SPEC:0.565 | COMPOSITE:0.7414 EMA:-0.0451
[mae-tiny | fold 2 | epoch 029] train=0.1910 val_loss=0.2109 auc=0.7283 thr=0.578
  [Metrics] AUC:0.728 F1:0.681 SENS:0.800 SPEC:0.522 | COMPOSITE:0.7105 EMA:0.1816
[mae-tiny | fold 2 | epoch 030] train=0.1849 val_loss=0.2147 auc=0.7326 thr=0.586
  [Metrics] AUC:0.733 F1:0.735 SENS:0.900 SPEC:0.522 | COMPOSITE:0.7601 EMA:0.3551
[mae-tiny | fold 2 | epoch 031] train=0.1763 val_loss=0.1939 auc=0.7435 thr=0.562
  [Metrics] AUC:0.743 F1:0.727 SENS:0.800 SPEC:0.652 | COMPOSITE:0.7455 EMA:0.4722
[mae-tiny | fold 2 | epoch 032] train=0.1742 val_loss=0.2554 auc=0.6739 thr=0.569
  [Metrics] AUC:0.674 F1:0.640 SENS:0.800 SPEC:0.391 | COMPOSITE:0.6672 EMA:-0.0693
[mae-tiny | fold 2 | epoch 033] train=0.2068 val_loss=0.2154 auc=0.6913 thr=0.582
  [Metrics] AUC:0.691 F1:0.696 SENS:0.800 SPEC:0.565 | COMPOSITE:0.7115 EMA:0.1650
[mae-tiny | fold 2 | epoch 034] train=0.1949 val_loss=0.1952 auc=0.6935 thr=0.455
  [Metrics] AUC:0.693 F1:0.681 SENS:0.800 SPEC:0.522 | COMPOSITE:0.7018 EMA:0.3260
[mae-tiny | fold 2 | epoch 035] train=0.1821 val_loss=0.1905 auc=0.7130 thr=0.495
  [Metrics] AUC:0.713 F1:0.708 SENS:0.850 SPEC:0.522 | COMPOSITE:0.7311 EMA:0.4476
[mae-tiny | fold 2 | epoch 036] train=0.1860 val_loss=0.2137 auc=0.7283 thr=0.403
  [Metrics] AUC:0.728 F1:0.711 SENS:0.800 SPEC:0.609 | COMPOSITE:0.7311 EMA:0.5326
    ★ SAVED DUAL-PASS (SENS=0.800≥0.8 SPEC=0.609≥0.5 | comp=0.7311)
[mae-tiny | fold 2 | epoch 037] train=0.1846 val_loss=0.1898 auc=0.7043 thr=0.530
  [Metrics] AUC:0.704 F1:0.696 SENS:0.800 SPEC:0.565 | COMPOSITE:0.7148 EMA:0.5873
    ★ SAVED DUAL-PASS (SENS=0.800≥0.8 SPEC=0.565≥0.5 | comp=0.7148)
[mae-tiny | fold 2 | epoch 038] train=0.1664 val_loss=0.1926 auc=0.7348 thr=0.528
  [Metrics] AUC:0.735 F1:0.723 SENS:0.850 SPEC:0.565 | COMPOSITE:0.7468 EMA:0.6351
    ★ SAVED DUAL-PASS (SENS=0.850≥0.8 SPEC=0.565≥0.5 | comp=0.7468)
[mae-tiny | fold 2 | epoch 039] train=0.1664 val_loss=0.3167 auc=0.7152 thr=0.684
  [Metrics] AUC:0.715 F1:0.681 SENS:0.800 SPEC:0.522 | COMPOSITE:0.7073 EMA:0.6568
    ★ SAVED DUAL-PASS (SENS=0.800≥0.8 SPEC=0.522≥0.5 | comp=0.7073)
[mae-tiny | fold 2 | epoch 040] train=0.1857 val_loss=0.2223 auc=0.7348 thr=0.593
  [Metrics] AUC:0.735 F1:0.723 SENS:0.850 SPEC:0.565 | COMPOSITE:0.7468 EMA:0.6838
    ★ SAVED DUAL-PASS (SENS=0.850≥0.8 SPEC=0.565≥0.5 | comp=0.7468)
[mae-tiny | fold 2 | epoch 041] train=0.1803 val_loss=0.1864 auc=0.7587 thr=0.550
  [Metrics] AUC:0.759 F1:0.744 SENS:0.800 SPEC:0.696 | COMPOSITE:0.7601 EMA:0.7067
    ★ SAVED DUAL-PASS (SENS=0.800≥0.8 SPEC=0.696≥0.5 | comp=0.7601)
[mae-tiny | fold 2 | epoch 042] train=0.1713 val_loss=0.1841 auc=0.7370 thr=0.474
  [Metrics] AUC:0.737 F1:0.681 SENS:0.800 SPEC:0.522 | COMPOSITE:0.7127 EMA:0.7085
    ★ SAVED DUAL-PASS (SENS=0.800≥0.8 SPEC=0.522≥0.5 | comp=0.7127)
[mae-tiny | fold 2 | epoch 043] train=0.1625 val_loss=0.1825 auc=0.7783 thr=0.558
  [Metrics] AUC:0.778 F1:0.744 SENS:0.800 SPEC:0.696 | COMPOSITE:0.7650 EMA:0.7254
    ★ SAVED DUAL-PASS (SENS=0.800≥0.8 SPEC=0.696≥0.5 | comp=0.7650)
[mae-tiny | fold 2 | epoch 044] train=0.1700 val_loss=0.4702 auc=0.7261 thr=0.773
  [Metrics] AUC:0.726 F1:0.694 SENS:0.850 SPEC:0.478 | COMPOSITE:0.7242 EMA:0.1251
[mae-tiny | fold 2 | epoch 045] train=0.2147 val_loss=0.1889 auc=0.7326 thr=0.459
  [Metrics] AUC:0.733 F1:0.696 SENS:0.800 SPEC:0.565 | COMPOSITE:0.7218 EMA:0.3041
[mae-tiny | fold 2 | epoch 046] train=0.1816 val_loss=0.1984 auc=0.7239 thr=0.529
  [Metrics] AUC:0.724 F1:0.708 SENS:0.850 SPEC:0.522 | COMPOSITE:0.7338 EMA:0.4330
[mae-tiny | fold 2 | epoch 047] train=0.1811 val_loss=0.1848 auc=0.7391 thr=0.555
  [Metrics] AUC:0.739 F1:0.711 SENS:0.800 SPEC:0.609 | COMPOSITE:0.7339 EMA:0.5233
[mae-tiny | fold 2 | epoch 048] train=0.1669 val_loss=0.2223 auc=0.7413 thr=0.607
  [Metrics] AUC:0.741 F1:0.696 SENS:0.800 SPEC:0.565 | COMPOSITE:0.7240 EMA:0.5835
[mae-tiny | fold 2 | epoch 049] train=0.1685 val_loss=0.1989 auc=0.7674 thr=0.594
  [Metrics] AUC:0.767 F1:0.681 SENS:0.800 SPEC:0.522 | COMPOSITE:0.7203 EMA:0.6245
[mae-tiny | fold 2 | epoch 050] train=0.1629 val_loss=0.2192 auc=0.7609 thr=0.628
  [Metrics] AUC:0.761 F1:0.696 SENS:0.800 SPEC:0.565 | COMPOSITE:0.7289 EMA:0.6559
[mae-tiny | fold 2 | epoch 051] train=0.1695 val_loss=0.1835 auc=0.7696 thr=0.484
  [Metrics] AUC:0.770 F1:0.694 SENS:0.850 SPEC:0.478 | COMPOSITE:0.7351 EMA:0.0796
[mae-tiny | fold 2 | epoch 052] train=0.1814 val_loss=0.1840 auc=0.7674 thr=0.477
  [Metrics] AUC:0.767 F1:0.762 SENS:0.800 SPEC:0.739 | COMPOSITE:0.7732 EMA:0.2877
[mae-tiny | fold 2 | epoch 053] train=0.1777 val_loss=0.2109 auc=0.7739 thr=0.617
  [Metrics] AUC:0.774 F1:0.773 SENS:0.850 SPEC:0.696 | COMPOSITE:0.7885 EMA:0.4379
[mae-tiny | fold 2 | epoch 054] train=0.1632 val_loss=0.1868 auc=0.7739 thr=0.589
  [Metrics] AUC:0.774 F1:0.711 SENS:0.800 SPEC:0.609 | COMPOSITE:0.7426 EMA:0.5293
[mae-tiny | fold 2 | epoch 055] train=0.1582 val_loss=0.1581 auc=0.7761 thr=0.454
  [Metrics] AUC:0.776 F1:0.708 SENS:0.850 SPEC:0.522 | COMPOSITE:0.7469 EMA:0.5946
[mae-tiny | fold 2 | epoch 056] train=0.1422 val_loss=0.1675 auc=0.7739 thr=0.451
  [Metrics] AUC:0.774 F1:0.681 SENS:0.800 SPEC:0.522 | COMPOSITE:0.7220 EMA:0.6328
[mae-tiny | fold 2 | epoch 057] train=0.1481 val_loss=0.1637 auc=0.7870 thr=0.477
  [Metrics] AUC:0.787 F1:0.723 SENS:0.850 SPEC:0.565 | COMPOSITE:0.7599 EMA:0.6709
[mae-tiny | fold 2 | epoch 058] train=0.1462 val_loss=0.2769 auc=0.7826 thr=0.711
  [Metrics] AUC:0.783 F1:0.756 SENS:0.850 SPEC:0.652 | COMPOSITE:0.7799 EMA:0.7036
[mae-tiny | fold 2 | epoch 059] train=0.1619 val_loss=0.1711 auc=0.7630 thr=0.444
  [Metrics] AUC:0.763 F1:0.708 SENS:0.850 SPEC:0.522 | COMPOSITE:0.7436 EMA:0.7156
[mae-tiny | fold 2 | epoch 060] train=0.1578 val_loss=0.1728 auc=0.7826 thr=0.550
  [Metrics] AUC:0.783 F1:0.735 SENS:0.900 SPEC:0.522 | COMPOSITE:0.7726 EMA:0.7327
    ★ SAVED DUAL-PASS (SENS=0.900≥0.8 SPEC=0.522≥0.5 | comp=0.7726)
[mae-tiny | fold 2 | epoch 061] train=0.1596 val_loss=0.2284 auc=0.7783 thr=0.628
  [Metrics] AUC:0.778 F1:0.708 SENS:0.850 SPEC:0.522 | COMPOSITE:0.7474 EMA:0.7371
    ★ SAVED DUAL-PASS (SENS=0.850≥0.8 SPEC=0.522≥0.5 | comp=0.7474)
[mae-tiny | fold 2 | epoch 062] train=0.1537 val_loss=0.1721 auc=0.7652 thr=0.446
  [Metrics] AUC:0.765 F1:0.694 SENS:0.850 SPEC:0.478 | COMPOSITE:0.7340 EMA:0.1362
[mae-tiny | fold 2 | epoch 063] train=0.1455 val_loss=0.2720 auc=0.7739 thr=0.685
  [Metrics] AUC:0.774 F1:0.696 SENS:0.800 SPEC:0.565 | COMPOSITE:0.7322 EMA:0.3150
[mae-tiny | fold 2 | epoch 064] train=0.1385 val_loss=0.1959 auc=0.7957 thr=0.594
  [Metrics] AUC:0.796 F1:0.696 SENS:0.800 SPEC:0.565 | COMPOSITE:0.7376 EMA:0.4418
[mae-tiny | fold 2 | epoch 065] train=0.1421 val_loss=0.1742 auc=0.8087 thr=0.537
  [Metrics] AUC:0.809 F1:0.735 SENS:0.900 SPEC:0.522 | COMPOSITE:0.7791 EMA:0.5430
[mae-tiny | fold 2 | epoch 066] train=0.1258 val_loss=0.2029 auc=0.7478 thr=0.473
  [Metrics] AUC:0.748 F1:0.706 SENS:0.900 SPEC:0.435 | COMPOSITE:0.7436 EMA:0.0032
[mae-tiny | fold 2 | epoch 067] train=0.1322 val_loss=0.2571 auc=0.7804 thr=0.667
  [Metrics] AUC:0.780 F1:0.727 SENS:0.800 SPEC:0.652 | COMPOSITE:0.7548 EMA:0.2286
[mae-tiny | fold 2 | epoch 068] train=0.1463 val_loss=0.2223 auc=0.7587 thr=0.521
  [Metrics] AUC:0.759 F1:0.706 SENS:0.900 SPEC:0.435 | COMPOSITE:0.7464 EMA:-0.2160
[mae-tiny | fold 2 | epoch 069] train=0.1238 val_loss=0.1937 auc=0.7761 thr=0.541
  [Metrics] AUC:0.776 F1:0.667 SENS:0.800 SPEC:0.478 | COMPOSITE:0.7124 EMA:-0.5375
[mae-tiny | fold 2 | epoch 070] train=0.1205 val_loss=0.2458 auc=0.7261 thr=0.526
  [Metrics] AUC:0.726 F1:0.680 SENS:0.850 SPEC:0.435 | COMPOSITE:0.7142 EMA:-0.7620
[mae-tiny | fold 2 | epoch 071] train=0.1405 val_loss=0.1868 auc=0.7804 thr=0.468
  [Metrics] AUC:0.780 F1:0.750 SENS:0.900 SPEC:0.565 | COMPOSITE:0.7824 EMA:-0.2987
[mae-tiny | fold 2 | epoch 072] train=0.1289 val_loss=0.2726 auc=0.7739 thr=0.656
  [Metrics] AUC:0.774 F1:0.723 SENS:0.850 SPEC:0.565 | COMPOSITE:0.7566 EMA:0.0179
[mae-tiny | fold 2 | epoch 073] train=0.1280 val_loss=0.2370 auc=0.7609 thr=0.499
  [Metrics] AUC:0.761 F1:0.680 SENS:0.850 SPEC:0.435 | COMPOSITE:0.7229 EMA:-0.3706
[mae-tiny | fold 2 | epoch 074] train=0.1141 val_loss=0.2431 auc=0.7935 thr=0.621
  [Metrics] AUC:0.793 F1:0.723 SENS:0.850 SPEC:0.565 | COMPOSITE:0.7615 EMA:-0.0310
[mae-tiny | fold 2 | epoch 075] train=0.1321 val_loss=0.2056 auc=0.7891 thr=0.532
  [Metrics] AUC:0.789 F1:0.750 SENS:0.900 SPEC:0.565 | COMPOSITE:0.7846 EMA:0.2137
[mae-tiny | fold 2 | epoch 076] train=0.1131 val_loss=0.2990 auc=0.7304 thr=0.538
  [Metrics] AUC:0.730 F1:0.706 SENS:0.900 SPEC:0.435 | COMPOSITE:0.7393 EMA:-0.2286
[mae-tiny | fold 2 | epoch 077] train=0.1152 val_loss=0.2779 auc=0.7413 thr=0.512
  [Metrics] AUC:0.741 F1:0.706 SENS:0.900 SPEC:0.435 | COMPOSITE:0.7420 EMA:-0.5374
[mae-tiny | fold 2 | epoch 078] train=0.0928 val_loss=0.2152 auc=0.7957 thr=0.560
  [Metrics] AUC:0.796 F1:0.708 SENS:0.850 SPEC:0.522 | COMPOSITE:0.7518 EMA:-0.1507
[mae-tiny | fold 2 | epoch 079] train=0.1189 val_loss=0.2995 auc=0.7826 thr=0.692
  [Metrics] AUC:0.783 F1:0.681 SENS:0.800 SPEC:0.522 | COMPOSITE:0.7241 EMA:0.1118
[mae-tiny | fold 2 | epoch 080] train=0.1274 val_loss=0.2403 auc=0.7826 thr=0.581
  [Metrics] AUC:0.783 F1:0.694 SENS:0.850 SPEC:0.478 | COMPOSITE:0.7384 EMA:-0.3003
[mae-tiny | fold 2 | epoch 081] train=0.1074 val_loss=0.2188 auc=0.7913 thr=0.541
  [Metrics] AUC:0.791 F1:0.735 SENS:0.900 SPEC:0.522 | COMPOSITE:0.7748 EMA:0.0222
  Early stopping @ epoch 81 (best EMA score=0.7371)
  SWA model finalize ediliyor...
  SWA val COMPOSITE: 0.7189 | Best EMA COMPOSITE: 0.7371

=================================================================
  MAE-Tiny Fold 2  |  Threshold: Youden 0.669
=================================================================
  Metrik                Değer                   95% CI
  -------------------------------------------------------
  AUC-ROC               0.778          [0.632 - 0.900]
  AUC-PR                0.783                        -
  Sensitivity           0.700          [0.500 - 0.895]
  Specificity           0.739          [0.556 - 0.909]
  PPV                   0.700          [0.500 - 0.895]
  NPV                   0.739          [0.550 - 0.913]
  Accuracy              0.721          [0.581 - 0.837]
  F1-Score              0.700          [0.514 - 0.837]
  Composite             0.725                        -

  CM: TP=14 FP=6 FN=6 TN=17
  Toplam Hata: 12/43
=================================================================

======================================================================
FOLD 3/5
======================================================================
  Fold 3: MAE pretrained encoder yüklendi.
[mae-tiny | fold 3 | epoch 001] train=0.2237 val_loss=0.2172 auc=0.5890 thr=0.540
  [Metrics] AUC:0.589 F1:0.667 SENS:0.842 SPEC:0.381 | COMPOSITE:0.6658 EMA:-1.3342
[mae-tiny | fold 3 | epoch 002] train=0.2171 val_loss=0.2533 auc=0.4837 thr=0.405
  [Metrics] AUC:0.484 F1:0.627 SENS:0.842 SPEC:0.238 | COMPOSITE:0.6082 EMA:-1.3515
[mae-tiny | fold 3 | epoch 003] train=0.2134 val_loss=0.2441 auc=0.4687 thr=0.531
  [Metrics] AUC:0.469 F1:0.643 SENS:0.947 SPEC:0.095 | COMPOSITE:0.6237 EMA:-1.3589
    ☆ SAVED FALLBACK (SENS=0.947 SPEC=0.095 | comp=0.6237)
[mae-tiny | fold 3 | epoch 004] train=0.2191 val_loss=0.2487 auc=0.5464 thr=0.410
  [Metrics] AUC:0.546 F1:0.667 SENS:1.000 SPEC:0.095 | COMPOSITE:0.6675 EMA:-1.3510
    ☆ SAVED FALLBACK (SENS=1.000 SPEC=0.095 | comp=0.6675)
[mae-tiny | fold 3 | epoch 005] train=0.2086 val_loss=0.2293 auc=0.5815 thr=0.528
  [Metrics] AUC:0.581 F1:0.627 SENS:0.842 SPEC:0.238 | COMPOSITE:0.6327 EMA:-1.3559
[mae-tiny | fold 3 | epoch 006] train=0.2170 val_loss=0.2458 auc=0.5338 thr=0.469
  [Metrics] AUC:0.534 F1:0.615 SENS:0.842 SPEC:0.190 | COMPOSITE:0.6106 EMA:-1.3659
[mae-tiny | fold 3 | epoch 007] train=0.2071 val_loss=0.2421 auc=0.6341 thr=0.430
  [Metrics] AUC:0.634 F1:0.681 SENS:0.842 SPEC:0.429 | COMPOSITE:0.6878 EMA:-1.3498
    ☆ SAVED FALLBACK (SENS=0.842 SPEC=0.429 | comp=0.6878)
[mae-tiny | fold 3 | epoch 008] train=0.2144 val_loss=0.2303 auc=0.5965 thr=0.556
  [Metrics] AUC:0.596 F1:0.653 SENS:0.842 SPEC:0.333 | COMPOSITE:0.6571 EMA:-1.3477
    ☆ SAVED FALLBACK (SENS=0.842 SPEC=0.333 | comp=0.6571)
[mae-tiny | fold 3 | epoch 009] train=0.2053 val_loss=0.2373 auc=0.5313 thr=0.503
  [Metrics] AUC:0.531 F1:0.604 SENS:0.842 SPEC:0.143 | COMPOSITE:0.5999 EMA:-1.3634
[mae-tiny | fold 3 | epoch 010] train=0.2043 val_loss=0.2386 auc=0.6266 thr=0.524
  [Metrics] AUC:0.627 F1:0.653 SENS:0.842 SPEC:0.333 | COMPOSITE:0.6646 EMA:-1.3550
[mae-tiny | fold 3 | epoch 011] train=0.1961 val_loss=0.2682 auc=0.5865 thr=0.393
  [Metrics] AUC:0.586 F1:0.640 SENS:0.842 SPEC:0.286 | COMPOSITE:0.6442 EMA:-1.3552
[mae-tiny | fold 3 | epoch 012] train=0.2303 val_loss=0.2343 auc=0.5514 thr=0.522
  [Metrics] AUC:0.551 F1:0.615 SENS:0.842 SPEC:0.190 | COMPOSITE:0.6150 EMA:-1.3642
[mae-tiny | fold 3 | epoch 013] train=0.1978 val_loss=0.2515 auc=0.5564 thr=0.439
  [Metrics] AUC:0.556 F1:0.642 SENS:0.895 SPEC:0.190 | COMPOSITE:0.6412 EMA:-1.3626
[mae-tiny | fold 3 | epoch 014] train=0.2005 val_loss=0.2504 auc=0.5915 thr=0.448
  [Metrics] AUC:0.591 F1:0.667 SENS:0.895 SPEC:0.286 | COMPOSITE:0.6706 EMA:-1.3526
[mae-tiny | fold 3 | epoch 015] train=0.2124 val_loss=0.2302 auc=0.6090 thr=0.514
  [Metrics] AUC:0.609 F1:0.706 SENS:0.947 SPEC:0.333 | COMPOSITE:0.7103 EMA:-1.3337
    ☆ SAVED FALLBACK (SENS=0.947 SPEC=0.333 | comp=0.7103)
[mae-tiny | fold 3 | epoch 016] train=0.1960 val_loss=0.2504 auc=0.5990 thr=0.490
  [Metrics] AUC:0.599 F1:0.679 SENS:1.000 SPEC:0.143 | COMPOSITE:0.6908 EMA:-1.3264
    ☆ SAVED FALLBACK (SENS=1.000 SPEC=0.143 | comp=0.6908)
[mae-tiny | fold 3 | epoch 017] train=0.1998 val_loss=0.2291 auc=0.6190 thr=0.495
  [Metrics] AUC:0.619 F1:0.723 SENS:0.895 SPEC:0.476 | COMPOSITE:0.7202 EMA:-1.3124
    ☆ SAVED FALLBACK (SENS=0.895 SPEC=0.476 | comp=0.7202)
[mae-tiny | fold 3 | epoch 018] train=0.1991 val_loss=0.2270 auc=0.6266 thr=0.514
  [Metrics] AUC:0.627 F1:0.696 SENS:0.842 SPEC:0.476 | COMPOSITE:0.6967 EMA:-1.3097
    ☆ SAVED FALLBACK (SENS=0.842 SPEC=0.476 | comp=0.6967)
[mae-tiny | fold 3 | epoch 019] train=0.1913 val_loss=0.2460 auc=0.6366 thr=0.445
  [Metrics] AUC:0.637 F1:0.696 SENS:0.842 SPEC:0.476 | COMPOSITE:0.6992 EMA:-1.3070
    ☆ SAVED FALLBACK (SENS=0.842 SPEC=0.476 | comp=0.6992)
[mae-tiny | fold 3 | epoch 020] train=0.1930 val_loss=0.2417 auc=0.6466 thr=0.535
  [Metrics] AUC:0.647 F1:0.723 SENS:0.895 SPEC:0.476 | COMPOSITE:0.7271 EMA:-1.2968
    ☆ SAVED FALLBACK (SENS=0.895 SPEC=0.476 | comp=0.7271)
[mae-tiny | fold 3 | epoch 021] train=0.1990 val_loss=0.2447 auc=0.6241 thr=0.469
  [Metrics] AUC:0.624 F1:0.708 SENS:0.895 SPEC:0.429 | COMPOSITE:0.7105 EMA:-1.2946
    ☆ SAVED FALLBACK (SENS=0.895 SPEC=0.429 | comp=0.7105)
[mae-tiny | fold 3 | epoch 022] train=0.2041 val_loss=0.2430 auc=0.6165 thr=0.458
  [Metrics] AUC:0.617 F1:0.696 SENS:0.842 SPEC:0.476 | COMPOSITE:0.6942 EMA:-1.2979
[mae-tiny | fold 3 | epoch 023] train=0.1961 val_loss=0.2491 auc=0.6266 thr=0.504
  [Metrics] AUC:0.627 F1:0.723 SENS:0.895 SPEC:0.476 | COMPOSITE:0.7221 EMA:-1.2919
    ☆ SAVED FALLBACK (SENS=0.895 SPEC=0.476 | comp=0.7221)
[mae-tiny | fold 3 | epoch 024] train=0.1917 val_loss=0.2458 auc=0.6140 thr=0.504
  [Metrics] AUC:0.614 F1:0.681 SENS:0.842 SPEC:0.429 | COMPOSITE:0.6827 EMA:-1.2995
[mae-tiny | fold 3 | epoch 025] train=0.1910 val_loss=0.2417 auc=0.6366 thr=0.529
  [Metrics] AUC:0.637 F1:0.681 SENS:0.842 SPEC:0.429 | COMPOSITE:0.6884 EMA:-1.3032
[mae-tiny | fold 3 | epoch 026] train=0.2241 val_loss=0.2281 auc=0.6516 thr=0.472
  [Metrics] AUC:0.652 F1:0.681 SENS:0.842 SPEC:0.429 | COMPOSITE:0.6921 EMA:-1.3046
[mae-tiny | fold 3 | epoch 027] train=0.1919 val_loss=0.2492 auc=0.5840 thr=0.492
  [Metrics] AUC:0.584 F1:0.679 SENS:1.000 SPEC:0.143 | COMPOSITE:0.6871 EMA:-1.3071
[mae-tiny | fold 3 | epoch 028] train=0.1993 val_loss=0.2248 auc=0.6491 thr=0.502
  [Metrics] AUC:0.649 F1:0.723 SENS:0.895 SPEC:0.476 | COMPOSITE:0.7277 EMA:-1.2966
[mae-tiny | fold 3 | epoch 029] train=0.1888 val_loss=0.2477 auc=0.6216 thr=0.498
  [Metrics] AUC:0.622 F1:0.681 SENS:0.842 SPEC:0.429 | COMPOSITE:0.6846 EMA:-1.3023
[mae-tiny | fold 3 | epoch 030] train=0.1960 val_loss=0.2382 auc=0.6992 thr=0.450
  [Metrics] AUC:0.699 F1:0.727 SENS:0.842 SPEC:0.571 | COMPOSITE:0.7371 EMA:-0.6905
    ★ SAVED DUAL-PASS (SENS=0.842≥0.8 SPEC=0.571≥0.5 | comp=0.7371)
[mae-tiny | fold 3 | epoch 031] train=0.2130 val_loss=0.2229 auc=0.6266 thr=0.533
  [Metrics] AUC:0.627 F1:0.708 SENS:0.895 SPEC:0.429 | COMPOSITE:0.7112 EMA:-0.8700
[mae-tiny | fold 3 | epoch 032] train=0.1980 val_loss=0.2303 auc=0.6241 thr=0.505
  [Metrics] AUC:0.624 F1:0.667 SENS:0.842 SPEC:0.381 | COMPOSITE:0.6746 EMA:-1.0066
[mae-tiny | fold 3 | epoch 033] train=0.2013 val_loss=0.2325 auc=0.6491 thr=0.471
  [Metrics] AUC:0.649 F1:0.708 SENS:0.895 SPEC:0.429 | COMPOSITE:0.7168 EMA:-1.0896
[mae-tiny | fold 3 | epoch 034] train=0.1932 val_loss=0.2404 auc=0.6566 thr=0.498
  [Metrics] AUC:0.657 F1:0.681 SENS:0.842 SPEC:0.429 | COMPOSITE:0.6934 EMA:-1.1547
[mae-tiny | fold 3 | epoch 035] train=0.1903 val_loss=0.2225 auc=0.6842 thr=0.490
  [Metrics] AUC:0.684 F1:0.727 SENS:0.842 SPEC:0.571 | COMPOSITE:0.7333 EMA:-0.5883
    ★ SAVED DUAL-PASS (SENS=0.842≥0.8 SPEC=0.571≥0.5 | comp=0.7333)
[mae-tiny | fold 3 | epoch 036] train=0.1856 val_loss=0.2168 auc=0.7143 thr=0.481
  [Metrics] AUC:0.714 F1:0.739 SENS:0.895 SPEC:0.524 | COMPOSITE:0.7551 EMA:-0.1853
    ★ SAVED DUAL-PASS (SENS=0.895≥0.8 SPEC=0.524≥0.5 | comp=0.7551)
[mae-tiny | fold 3 | epoch 037] train=0.1945 val_loss=0.2154 auc=0.7243 thr=0.526
  [Metrics] AUC:0.724 F1:0.744 SENS:0.842 SPEC:0.619 | COMPOSITE:0.7547 EMA:0.0967
    ★ SAVED DUAL-PASS (SENS=0.842≥0.8 SPEC=0.619≥0.5 | comp=0.7547)
[mae-tiny | fold 3 | epoch 038] train=0.1822 val_loss=0.2171 auc=0.7970 thr=0.477
  [Metrics] AUC:0.797 F1:0.791 SENS:0.895 SPEC:0.667 | COMPOSITE:0.8101 EMA:0.3107
    ★ SAVED DUAL-PASS (SENS=0.895≥0.8 SPEC=0.667≥0.5 | comp=0.8101)
[mae-tiny | fold 3 | epoch 039] train=0.1877 val_loss=0.2206 auc=0.7168 thr=0.568
  [Metrics] AUC:0.717 F1:0.744 SENS:0.842 SPEC:0.619 | COMPOSITE:0.7528 EMA:0.4434
    ★ SAVED DUAL-PASS (SENS=0.842≥0.8 SPEC=0.619≥0.5 | comp=0.7528)
[mae-tiny | fold 3 | epoch 040] train=0.1908 val_loss=0.2398 auc=0.7594 thr=0.621
  [Metrics] AUC:0.759 F1:0.727 SENS:0.842 SPEC:0.571 | COMPOSITE:0.7521 EMA:0.5360
    ★ SAVED DUAL-PASS (SENS=0.842≥0.8 SPEC=0.571≥0.5 | comp=0.7521)
[mae-tiny | fold 3 | epoch 041] train=0.1932 val_loss=0.2285 auc=0.6817 thr=0.454
  [Metrics] AUC:0.682 F1:0.696 SENS:0.842 SPEC:0.476 | COMPOSITE:0.7105 EMA:-0.0117
[mae-tiny | fold 3 | epoch 042] train=0.1884 val_loss=0.2196 auc=0.7068 thr=0.533
  [Metrics] AUC:0.707 F1:0.723 SENS:0.895 SPEC:0.476 | COMPOSITE:0.7421 EMA:-0.3855
[mae-tiny | fold 3 | epoch 043] train=0.1959 val_loss=0.2194 auc=0.7118 thr=0.472
  [Metrics] AUC:0.712 F1:0.727 SENS:0.842 SPEC:0.571 | COMPOSITE:0.7402 EMA:-0.0478
[mae-tiny | fold 3 | epoch 044] train=0.1930 val_loss=0.2175 auc=0.7118 thr=0.518
  [Metrics] AUC:0.712 F1:0.739 SENS:0.895 SPEC:0.524 | COMPOSITE:0.7545 EMA:0.1929
[mae-tiny | fold 3 | epoch 045] train=0.1847 val_loss=0.2250 auc=0.6867 thr=0.510
  [Metrics] AUC:0.687 F1:0.735 SENS:0.947 SPEC:0.429 | COMPOSITE:0.7512 EMA:-0.2396
[mae-tiny | fold 3 | epoch 046] train=0.1842 val_loss=0.2239 auc=0.7519 thr=0.442
  [Metrics] AUC:0.752 F1:0.727 SENS:0.842 SPEC:0.571 | COMPOSITE:0.7502 EMA:0.0573
[mae-tiny | fold 3 | epoch 047] train=0.1774 val_loss=0.1927 auc=0.8070 thr=0.517
  [Metrics] AUC:0.807 F1:0.783 SENS:0.947 SPEC:0.571 | COMPOSITE:0.8147 EMA:0.2845
[mae-tiny | fold 3 | epoch 048] train=0.1876 val_loss=0.2012 auc=0.7419 thr=0.535
  [Metrics] AUC:0.742 F1:0.739 SENS:0.895 SPEC:0.524 | COMPOSITE:0.7620 EMA:0.4278
[mae-tiny | fold 3 | epoch 049] train=0.1870 val_loss=0.2127 auc=0.7293 thr=0.493
  [Metrics] AUC:0.729 F1:0.711 SENS:0.842 SPEC:0.524 | COMPOSITE:0.7334 EMA:0.5195
[mae-tiny | fold 3 | epoch 050] train=0.1724 val_loss=0.2055 auc=0.7945 thr=0.454
  [Metrics] AUC:0.794 F1:0.756 SENS:0.895 SPEC:0.571 | COMPOSITE:0.7864 EMA:0.5995
    ★ SAVED DUAL-PASS (SENS=0.895≥0.8 SPEC=0.571≥0.5 | comp=0.7864)
[mae-tiny | fold 3 | epoch 051] train=0.1840 val_loss=0.2291 auc=0.7669 thr=0.530
  [Metrics] AUC:0.767 F1:0.744 SENS:0.842 SPEC:0.619 | COMPOSITE:0.7654 EMA:0.6493
    ★ SAVED DUAL-PASS (SENS=0.842≥0.8 SPEC=0.619≥0.5 | comp=0.7654)
[mae-tiny | fold 3 | epoch 052] train=0.1797 val_loss=0.2159 auc=0.7820 thr=0.493
  [Metrics] AUC:0.782 F1:0.744 SENS:0.842 SPEC:0.619 | COMPOSITE:0.7691 EMA:0.6852
    ★ SAVED DUAL-PASS (SENS=0.842≥0.8 SPEC=0.619≥0.5 | comp=0.7691)
[mae-tiny | fold 3 | epoch 053] train=0.1842 val_loss=0.2116 auc=0.8195 thr=0.439
  [Metrics] AUC:0.820 F1:0.780 SENS:0.842 SPEC:0.714 | COMPOSITE:0.8019 EMA:0.7202
    ★ SAVED DUAL-PASS (SENS=0.842≥0.8 SPEC=0.714≥0.5 | comp=0.8019)
[mae-tiny | fold 3 | epoch 054] train=0.1823 val_loss=0.1864 auc=0.8421 thr=0.493
  [Metrics] AUC:0.842 F1:0.818 SENS:0.947 SPEC:0.667 | COMPOSITE:0.8467 EMA:0.7582
    ★ SAVED DUAL-PASS (SENS=0.947≥0.8 SPEC=0.667≥0.5 | comp=0.8467)
[mae-tiny | fold 3 | epoch 055] train=0.1688 val_loss=0.1781 auc=0.8546 thr=0.480
  [Metrics] AUC:0.855 F1:0.810 SENS:0.895 SPEC:0.714 | COMPOSITE:0.8363 EMA:0.7816
    ★ SAVED DUAL-PASS (SENS=0.895≥0.8 SPEC=0.714≥0.5 | comp=0.8363)
[mae-tiny | fold 3 | epoch 056] train=0.1704 val_loss=0.1872 auc=0.8396 thr=0.562
  [Metrics] AUC:0.840 F1:0.791 SENS:0.895 SPEC:0.667 | COMPOSITE:0.8207 EMA:0.7933
    ★ SAVED DUAL-PASS (SENS=0.895≥0.8 SPEC=0.667≥0.5 | comp=0.8207)
[mae-tiny | fold 3 | epoch 057] train=0.1746 val_loss=0.1715 auc=0.8596 thr=0.519
  [Metrics] AUC:0.860 F1:0.821 SENS:0.842 SPEC:0.810 | COMPOSITE:0.8362 EMA:0.8062
    ★ SAVED DUAL-PASS (SENS=0.842≥0.8 SPEC=0.810≥0.5 | comp=0.8362)
[mae-tiny | fold 3 | epoch 058] train=0.1703 val_loss=0.1672 auc=0.8672 thr=0.552
  [Metrics] AUC:0.867 F1:0.829 SENS:0.895 SPEC:0.762 | COMPOSITE:0.8516 EMA:0.8198
    ★ SAVED DUAL-PASS (SENS=0.895≥0.8 SPEC=0.762≥0.5 | comp=0.8516)
[mae-tiny | fold 3 | epoch 059] train=0.1795 val_loss=0.1837 auc=0.7845 thr=0.500
  [Metrics] AUC:0.784 F1:0.773 SENS:0.895 SPEC:0.619 | COMPOSITE:0.7953 EMA:0.8125
[mae-tiny | fold 3 | epoch 060] train=0.2029 val_loss=0.1750 auc=0.8020 thr=0.514
  [Metrics] AUC:0.802 F1:0.739 SENS:0.895 SPEC:0.524 | COMPOSITE:0.7770 EMA:0.8018
[mae-tiny | fold 3 | epoch 061] train=0.1867 val_loss=0.2193 auc=0.7995 thr=0.628
  [Metrics] AUC:0.799 F1:0.766 SENS:0.947 SPEC:0.524 | COMPOSITE:0.8015 EMA:0.8017
[mae-tiny | fold 3 | epoch 062] train=0.1800 val_loss=0.1934 auc=0.7769 thr=0.485
  [Metrics] AUC:0.777 F1:0.756 SENS:0.895 SPEC:0.571 | COMPOSITE:0.7820 EMA:0.7958
[mae-tiny | fold 3 | epoch 063] train=0.1771 val_loss=0.1961 auc=0.7920 thr=0.551
  [Metrics] AUC:0.792 F1:0.762 SENS:0.842 SPEC:0.667 | COMPOSITE:0.7832 EMA:0.7920
[mae-tiny | fold 3 | epoch 064] train=0.1649 val_loss=0.1883 auc=0.8647 thr=0.590
  [Metrics] AUC:0.865 F1:0.810 SENS:0.895 SPEC:0.714 | COMPOSITE:0.8388 EMA:0.8061
[mae-tiny | fold 3 | epoch 065] train=0.1667 val_loss=0.1626 auc=0.8697 thr=0.451
  [Metrics] AUC:0.870 F1:0.783 SENS:0.947 SPEC:0.571 | COMPOSITE:0.8304 EMA:0.8134
[mae-tiny | fold 3 | epoch 066] train=0.1495 val_loss=0.2193 auc=0.8622 thr=0.658
  [Metrics] AUC:0.862 F1:0.821 SENS:0.842 SPEC:0.810 | COMPOSITE:0.8368 EMA:0.8204
    ★ SAVED DUAL-PASS (SENS=0.842≥0.8 SPEC=0.810≥0.5 | comp=0.8368)
[mae-tiny | fold 3 | epoch 067] train=0.1731 val_loss=0.1613 auc=0.8647 thr=0.483
  [Metrics] AUC:0.865 F1:0.800 SENS:0.842 SPEC:0.762 | COMPOSITE:0.8252 EMA:0.8218
    ★ SAVED DUAL-PASS (SENS=0.842≥0.8 SPEC=0.762≥0.5 | comp=0.8252)
[mae-tiny | fold 3 | epoch 068] train=0.1569 val_loss=0.2039 auc=0.8346 thr=0.583
  [Metrics] AUC:0.835 F1:0.711 SENS:0.842 SPEC:0.524 | COMPOSITE:0.7597 EMA:0.8032
[mae-tiny | fold 3 | epoch 069] train=0.1624 val_loss=0.1658 auc=0.8521 thr=0.459
  [Metrics] AUC:0.852 F1:0.766 SENS:0.947 SPEC:0.524 | COMPOSITE:0.8147 EMA:0.8066
[mae-tiny | fold 3 | epoch 070] train=0.1541 val_loss=0.1668 auc=0.8822 thr=0.526
  [Metrics] AUC:0.882 F1:0.844 SENS:1.000 SPEC:0.667 | COMPOSITE:0.8817 EMA:0.8292
    ★ SAVED DUAL-PASS (SENS=1.000≥0.8 SPEC=0.667≥0.5 | comp=0.8817)
[mae-tiny | fold 3 | epoch 071] train=0.1608 val_loss=0.1596 auc=0.8747 thr=0.542
  [Metrics] AUC:0.875 F1:0.810 SENS:0.895 SPEC:0.714 | COMPOSITE:0.8414 EMA:0.8328
    ★ SAVED DUAL-PASS (SENS=0.895≥0.8 SPEC=0.714≥0.5 | comp=0.8414)
[mae-tiny | fold 3 | epoch 072] train=0.1559 val_loss=0.1481 auc=0.8697 thr=0.506
  [Metrics] AUC:0.870 F1:0.800 SENS:0.842 SPEC:0.762 | COMPOSITE:0.8264 EMA:0.8309
[mae-tiny | fold 3 | epoch 073] train=0.1450 val_loss=0.1769 auc=0.8772 thr=0.570
  [Metrics] AUC:0.877 F1:0.818 SENS:0.947 SPEC:0.667 | COMPOSITE:0.8554 EMA:0.8383
    ★ SAVED DUAL-PASS (SENS=0.947≥0.8 SPEC=0.667≥0.5 | comp=0.8554)
[mae-tiny | fold 3 | epoch 074] train=0.1602 val_loss=0.1453 auc=0.8972 thr=0.468
  [Metrics] AUC:0.897 F1:0.864 SENS:1.000 SPEC:0.714 | COMPOSITE:0.8974 EMA:0.8560
    ★ SAVED DUAL-PASS (SENS=1.000≥0.8 SPEC=0.714≥0.5 | comp=0.8974)
[mae-tiny | fold 3 | epoch 075] train=0.1555 val_loss=0.1569 auc=0.8972 thr=0.541
  [Metrics] AUC:0.897 F1:0.864 SENS:1.000 SPEC:0.714 | COMPOSITE:0.8974 EMA:0.8684
    ★ SAVED DUAL-PASS (SENS=1.000≥0.8 SPEC=0.714≥0.5 | comp=0.8974)
[mae-tiny | fold 3 | epoch 076] train=0.1413 val_loss=0.1454 auc=0.8897 thr=0.506
  [Metrics] AUC:0.890 F1:0.850 SENS:0.895 SPEC:0.810 | COMPOSITE:0.8695 EMA:0.8687
    ★ SAVED DUAL-PASS (SENS=0.895≥0.8 SPEC=0.810≥0.5 | comp=0.8695)
[mae-tiny | fold 3 | epoch 077] train=0.1426 val_loss=0.1663 auc=0.8822 thr=0.588
  [Metrics] AUC:0.882 F1:0.821 SENS:0.842 SPEC:0.810 | COMPOSITE:0.8418 EMA:0.8607
[mae-tiny | fold 3 | epoch 078] train=0.1560 val_loss=0.1658 auc=0.8647 thr=0.534
  [Metrics] AUC:0.865 F1:0.783 SENS:0.947 SPEC:0.571 | COMPOSITE:0.8291 EMA:0.8512
[mae-tiny | fold 3 | epoch 079] train=0.1457 val_loss=0.1571 auc=0.8797 thr=0.496
  [Metrics] AUC:0.880 F1:0.809 SENS:1.000 SPEC:0.571 | COMPOSITE:0.8578 EMA:0.8532
[mae-tiny | fold 3 | epoch 080] train=0.1290 val_loss=0.1416 auc=0.8922 thr=0.498
  [Metrics] AUC:0.892 F1:0.844 SENS:1.000 SPEC:0.667 | COMPOSITE:0.8842 EMA:0.8625
[mae-tiny | fold 3 | epoch 081] train=0.1567 val_loss=0.1521 auc=0.8897 thr=0.539
  [Metrics] AUC:0.890 F1:0.844 SENS:1.000 SPEC:0.667 | COMPOSITE:0.8835 EMA:0.8688
    ★ SAVED DUAL-PASS (SENS=1.000≥0.8 SPEC=0.667≥0.5 | comp=0.8835)
[mae-tiny | fold 3 | epoch 082] train=0.1556 val_loss=0.1397 auc=0.8922 thr=0.561
  [Metrics] AUC:0.892 F1:0.842 SENS:0.842 SPEC:0.857 | COMPOSITE:0.8569 EMA:0.8652
[mae-tiny | fold 3 | epoch 083] train=0.1297 val_loss=0.1505 auc=0.8897 thr=0.598
  [Metrics] AUC:0.890 F1:0.842 SENS:0.842 SPEC:0.857 | COMPOSITE:0.8563 EMA:0.8625
[mae-tiny | fold 3 | epoch 084] train=0.1634 val_loss=0.1606 auc=0.8947 thr=0.533
  [Metrics] AUC:0.895 F1:0.844 SENS:1.000 SPEC:0.667 | COMPOSITE:0.8848 EMA:0.8692
    ★ SAVED DUAL-PASS (SENS=1.000≥0.8 SPEC=0.667≥0.5 | comp=0.8848)
[mae-tiny | fold 3 | epoch 085] train=0.1378 val_loss=0.1544 auc=0.8947 thr=0.528
  [Metrics] AUC:0.895 F1:0.844 SENS:1.000 SPEC:0.667 | COMPOSITE:0.8848 EMA:0.8739
    ★ SAVED DUAL-PASS (SENS=1.000≥0.8 SPEC=0.667≥0.5 | comp=0.8848)
[mae-tiny | fold 3 | epoch 086] train=0.1256 val_loss=0.1614 auc=0.8897 thr=0.629
  [Metrics] AUC:0.890 F1:0.865 SENS:0.842 SPEC:0.905 | COMPOSITE:0.8691 EMA:0.8725
[mae-tiny | fold 3 | epoch 087] train=0.1492 val_loss=0.1681 auc=0.8947 thr=0.646
  [Metrics] AUC:0.895 F1:0.865 SENS:0.842 SPEC:0.905 | COMPOSITE:0.8704 EMA:0.8718
[mae-tiny | fold 3 | epoch 088] train=0.1453 val_loss=0.1513 auc=0.8947 thr=0.520
  [Metrics] AUC:0.895 F1:0.844 SENS:1.000 SPEC:0.667 | COMPOSITE:0.8848 EMA:0.8757
    ★ SAVED DUAL-PASS (SENS=1.000≥0.8 SPEC=0.667≥0.5 | comp=0.8848)
[mae-tiny | fold 3 | epoch 089] train=0.1330 val_loss=0.1470 auc=0.8947 thr=0.550
  [Metrics] AUC:0.895 F1:0.837 SENS:0.947 SPEC:0.714 | COMPOSITE:0.8717 EMA:0.8745
[mae-tiny | fold 3 | epoch 090] train=0.1540 val_loss=0.1662 auc=0.8897 thr=0.570
  [Metrics] AUC:0.890 F1:0.826 SENS:1.000 SPEC:0.619 | COMPOSITE:0.8718 EMA:0.8737
[mae-tiny | fold 3 | epoch 091] train=0.1361 val_loss=0.1451 auc=0.8897 thr=0.607
  [Metrics] AUC:0.890 F1:0.821 SENS:0.842 SPEC:0.810 | COMPOSITE:0.8437 EMA:0.8647
[mae-tiny | fold 3 | epoch 092] train=0.1356 val_loss=0.1476 auc=0.8872 thr=0.556
  [Metrics] AUC:0.887 F1:0.837 SENS:0.947 SPEC:0.714 | COMPOSITE:0.8698 EMA:0.8662
[mae-tiny | fold 3 | epoch 093] train=0.1301 val_loss=0.1549 auc=0.9023 thr=0.594
  [Metrics] AUC:0.902 F1:0.844 SENS:1.000 SPEC:0.667 | COMPOSITE:0.8867 EMA:0.8724
[mae-tiny | fold 3 | epoch 094] train=0.1314 val_loss=0.1464 auc=0.9098 thr=0.560
  [Metrics] AUC:0.910 F1:0.864 SENS:1.000 SPEC:0.714 | COMPOSITE:0.9005 EMA:0.8808
    ★ SAVED DUAL-PASS (SENS=1.000≥0.8 SPEC=0.714≥0.5 | comp=0.9005)
[mae-tiny | fold 3 | epoch 095] train=0.1379 val_loss=0.1706 auc=0.8947 thr=0.629
  [Metrics] AUC:0.895 F1:0.829 SENS:0.895 SPEC:0.762 | COMPOSITE:0.8584 EMA:0.8741
[mae-tiny | fold 3 | epoch 096] train=0.1447 val_loss=0.1473 auc=0.8872 thr=0.517
  [Metrics] AUC:0.887 F1:0.826 SENS:1.000 SPEC:0.619 | COMPOSITE:0.8712 EMA:0.8732
[mae-tiny | fold 3 | epoch 097] train=0.1458 val_loss=0.1582 auc=0.8972 thr=0.558
  [Metrics] AUC:0.897 F1:0.826 SENS:1.000 SPEC:0.619 | COMPOSITE:0.8737 EMA:0.8734
[mae-tiny | fold 3 | epoch 098] train=0.1183 val_loss=0.1511 auc=0.9023 thr=0.653
  [Metrics] AUC:0.902 F1:0.842 SENS:0.842 SPEC:0.857 | COMPOSITE:0.8594 EMA:0.8692
[mae-tiny | fold 3 | epoch 099] train=0.1270 val_loss=0.1588 auc=0.8997 thr=0.672
  [Metrics] AUC:0.900 F1:0.842 SENS:0.842 SPEC:0.857 | COMPOSITE:0.8588 EMA:0.8661
[mae-tiny | fold 3 | epoch 100] train=0.1280 val_loss=0.1525 auc=0.9048 thr=0.587
  [Metrics] AUC:0.905 F1:0.829 SENS:0.895 SPEC:0.762 | COMPOSITE:0.8610 EMA:0.8645
  SWA model finalize ediliyor...
  SWA val COMPOSITE: 0.8428 | Best EMA COMPOSITE: 0.8808

=================================================================
  MAE-Tiny Fold 3  |  Threshold: Youden 0.560
=================================================================
  Metrik                Değer                   95% CI
  -------------------------------------------------------
  AUC-ROC               0.910          [0.810 - 0.985]
  AUC-PR                0.896                        -
  Sensitivity           1.000          [1.000 - 1.000]
  Specificity           0.714          [0.500 - 0.913]
  PPV                   0.760          [0.571 - 0.929]
  NPV                   1.000          [1.000 - 1.000]
  Accuracy              0.850          [0.725 - 0.950]
  F1-Score              0.864          [0.727 - 0.963]
  Composite             0.900                        -

  CM: TP=19 FP=6 FN=0 TN=15
  Toplam Hata: 6/40
=================================================================

======================================================================
FOLD 4/5
======================================================================
  Fold 4: MAE pretrained encoder yüklendi.
[mae-tiny | fold 4 | epoch 001] train=0.2382 val_loss=0.2365 auc=0.3855 thr=0.468
  [Metrics] AUC:0.385 F1:0.667 SENS:1.000 SPEC:0.000 | COMPOSITE:0.6130 EMA:-1.3870
[mae-tiny | fold 4 | epoch 002] train=0.2229 val_loss=0.2111 auc=0.7551 thr=0.561
  [Metrics] AUC:0.755 F1:0.776 SENS:0.905 SPEC:0.571 | COMPOSITE:0.7850 EMA:-0.7354
[mae-tiny | fold 4 | epoch 003] train=0.2191 val_loss=0.1979 auc=0.7755 thr=0.499
  [Metrics] AUC:0.776 F1:0.776 SENS:0.905 SPEC:0.571 | COMPOSITE:0.7901 EMA:-0.2777
    ★ SAVED DUAL-PASS (SENS=0.905≥0.8 SPEC=0.571≥0.5 | comp=0.7901)
[mae-tiny | fold 4 | epoch 004] train=0.2175 val_loss=0.1985 auc=0.7823 thr=0.548
  [Metrics] AUC:0.782 F1:0.776 SENS:0.905 SPEC:0.571 | COMPOSITE:0.7918 EMA:0.0432
    ★ SAVED DUAL-PASS (SENS=0.905≥0.8 SPEC=0.571≥0.5 | comp=0.7918)
[mae-tiny | fold 4 | epoch 005] train=0.2139 val_loss=0.1971 auc=0.8141 thr=0.551
  [Metrics] AUC:0.814 F1:0.760 SENS:0.905 SPEC:0.524 | COMPOSITE:0.7888 EMA:0.2668
    ★ SAVED DUAL-PASS (SENS=0.905≥0.8 SPEC=0.524≥0.5 | comp=0.7888)
[mae-tiny | fold 4 | epoch 006] train=0.2104 val_loss=0.1984 auc=0.8095 thr=0.587
  [Metrics] AUC:0.810 F1:0.756 SENS:0.810 SPEC:0.667 | COMPOSITE:0.7746 EMA:0.4192
    ★ SAVED DUAL-PASS (SENS=0.810≥0.8 SPEC=0.667≥0.5 | comp=0.7746)
[mae-tiny | fold 4 | epoch 007] train=0.2144 val_loss=0.1757 auc=0.8005 thr=0.491
  [Metrics] AUC:0.800 F1:0.792 SENS:0.905 SPEC:0.619 | COMPOSITE:0.8076 EMA:0.5357
    ★ SAVED DUAL-PASS (SENS=0.905≥0.8 SPEC=0.619≥0.5 | comp=0.8076)
[mae-tiny | fold 4 | epoch 008] train=0.2257 val_loss=0.1851 auc=0.8073 thr=0.422
  [Metrics] AUC:0.807 F1:0.776 SENS:0.905 SPEC:0.571 | COMPOSITE:0.7981 EMA:0.6144
    ★ SAVED DUAL-PASS (SENS=0.905≥0.8 SPEC=0.571≥0.5 | comp=0.7981)
[mae-tiny | fold 4 | epoch 009] train=0.2237 val_loss=0.1997 auc=0.8005 thr=0.452
  [Metrics] AUC:0.800 F1:0.766 SENS:0.857 SPEC:0.619 | COMPOSITE:0.7845 EMA:0.6654
    ★ SAVED DUAL-PASS (SENS=0.857≥0.8 SPEC=0.619≥0.5 | comp=0.7845)
[mae-tiny | fold 4 | epoch 010] train=0.2125 val_loss=0.1868 auc=0.8073 thr=0.469
  [Metrics] AUC:0.807 F1:0.776 SENS:0.905 SPEC:0.571 | COMPOSITE:0.7981 EMA:0.7052
    ★ SAVED DUAL-PASS (SENS=0.905≥0.8 SPEC=0.571≥0.5 | comp=0.7981)
[mae-tiny | fold 4 | epoch 011] train=0.2427 val_loss=0.1899 auc=0.8209 thr=0.559
  [Metrics] AUC:0.821 F1:0.784 SENS:0.952 SPEC:0.524 | COMPOSITE:0.8132 EMA:0.7376
    ★ SAVED DUAL-PASS (SENS=0.952≥0.8 SPEC=0.524≥0.5 | comp=0.8132)
[mae-tiny | fold 4 | epoch 012] train=0.2119 val_loss=0.1788 auc=0.8254 thr=0.477
  [Metrics] AUC:0.825 F1:0.776 SENS:0.905 SPEC:0.571 | COMPOSITE:0.8026 EMA:0.7571
    ★ SAVED DUAL-PASS (SENS=0.905≥0.8 SPEC=0.571≥0.5 | comp=0.8026)
[mae-tiny | fold 4 | epoch 013] train=0.2105 val_loss=0.2006 auc=0.8095 thr=0.589
  [Metrics] AUC:0.810 F1:0.750 SENS:0.857 SPEC:0.571 | COMPOSITE:0.7756 EMA:0.7627
    ★ SAVED DUAL-PASS (SENS=0.857≥0.8 SPEC=0.571≥0.5 | comp=0.7756)
[mae-tiny | fold 4 | epoch 014] train=0.2206 val_loss=0.2052 auc=0.6893 thr=0.508
  [Metrics] AUC:0.689 F1:0.691 SENS:0.905 SPEC:0.286 | COMPOSITE:0.7046 EMA:0.1452
[mae-tiny | fold 4 | epoch 015] train=0.2264 val_loss=0.1932 auc=0.7823 thr=0.433
  [Metrics] AUC:0.782 F1:0.760 SENS:0.905 SPEC:0.524 | COMPOSITE:0.7808 EMA:0.3359
[mae-tiny | fold 4 | epoch 016] train=0.2261 val_loss=0.1918 auc=0.7937 thr=0.498
  [Metrics] AUC:0.794 F1:0.760 SENS:0.905 SPEC:0.524 | COMPOSITE:0.7837 EMA:0.4702
[mae-tiny | fold 4 | epoch 017] train=0.2183 val_loss=0.1940 auc=0.8186 thr=0.532
  [Metrics] AUC:0.819 F1:0.784 SENS:0.952 SPEC:0.524 | COMPOSITE:0.8126 EMA:0.5730
[mae-tiny | fold 4 | epoch 018] train=0.2149 val_loss=0.1876 auc=0.8050 thr=0.476
  [Metrics] AUC:0.805 F1:0.784 SENS:0.952 SPEC:0.524 | COMPOSITE:0.8092 EMA:0.6438
[mae-tiny | fold 4 | epoch 019] train=0.2240 val_loss=0.1858 auc=0.8231 thr=0.529
  [Metrics] AUC:0.823 F1:0.792 SENS:0.905 SPEC:0.619 | COMPOSITE:0.8132 EMA:0.6947
[mae-tiny | fold 4 | epoch 020] train=0.2151 val_loss=0.1904 auc=0.8254 thr=0.526
  [Metrics] AUC:0.825 F1:0.760 SENS:0.905 SPEC:0.524 | COMPOSITE:0.7916 EMA:0.7237
[mae-tiny | fold 4 | epoch 021] train=0.2056 val_loss=0.1807 auc=0.8141 thr=0.524
  [Metrics] AUC:0.814 F1:0.784 SENS:0.952 SPEC:0.524 | COMPOSITE:0.8115 EMA:0.7501
[mae-tiny | fold 4 | epoch 022] train=0.2082 val_loss=0.1774 auc=0.8050 thr=0.497
  [Metrics] AUC:0.805 F1:0.760 SENS:0.905 SPEC:0.524 | COMPOSITE:0.7865 EMA:0.7610
[mae-tiny | fold 4 | epoch 023] train=0.2141 val_loss=0.1894 auc=0.7868 thr=0.485
  [Metrics] AUC:0.787 F1:0.708 SENS:0.810 SPEC:0.524 | COMPOSITE:0.7357 EMA:0.7534
[mae-tiny | fold 4 | epoch 024] train=0.2170 val_loss=0.1903 auc=0.8390 thr=0.552
  [Metrics] AUC:0.839 F1:0.844 SENS:0.905 SPEC:0.762 | COMPOSITE:0.8518 EMA:0.7829
    ★ SAVED DUAL-PASS (SENS=0.905≥0.8 SPEC=0.762≥0.5 | comp=0.8518)
[mae-tiny | fold 4 | epoch 025] train=0.2116 val_loss=0.1875 auc=0.8322 thr=0.543
  [Metrics] AUC:0.832 F1:0.826 SENS:0.905 SPEC:0.714 | COMPOSITE:0.8384 EMA:0.7996
    ★ SAVED DUAL-PASS (SENS=0.905≥0.8 SPEC=0.714≥0.5 | comp=0.8384)
[mae-tiny | fold 4 | epoch 026] train=0.2100 val_loss=0.1789 auc=0.8322 thr=0.530
  [Metrics] AUC:0.832 F1:0.809 SENS:0.905 SPEC:0.667 | COMPOSITE:0.8268 EMA:0.8077
    ★ SAVED DUAL-PASS (SENS=0.905≥0.8 SPEC=0.667≥0.5 | comp=0.8268)
[mae-tiny | fold 4 | epoch 027] train=0.2077 val_loss=0.1952 auc=0.7710 thr=0.569
  [Metrics] AUC:0.771 F1:0.708 SENS:0.810 SPEC:0.524 | COMPOSITE:0.7317 EMA:0.7849
[mae-tiny | fold 4 | epoch 028] train=0.2019 val_loss=0.1732 auc=0.8277 thr=0.501
  [Metrics] AUC:0.828 F1:0.809 SENS:0.905 SPEC:0.667 | COMPOSITE:0.8257 EMA:0.7972
[mae-tiny | fold 4 | epoch 029] train=0.2028 val_loss=0.1865 auc=0.8594 thr=0.581
  [Metrics] AUC:0.859 F1:0.818 SENS:0.857 SPEC:0.762 | COMPOSITE:0.8337 EMA:0.8081
    ★ SAVED DUAL-PASS (SENS=0.857≥0.8 SPEC=0.762≥0.5 | comp=0.8337)
[mae-tiny | fold 4 | epoch 030] train=0.2013 val_loss=0.1772 auc=0.8322 thr=0.497
  [Metrics] AUC:0.832 F1:0.791 SENS:0.810 SPEC:0.762 | COMPOSITE:0.8033 EMA:0.8067
[mae-tiny | fold 4 | epoch 031] train=0.1994 val_loss=0.1754 auc=0.8481 thr=0.557
  [Metrics] AUC:0.848 F1:0.800 SENS:0.857 SPEC:0.714 | COMPOSITE:0.8192 EMA:0.8104
    ★ SAVED DUAL-PASS (SENS=0.857≥0.8 SPEC=0.714≥0.5 | comp=0.8192)
[mae-tiny | fold 4 | epoch 032] train=0.2020 val_loss=0.1823 auc=0.8050 thr=0.558
  [Metrics] AUC:0.805 F1:0.756 SENS:0.810 SPEC:0.667 | COMPOSITE:0.7735 EMA:0.7993
[mae-tiny | fold 4 | epoch 033] train=0.2174 val_loss=0.1819 auc=0.8435 thr=0.572
  [Metrics] AUC:0.844 F1:0.783 SENS:0.857 SPEC:0.667 | COMPOSITE:0.8065 EMA:0.8015
[mae-tiny | fold 4 | epoch 034] train=0.1945 val_loss=0.1684 auc=0.8549 thr=0.515
  [Metrics] AUC:0.855 F1:0.826 SENS:0.905 SPEC:0.714 | COMPOSITE:0.8441 EMA:0.8143
    ★ SAVED DUAL-PASS (SENS=0.905≥0.8 SPEC=0.714≥0.5 | comp=0.8441)
[mae-tiny | fold 4 | epoch 035] train=0.1938 val_loss=0.1770 auc=0.8481 thr=0.582
  [Metrics] AUC:0.848 F1:0.829 SENS:0.810 SPEC:0.857 | COMPOSITE:0.8312 EMA:0.8194
    ★ SAVED DUAL-PASS (SENS=0.810≥0.8 SPEC=0.857≥0.5 | comp=0.8312)
[mae-tiny | fold 4 | epoch 036] train=0.2035 val_loss=0.1816 auc=0.8526 thr=0.572
  [Metrics] AUC:0.853 F1:0.800 SENS:0.857 SPEC:0.714 | COMPOSITE:0.8203 EMA:0.8196
    ★ SAVED DUAL-PASS (SENS=0.857≥0.8 SPEC=0.714≥0.5 | comp=0.8203)
[mae-tiny | fold 4 | epoch 037] train=0.2000 val_loss=0.1696 auc=0.8481 thr=0.494
  [Metrics] AUC:0.848 F1:0.809 SENS:0.905 SPEC:0.667 | COMPOSITE:0.8308 EMA:0.8230
    ★ SAVED DUAL-PASS (SENS=0.905≥0.8 SPEC=0.667≥0.5 | comp=0.8308)
[mae-tiny | fold 4 | epoch 038] train=0.1952 val_loss=0.1650 auc=0.8458 thr=0.560
  [Metrics] AUC:0.846 F1:0.800 SENS:0.857 SPEC:0.714 | COMPOSITE:0.8186 EMA:0.8217
[mae-tiny | fold 4 | epoch 039] train=0.1840 val_loss=0.1656 auc=0.8503 thr=0.593
  [Metrics] AUC:0.850 F1:0.829 SENS:0.810 SPEC:0.857 | COMPOSITE:0.8318 EMA:0.8247
    ★ SAVED DUAL-PASS (SENS=0.810≥0.8 SPEC=0.857≥0.5 | comp=0.8318)
[mae-tiny | fold 4 | epoch 040] train=0.1882 val_loss=0.1662 auc=0.8413 thr=0.560
  [Metrics] AUC:0.841 F1:0.800 SENS:0.857 SPEC:0.714 | COMPOSITE:0.8175 EMA:0.8225
[mae-tiny | fold 4 | epoch 041] train=0.1832 val_loss=0.1645 auc=0.8481 thr=0.558
  [Metrics] AUC:0.848 F1:0.837 SENS:0.857 SPEC:0.810 | COMPOSITE:0.8427 EMA:0.8286
    ★ SAVED DUAL-PASS (SENS=0.857≥0.8 SPEC=0.810≥0.5 | comp=0.8427)
[mae-tiny | fold 4 | epoch 042] train=0.2005 val_loss=0.1965 auc=0.8821 thr=0.414
  [Metrics] AUC:0.882 F1:0.818 SENS:0.857 SPEC:0.762 | COMPOSITE:0.8394 EMA:0.8318
    ★ SAVED DUAL-PASS (SENS=0.857≥0.8 SPEC=0.762≥0.5 | comp=0.8394)
[mae-tiny | fold 4 | epoch 043] train=0.1937 val_loss=0.1582 auc=0.8866 thr=0.481
  [Metrics] AUC:0.887 F1:0.792 SENS:0.905 SPEC:0.619 | COMPOSITE:0.8291 EMA:0.8310
[mae-tiny | fold 4 | epoch 044] train=0.1949 val_loss=0.1902 auc=0.8345 thr=0.628
  [Metrics] AUC:0.834 F1:0.829 SENS:0.810 SPEC:0.857 | COMPOSITE:0.8278 EMA:0.8301
[mae-tiny | fold 4 | epoch 045] train=0.1992 val_loss=0.1755 auc=0.8526 thr=0.492
  [Metrics] AUC:0.853 F1:0.800 SENS:0.857 SPEC:0.714 | COMPOSITE:0.8203 EMA:0.8271
[mae-tiny | fold 4 | epoch 046] train=0.1859 val_loss=0.1631 auc=0.8639 thr=0.559
  [Metrics] AUC:0.864 F1:0.829 SENS:0.810 SPEC:0.857 | COMPOSITE:0.8352 EMA:0.8296
[mae-tiny | fold 4 | epoch 047] train=0.1786 val_loss=0.1579 auc=0.8639 thr=0.503
  [Metrics] AUC:0.864 F1:0.818 SENS:0.857 SPEC:0.762 | COMPOSITE:0.8348 EMA:0.8311
[mae-tiny | fold 4 | epoch 048] train=0.1796 val_loss=0.1937 auc=0.7438 thr=0.431
  [Metrics] AUC:0.744 F1:0.667 SENS:0.810 SPEC:0.381 | COMPOSITE:0.6931 EMA:0.1897
[mae-tiny | fold 4 | epoch 049] train=0.1815 val_loss=0.1570 auc=0.8503 thr=0.542
  [Metrics] AUC:0.850 F1:0.783 SENS:0.857 SPEC:0.667 | COMPOSITE:0.8082 EMA:0.3753
[mae-tiny | fold 4 | epoch 050] train=0.1785 val_loss=0.1577 auc=0.8481 thr=0.524
  [Metrics] AUC:0.848 F1:0.818 SENS:0.857 SPEC:0.762 | COMPOSITE:0.8308 EMA:0.5119
[mae-tiny | fold 4 | epoch 051] train=0.1816 val_loss=0.1677 auc=0.8027 thr=0.554
  [Metrics] AUC:0.803 F1:0.773 SENS:0.810 SPEC:0.714 | COMPOSITE:0.7843 EMA:0.5937
[mae-tiny | fold 4 | epoch 052] train=0.1797 val_loss=0.1624 auc=0.8390 thr=0.477
  [Metrics] AUC:0.839 F1:0.783 SENS:0.857 SPEC:0.667 | COMPOSITE:0.8054 EMA:0.6572
[mae-tiny | fold 4 | epoch 053] train=0.1767 val_loss=0.1577 auc=0.8299 thr=0.413
  [Metrics] AUC:0.830 F1:0.760 SENS:0.905 SPEC:0.524 | COMPOSITE:0.7927 EMA:0.6978
[mae-tiny | fold 4 | epoch 054] train=0.1705 val_loss=0.1574 auc=0.8549 thr=0.551
  [Metrics] AUC:0.855 F1:0.809 SENS:0.905 SPEC:0.667 | COMPOSITE:0.8325 EMA:0.7382
[mae-tiny | fold 4 | epoch 055] train=0.1831 val_loss=0.1534 auc=0.8639 thr=0.525
  [Metrics] AUC:0.864 F1:0.809 SENS:0.905 SPEC:0.667 | COMPOSITE:0.8348 EMA:0.7672
[mae-tiny | fold 4 | epoch 056] train=0.1693 val_loss=0.1979 auc=0.8254 thr=0.394
  [Metrics] AUC:0.825 F1:0.783 SENS:0.857 SPEC:0.667 | COMPOSITE:0.8020 EMA:0.7776
[mae-tiny | fold 4 | epoch 057] train=0.1686 val_loss=0.1671 auc=0.8413 thr=0.458
  [Metrics] AUC:0.841 F1:0.783 SENS:0.857 SPEC:0.667 | COMPOSITE:0.8060 EMA:0.7861
[mae-tiny | fold 4 | epoch 058] train=0.1709 val_loss=0.1566 auc=0.8821 thr=0.388
  [Metrics] AUC:0.882 F1:0.792 SENS:0.905 SPEC:0.619 | COMPOSITE:0.8280 EMA:0.7987
[mae-tiny | fold 4 | epoch 059] train=0.1777 val_loss=0.1576 auc=0.8458 thr=0.471
  [Metrics] AUC:0.846 F1:0.792 SENS:0.905 SPEC:0.619 | COMPOSITE:0.8189 EMA:0.8047
[mae-tiny | fold 4 | epoch 060] train=0.1915 val_loss=0.1808 auc=0.8209 thr=0.584
  [Metrics] AUC:0.821 F1:0.773 SENS:0.810 SPEC:0.714 | COMPOSITE:0.7889 EMA:0.8000
[mae-tiny | fold 4 | epoch 061] train=0.1773 val_loss=0.1546 auc=0.8957 thr=0.438
  [Metrics] AUC:0.896 F1:0.826 SENS:0.905 SPEC:0.714 | COMPOSITE:0.8543 EMA:0.8163
[mae-tiny | fold 4 | epoch 062] train=0.1746 val_loss=0.1613 auc=0.8571 thr=0.527
  [Metrics] AUC:0.857 F1:0.783 SENS:0.857 SPEC:0.667 | COMPOSITE:0.8099 EMA:0.8144
[mae-tiny | fold 4 | epoch 063] train=0.1546 val_loss=0.1614 auc=0.8390 thr=0.437
  [Metrics] AUC:0.839 F1:0.773 SENS:0.810 SPEC:0.714 | COMPOSITE:0.7934 EMA:0.8081
[mae-tiny | fold 4 | epoch 064] train=0.1539 val_loss=0.1694 auc=0.8594 thr=0.401
  [Metrics] AUC:0.859 F1:0.773 SENS:0.810 SPEC:0.714 | COMPOSITE:0.7985 EMA:0.8052
[mae-tiny | fold 4 | epoch 065] train=0.1777 val_loss=0.1784 auc=0.8617 thr=0.575
  [Metrics] AUC:0.862 F1:0.773 SENS:0.810 SPEC:0.714 | COMPOSITE:0.7991 EMA:0.8034
[mae-tiny | fold 4 | epoch 066] train=0.1717 val_loss=0.1826 auc=0.8413 thr=0.492
  [Metrics] AUC:0.841 F1:0.783 SENS:0.857 SPEC:0.667 | COMPOSITE:0.8060 EMA:0.8041
[mae-tiny | fold 4 | epoch 067] train=0.1558 val_loss=0.1762 auc=0.8367 thr=0.391
  [Metrics] AUC:0.837 F1:0.800 SENS:0.857 SPEC:0.714 | COMPOSITE:0.8163 EMA:0.8078
[mae-tiny | fold 4 | epoch 068] train=0.1316 val_loss=0.2052 auc=0.8209 thr=0.554
  [Metrics] AUC:0.821 F1:0.800 SENS:0.857 SPEC:0.714 | COMPOSITE:0.8124 EMA:0.8092
[mae-tiny | fold 4 | epoch 069] train=0.1575 val_loss=0.1831 auc=0.8594 thr=0.388
  [Metrics] AUC:0.859 F1:0.818 SENS:0.857 SPEC:0.762 | COMPOSITE:0.8337 EMA:0.8165
[mae-tiny | fold 4 | epoch 070] train=0.1604 val_loss=0.2066 auc=0.8073 thr=0.617
  [Metrics] AUC:0.807 F1:0.791 SENS:0.810 SPEC:0.762 | COMPOSITE:0.7971 EMA:0.8107
  Early stopping @ epoch 70 (best EMA score=0.8318)
  SWA model finalize ediliyor...
  SWA val COMPOSITE: 0.7971 | Best EMA COMPOSITE: 0.8318

=================================================================
  MAE-Tiny Fold 4  |  Threshold: Youden 0.448
=================================================================
  Metrik                Değer                   95% CI
  -------------------------------------------------------
  AUC-ROC               0.882          [0.769 - 0.968]
  AUC-PR                0.904                        -
  Sensitivity           0.762          [0.562 - 0.944]
  Specificity           0.905          [0.750 - 1.000]
  PPV                   0.889          [0.714 - 1.000]
  NPV                   0.792          [0.619 - 0.952]
  Accuracy              0.833          [0.714 - 0.952]
  F1-Score              0.821          [0.667 - 0.936]
  Composite             0.828                        -

  CM: TP=16 FP=2 FN=5 TN=19
  Toplam Hata: 7/42
=================================================================

======================================================================
FOLD 5/5
======================================================================
  Fold 5: MAE pretrained encoder yüklendi.
[mae-tiny | fold 5 | epoch 001] train=0.2574 val_loss=0.2553 auc=0.2000 thr=0.448
  [Metrics] AUC:0.200 F1:0.571 SENS:0.800 SPEC:0.048 | COMPOSITE:0.4800 EMA:-1.5200
[mae-tiny | fold 5 | epoch 002] train=0.2197 val_loss=0.2329 auc=0.2429 thr=0.578
  [Metrics] AUC:0.243 F1:0.667 SENS:1.000 SPEC:0.048 | COMPOSITE:0.5845 EMA:-1.4886
[mae-tiny | fold 5 | epoch 003] train=0.2252 val_loss=0.2035 auc=0.7810 thr=0.489
  [Metrics] AUC:0.781 F1:0.723 SENS:0.850 SPEC:0.524 | COMPOSITE:0.7522 EMA:-0.8164
    ★ SAVED DUAL-PASS (SENS=0.850≥0.8 SPEC=0.524≥0.5 | comp=0.7522)
[mae-tiny | fold 5 | epoch 004] train=0.2189 val_loss=0.1969 auc=0.7905 thr=0.524
  [Metrics] AUC:0.790 F1:0.711 SENS:0.800 SPEC:0.571 | COMPOSITE:0.7411 EMA:-0.3491
    ★ SAVED DUAL-PASS (SENS=0.800≥0.8 SPEC=0.571≥0.5 | comp=0.7411)
[mae-tiny | fold 5 | epoch 005] train=0.2182 val_loss=0.1942 auc=0.8000 thr=0.524
  [Metrics] AUC:0.800 F1:0.696 SENS:0.800 SPEC:0.524 | COMPOSITE:0.7325 EMA:-0.0247
    ★ SAVED DUAL-PASS (SENS=0.800≥0.8 SPEC=0.524≥0.5 | comp=0.7325)
[mae-tiny | fold 5 | epoch 006] train=0.2091 val_loss=0.2082 auc=0.7071 thr=0.516
  [Metrics] AUC:0.707 F1:0.696 SENS:0.800 SPEC:0.524 | COMPOSITE:0.7093 EMA:0.1955
    ★ SAVED DUAL-PASS (SENS=0.800≥0.8 SPEC=0.524≥0.5 | comp=0.7093)
[mae-tiny | fold 5 | epoch 007] train=0.2213 val_loss=0.2026 auc=0.7619 thr=0.526
  [Metrics] AUC:0.762 F1:0.711 SENS:0.800 SPEC:0.571 | COMPOSITE:0.7340 EMA:0.3571
    ★ SAVED DUAL-PASS (SENS=0.800≥0.8 SPEC=0.571≥0.5 | comp=0.7340)
[mae-tiny | fold 5 | epoch 008] train=0.2124 val_loss=0.1996 auc=0.7643 thr=0.549
  [Metrics] AUC:0.764 F1:0.727 SENS:0.800 SPEC:0.619 | COMPOSITE:0.7457 EMA:0.4737
    ★ SAVED DUAL-PASS (SENS=0.800≥0.8 SPEC=0.619≥0.5 | comp=0.7457)
[mae-tiny | fold 5 | epoch 009] train=0.2097 val_loss=0.2089 auc=0.7143 thr=0.542
  [Metrics] AUC:0.714 F1:0.640 SENS:0.800 SPEC:0.333 | COMPOSITE:0.6686 EMA:-0.0679
[mae-tiny | fold 5 | epoch 010] train=0.2086 val_loss=0.1946 auc=0.7929 thr=0.542
  [Metrics] AUC:0.793 F1:0.739 SENS:0.850 SPEC:0.571 | COMPOSITE:0.7662 EMA:0.1824
[mae-tiny | fold 5 | epoch 011] train=0.2124 val_loss=0.1978 auc=0.8048 thr=0.499
  [Metrics] AUC:0.805 F1:0.780 SENS:0.800 SPEC:0.762 | COMPOSITE:0.7906 EMA:0.3648
[mae-tiny | fold 5 | epoch 012] train=0.2120 val_loss=0.1953 auc=0.8048 thr=0.495
  [Metrics] AUC:0.805 F1:0.756 SENS:0.850 SPEC:0.619 | COMPOSITE:0.7804 EMA:0.4895
    ★ SAVED DUAL-PASS (SENS=0.850≥0.8 SPEC=0.619≥0.5 | comp=0.7804)
[mae-tiny | fold 5 | epoch 013] train=0.2114 val_loss=0.2225 auc=0.5500 thr=0.475
  [Metrics] AUC:0.550 F1:0.615 SENS:0.800 SPEC:0.238 | COMPOSITE:0.6071 EMA:-0.0752
[mae-tiny | fold 5 | epoch 014] train=0.2267 val_loss=0.2051 auc=0.7786 thr=0.561
  [Metrics] AUC:0.779 F1:0.762 SENS:0.800 SPEC:0.714 | COMPOSITE:0.7723 EMA:0.1790
[mae-tiny | fold 5 | epoch 015] train=0.2117 val_loss=0.1905 auc=0.8381 thr=0.581
  [Metrics] AUC:0.838 F1:0.739 SENS:0.850 SPEC:0.571 | COMPOSITE:0.7775 EMA:0.3586
[mae-tiny | fold 5 | epoch 016] train=0.2324 val_loss=0.2174 auc=0.6857 thr=0.497
  [Metrics] AUC:0.686 F1:0.653 SENS:0.800 SPEC:0.381 | COMPOSITE:0.6718 EMA:-0.1474
[mae-tiny | fold 5 | epoch 017] train=0.2144 val_loss=0.2078 auc=0.7286 thr=0.517
  [Metrics] AUC:0.729 F1:0.667 SENS:0.800 SPEC:0.429 | COMPOSITE:0.6931 EMA:-0.4953
[mae-tiny | fold 5 | epoch 018] train=0.2073 val_loss=0.1933 auc=0.8143 thr=0.558
  [Metrics] AUC:0.814 F1:0.783 SENS:0.900 SPEC:0.619 | COMPOSITE:0.8071 EMA:-0.1046
[mae-tiny | fold 5 | epoch 019] train=0.2138 val_loss=0.2014 auc=0.7690 thr=0.545
  [Metrics] AUC:0.769 F1:0.762 SENS:0.800 SPEC:0.714 | COMPOSITE:0.7699 EMA:0.1578
[mae-tiny | fold 5 | epoch 020] train=0.2190 val_loss=0.2147 auc=0.8262 thr=0.459
  [Metrics] AUC:0.826 F1:0.773 SENS:0.850 SPEC:0.667 | COMPOSITE:0.7972 EMA:0.3496
[mae-tiny | fold 5 | epoch 021] train=0.2046 val_loss=0.1940 auc=0.8333 thr=0.541
  [Metrics] AUC:0.833 F1:0.791 SENS:0.850 SPEC:0.714 | COMPOSITE:0.8107 EMA:0.4879
[mae-tiny | fold 5 | epoch 022] train=0.2011 val_loss=0.1948 auc=0.7905 thr=0.526
  [Metrics] AUC:0.790 F1:0.762 SENS:0.800 SPEC:0.714 | COMPOSITE:0.7752 EMA:0.5741
    ★ SAVED DUAL-PASS (SENS=0.800≥0.8 SPEC=0.714≥0.5 | comp=0.7752)
[mae-tiny | fold 5 | epoch 023] train=0.2079 val_loss=0.2086 auc=0.7000 thr=0.487
  [Metrics] AUC:0.700 F1:0.667 SENS:0.800 SPEC:0.429 | COMPOSITE:0.6860 EMA:0.0077
[mae-tiny | fold 5 | epoch 024] train=0.2083 val_loss=0.2232 auc=0.7595 thr=0.620
  [Metrics] AUC:0.760 F1:0.744 SENS:0.800 SPEC:0.667 | COMPOSITE:0.7559 EMA:0.2321
[mae-tiny | fold 5 | epoch 025] train=0.2031 val_loss=0.2388 auc=0.8286 thr=0.422
  [Metrics] AUC:0.829 F1:0.766 SENS:0.900 SPEC:0.571 | COMPOSITE:0.7993 EMA:0.4023
[mae-tiny | fold 5 | epoch 026] train=0.2099 val_loss=0.2114 auc=0.7738 thr=0.583
  [Metrics] AUC:0.774 F1:0.727 SENS:0.800 SPEC:0.619 | COMPOSITE:0.7481 EMA:0.5061
[mae-tiny | fold 5 | epoch 027] train=0.2032 val_loss=0.2040 auc=0.8167 thr=0.482
  [Metrics] AUC:0.817 F1:0.739 SENS:0.850 SPEC:0.571 | COMPOSITE:0.7722 EMA:0.5859
    ★ SAVED DUAL-PASS (SENS=0.850≥0.8 SPEC=0.571≥0.5 | comp=0.7722)
[mae-tiny | fold 5 | epoch 028] train=0.1968 val_loss=0.2087 auc=0.8071 thr=0.612
  [Metrics] AUC:0.807 F1:0.744 SENS:0.800 SPEC:0.667 | COMPOSITE:0.7678 EMA:0.6405
    ★ SAVED DUAL-PASS (SENS=0.800≥0.8 SPEC=0.667≥0.5 | comp=0.7678)
[mae-tiny | fold 5 | epoch 029] train=0.2072 val_loss=0.2503 auc=0.8310 thr=0.374
  [Metrics] AUC:0.831 F1:0.783 SENS:0.900 SPEC:0.619 | COMPOSITE:0.8112 EMA:0.6917
    ★ SAVED DUAL-PASS (SENS=0.900≥0.8 SPEC=0.619≥0.5 | comp=0.8112)
[mae-tiny | fold 5 | epoch 030] train=0.2277 val_loss=0.2057 auc=0.7929 thr=0.520
  [Metrics] AUC:0.793 F1:0.723 SENS:0.850 SPEC:0.524 | COMPOSITE:0.7551 EMA:0.7107
    ★ SAVED DUAL-PASS (SENS=0.850≥0.8 SPEC=0.524≥0.5 | comp=0.7551)
[mae-tiny | fold 5 | epoch 031] train=0.2106 val_loss=0.1969 auc=0.7976 thr=0.540
  [Metrics] AUC:0.798 F1:0.711 SENS:0.800 SPEC:0.571 | COMPOSITE:0.7429 EMA:0.7204
    ★ SAVED DUAL-PASS (SENS=0.800≥0.8 SPEC=0.571≥0.5 | comp=0.7429)
[mae-tiny | fold 5 | epoch 032] train=0.2078 val_loss=0.1980 auc=0.8143 thr=0.521
  [Metrics] AUC:0.814 F1:0.791 SENS:0.850 SPEC:0.714 | COMPOSITE:0.8059 EMA:0.7460
    ★ SAVED DUAL-PASS (SENS=0.850≥0.8 SPEC=0.714≥0.5 | comp=0.8059)
[mae-tiny | fold 5 | epoch 033] train=0.1998 val_loss=0.1969 auc=0.7810 thr=0.494
  [Metrics] AUC:0.781 F1:0.711 SENS:0.800 SPEC:0.571 | COMPOSITE:0.7387 EMA:0.7438
[mae-tiny | fold 5 | epoch 034] train=0.1954 val_loss=0.1973 auc=0.7857 thr=0.545
  [Metrics] AUC:0.786 F1:0.756 SENS:0.850 SPEC:0.619 | COMPOSITE:0.7757 EMA:0.7534
    ★ SAVED DUAL-PASS (SENS=0.850≥0.8 SPEC=0.619≥0.5 | comp=0.7757)
[mae-tiny | fold 5 | epoch 035] train=0.1971 val_loss=0.1974 auc=0.7857 thr=0.506
  [Metrics] AUC:0.786 F1:0.762 SENS:0.800 SPEC:0.714 | COMPOSITE:0.7740 EMA:0.7596
    ★ SAVED DUAL-PASS (SENS=0.800≥0.8 SPEC=0.714≥0.5 | comp=0.7740)
[mae-tiny | fold 5 | epoch 036] train=0.1989 val_loss=0.2404 auc=0.6905 thr=0.602
  [Metrics] AUC:0.690 F1:0.680 SENS:0.850 SPEC:0.381 | COMPOSITE:0.6973 EMA:0.1409
[mae-tiny | fold 5 | epoch 037] train=0.2023 val_loss=0.1944 auc=0.8310 thr=0.475
  [Metrics] AUC:0.831 F1:0.783 SENS:0.900 SPEC:0.619 | COMPOSITE:0.8112 EMA:0.3420
[mae-tiny | fold 5 | epoch 038] train=0.1961 val_loss=0.1919 auc=0.8357 thr=0.492
  [Metrics] AUC:0.836 F1:0.810 SENS:0.850 SPEC:0.762 | COMPOSITE:0.8231 EMA:0.4863
[mae-tiny | fold 5 | epoch 039] train=0.1897 val_loss=0.1783 auc=0.8381 thr=0.521
  [Metrics] AUC:0.838 F1:0.800 SENS:0.900 SPEC:0.667 | COMPOSITE:0.8245 EMA:0.5878
[mae-tiny | fold 5 | epoch 040] train=0.2002 val_loss=0.2149 auc=0.7357 thr=0.562
  [Metrics] AUC:0.736 F1:0.735 SENS:0.900 SPEC:0.476 | COMPOSITE:0.7540 EMA:0.0377
[mae-tiny | fold 5 | epoch 041] train=0.1773 val_loss=0.1922 auc=0.7762 thr=0.595
  [Metrics] AUC:0.776 F1:0.773 SENS:0.850 SPEC:0.667 | COMPOSITE:0.7847 EMA:0.2618
[mae-tiny | fold 5 | epoch 042] train=0.1847 val_loss=0.1963 auc=0.7762 thr=0.505
  [Metrics] AUC:0.776 F1:0.773 SENS:0.850 SPEC:0.667 | COMPOSITE:0.7847 EMA:0.4187
[mae-tiny | fold 5 | epoch 043] train=0.1977 val_loss=0.1769 auc=0.8310 thr=0.509
  [Metrics] AUC:0.831 F1:0.810 SENS:0.850 SPEC:0.762 | COMPOSITE:0.8219 EMA:0.5396
[mae-tiny | fold 5 | epoch 044] train=0.1832 val_loss=0.2061 auc=0.7167 thr=0.531
  [Metrics] AUC:0.717 F1:0.708 SENS:0.850 SPEC:0.476 | COMPOSITE:0.7252 EMA:-0.0047
[mae-tiny | fold 5 | epoch 045] train=0.1937 val_loss=0.1629 auc=0.8786 thr=0.500
  [Metrics] AUC:0.879 F1:0.844 SENS:0.950 SPEC:0.714 | COMPOSITE:0.8704 EMA:0.2578
[mae-tiny | fold 5 | epoch 046] train=0.1860 val_loss=0.1833 auc=0.8167 thr=0.507
  [Metrics] AUC:0.817 F1:0.837 SENS:0.900 SPEC:0.762 | COMPOSITE:0.8428 EMA:0.4333
[mae-tiny | fold 5 | epoch 047] train=0.1758 val_loss=0.1974 auc=0.7524 thr=0.523
  [Metrics] AUC:0.752 F1:0.739 SENS:0.850 SPEC:0.571 | COMPOSITE:0.7561 EMA:0.5301
[mae-tiny | fold 5 | epoch 048] train=0.1909 val_loss=0.2180 auc=0.7500 thr=0.598
  [Metrics] AUC:0.750 F1:0.750 SENS:0.900 SPEC:0.524 | COMPOSITE:0.7686 EMA:0.6017
[mae-tiny | fold 5 | epoch 049] train=0.1624 val_loss=0.1833 auc=0.7976 thr=0.554
  [Metrics] AUC:0.798 F1:0.810 SENS:0.850 SPEC:0.762 | COMPOSITE:0.8136 EMA:0.6652
[mae-tiny | fold 5 | epoch 050] train=0.1897 val_loss=0.1651 auc=0.8619 thr=0.479
  [Metrics] AUC:0.862 F1:0.857 SENS:0.900 SPEC:0.810 | COMPOSITE:0.8662 EMA:0.7255
[mae-tiny | fold 5 | epoch 051] train=0.1956 val_loss=0.1798 auc=0.8429 thr=0.490
  [Metrics] AUC:0.843 F1:0.826 SENS:0.950 SPEC:0.667 | COMPOSITE:0.8497 EMA:0.7628
    ★ SAVED DUAL-PASS (SENS=0.950≥0.8 SPEC=0.667≥0.5 | comp=0.8497)
[mae-tiny | fold 5 | epoch 052] train=0.1914 val_loss=0.1770 auc=0.8643 thr=0.554
  [Metrics] AUC:0.864 F1:0.844 SENS:0.950 SPEC:0.714 | COMPOSITE:0.8668 EMA:0.7940
    ★ SAVED DUAL-PASS (SENS=0.950≥0.8 SPEC=0.714≥0.5 | comp=0.8668)
[mae-tiny | fold 5 | epoch 053] train=0.1765 val_loss=0.1759 auc=0.8286 thr=0.535
  [Metrics] AUC:0.829 F1:0.818 SENS:0.900 SPEC:0.714 | COMPOSITE:0.8338 EMA:0.8059
    ★ SAVED DUAL-PASS (SENS=0.900≥0.8 SPEC=0.714≥0.5 | comp=0.8338)
[mae-tiny | fold 5 | epoch 054] train=0.1759 val_loss=0.2636 auc=0.7524 thr=0.688
  [Metrics] AUC:0.752 F1:0.744 SENS:0.800 SPEC:0.667 | COMPOSITE:0.7541 EMA:0.7904
[mae-tiny | fold 5 | epoch 055] train=0.1724 val_loss=0.1779 auc=0.8476 thr=0.473
  [Metrics] AUC:0.848 F1:0.837 SENS:0.900 SPEC:0.762 | COMPOSITE:0.8505 EMA:0.8084
    ★ SAVED DUAL-PASS (SENS=0.900≥0.8 SPEC=0.762≥0.5 | comp=0.8505)
[mae-tiny | fold 5 | epoch 056] train=0.1837 val_loss=0.1918 auc=0.7810 thr=0.609
  [Metrics] AUC:0.781 F1:0.762 SENS:0.800 SPEC:0.714 | COMPOSITE:0.7729 EMA:0.7978
[mae-tiny | fold 5 | epoch 057] train=0.1707 val_loss=0.1997 auc=0.7690 thr=0.592
  [Metrics] AUC:0.769 F1:0.762 SENS:0.800 SPEC:0.714 | COMPOSITE:0.7699 EMA:0.7894
[mae-tiny | fold 5 | epoch 058] train=0.1861 val_loss=0.1610 auc=0.8690 thr=0.474
  [Metrics] AUC:0.869 F1:0.826 SENS:0.950 SPEC:0.667 | COMPOSITE:0.8563 EMA:0.8095
    ★ SAVED DUAL-PASS (SENS=0.950≥0.8 SPEC=0.667≥0.5 | comp=0.8563)
[mae-tiny | fold 5 | epoch 059] train=0.1645 val_loss=0.1957 auc=0.8381 thr=0.581
  [Metrics] AUC:0.838 F1:0.783 SENS:0.900 SPEC:0.619 | COMPOSITE:0.8130 EMA:0.8105
    ★ SAVED DUAL-PASS (SENS=0.900≥0.8 SPEC=0.619≥0.5 | comp=0.8130)
[mae-tiny | fold 5 | epoch 060] train=0.1799 val_loss=0.1684 auc=0.8286 thr=0.520
  [Metrics] AUC:0.829 F1:0.783 SENS:0.900 SPEC:0.619 | COMPOSITE:0.8107 EMA:0.8106
    ★ SAVED DUAL-PASS (SENS=0.900≥0.8 SPEC=0.619≥0.5 | comp=0.8107)
[mae-tiny | fold 5 | epoch 061] train=0.1591 val_loss=0.1751 auc=0.8071 thr=0.601
  [Metrics] AUC:0.807 F1:0.780 SENS:0.800 SPEC:0.762 | COMPOSITE:0.7912 EMA:0.8048
[mae-tiny | fold 5 | epoch 062] train=0.1517 val_loss=0.1651 auc=0.8381 thr=0.477
  [Metrics] AUC:0.838 F1:0.818 SENS:0.900 SPEC:0.714 | COMPOSITE:0.8362 EMA:0.8142
    ★ SAVED DUAL-PASS (SENS=0.900≥0.8 SPEC=0.714≥0.5 | comp=0.8362)
[mae-tiny | fold 5 | epoch 063] train=0.1858 val_loss=0.1711 auc=0.8357 thr=0.542
  [Metrics] AUC:0.836 F1:0.837 SENS:0.900 SPEC:0.762 | COMPOSITE:0.8475 EMA:0.8242
    ★ SAVED DUAL-PASS (SENS=0.900≥0.8 SPEC=0.762≥0.5 | comp=0.8475)
[mae-tiny | fold 5 | epoch 064] train=0.1744 val_loss=0.1783 auc=0.8000 thr=0.604
  [Metrics] AUC:0.800 F1:0.780 SENS:0.800 SPEC:0.762 | COMPOSITE:0.7894 EMA:0.8138
[mae-tiny | fold 5 | epoch 065] train=0.1613 val_loss=0.1603 auc=0.8357 thr=0.493
  [Metrics] AUC:0.836 F1:0.800 SENS:0.900 SPEC:0.667 | COMPOSITE:0.8239 EMA:0.8168
[mae-tiny | fold 5 | epoch 066] train=0.1673 val_loss=0.1492 auc=0.8738 thr=0.496
  [Metrics] AUC:0.874 F1:0.857 SENS:0.900 SPEC:0.810 | COMPOSITE:0.8692 EMA:0.8325
    ★ SAVED DUAL-PASS (SENS=0.900≥0.8 SPEC=0.810≥0.5 | comp=0.8692)
[mae-tiny | fold 5 | epoch 067] train=0.1469 val_loss=0.1793 auc=0.8048 thr=0.635
  [Metrics] AUC:0.805 F1:0.780 SENS:0.800 SPEC:0.762 | COMPOSITE:0.7906 EMA:0.8199
[mae-tiny | fold 5 | epoch 068] train=0.1614 val_loss=0.1766 auc=0.8000 thr=0.506
  [Metrics] AUC:0.800 F1:0.766 SENS:0.900 SPEC:0.571 | COMPOSITE:0.7922 EMA:0.8116
[mae-tiny | fold 5 | epoch 069] train=0.1527 val_loss=0.1781 auc=0.7881 thr=0.515
  [Metrics] AUC:0.788 F1:0.727 SENS:0.800 SPEC:0.619 | COMPOSITE:0.7517 EMA:0.7936
[mae-tiny | fold 5 | epoch 070] train=0.1552 val_loss=0.2040 auc=0.8238 thr=0.549
  [Metrics] AUC:0.824 F1:0.776 SENS:0.950 SPEC:0.524 | COMPOSITE:0.8109 EMA:0.7988
[mae-tiny | fold 5 | epoch 071] train=0.1511 val_loss=0.1788 auc=0.7929 thr=0.488
  [Metrics] AUC:0.793 F1:0.744 SENS:0.800 SPEC:0.667 | COMPOSITE:0.7643 EMA:0.7885
[mae-tiny | fold 5 | epoch 072] train=0.1590 val_loss=0.1630 auc=0.8452 thr=0.505
  [Metrics] AUC:0.845 F1:0.809 SENS:0.950 SPEC:0.619 | COMPOSITE:0.8388 EMA:0.8036
[mae-tiny | fold 5 | epoch 073] train=0.1444 val_loss=0.1922 auc=0.8548 thr=0.569
  [Metrics] AUC:0.855 F1:0.809 SENS:0.950 SPEC:0.619 | COMPOSITE:0.8412 EMA:0.8148
[mae-tiny | fold 5 | epoch 074] train=0.1387 val_loss=0.1443 auc=0.8714 thr=0.466
  [Metrics] AUC:0.871 F1:0.809 SENS:0.950 SPEC:0.619 | COMPOSITE:0.8453 EMA:0.8240
[mae-tiny | fold 5 | epoch 075] train=0.1400 val_loss=0.1605 auc=0.8524 thr=0.454
  [Metrics] AUC:0.852 F1:0.809 SENS:0.950 SPEC:0.619 | COMPOSITE:0.8406 EMA:0.8290
[mae-tiny | fold 5 | epoch 076] train=0.1261 val_loss=0.1700 auc=0.8738 thr=0.498
  [Metrics] AUC:0.874 F1:0.809 SENS:0.950 SPEC:0.619 | COMPOSITE:0.8459 EMA:0.8341
    ★ SAVED DUAL-PASS (SENS=0.950≥0.8 SPEC=0.619≥0.5 | comp=0.8459)
[mae-tiny | fold 5 | epoch 077] train=0.1181 val_loss=0.1526 auc=0.8833 thr=0.460
  [Metrics] AUC:0.883 F1:0.844 SENS:0.950 SPEC:0.714 | COMPOSITE:0.8716 EMA:0.8453
    ★ SAVED DUAL-PASS (SENS=0.950≥0.8 SPEC=0.714≥0.5 | comp=0.8716)
[mae-tiny | fold 5 | epoch 078] train=0.1344 val_loss=0.2028 auc=0.8333 thr=0.485
  [Metrics] AUC:0.833 F1:0.783 SENS:0.900 SPEC:0.619 | COMPOSITE:0.8118 EMA:0.8353
[mae-tiny | fold 5 | epoch 079] train=0.1470 val_loss=0.1694 auc=0.8524 thr=0.440
  [Metrics] AUC:0.852 F1:0.809 SENS:0.950 SPEC:0.619 | COMPOSITE:0.8406 EMA:0.8369
[mae-tiny | fold 5 | epoch 080] train=0.1411 val_loss=0.1723 auc=0.8524 thr=0.446
  [Metrics] AUC:0.852 F1:0.809 SENS:0.950 SPEC:0.619 | COMPOSITE:0.8406 EMA:0.8380
[mae-tiny | fold 5 | epoch 081] train=0.1347 val_loss=0.1945 auc=0.8333 thr=0.651
  [Metrics] AUC:0.833 F1:0.780 SENS:0.800 SPEC:0.762 | COMPOSITE:0.7977 EMA:0.8259
[mae-tiny | fold 5 | epoch 082] train=0.1167 val_loss=0.1764 auc=0.8452 thr=0.630
  [Metrics] AUC:0.845 F1:0.780 SENS:0.800 SPEC:0.762 | COMPOSITE:0.8007 EMA:0.8184
[mae-tiny | fold 5 | epoch 083] train=0.1349 val_loss=0.1819 auc=0.8500 thr=0.473
  [Metrics] AUC:0.850 F1:0.776 SENS:0.950 SPEC:0.524 | COMPOSITE:0.8174 EMA:0.8181
[mae-tiny | fold 5 | epoch 084] train=0.1368 val_loss=0.1670 auc=0.8690 thr=0.490
  [Metrics] AUC:0.869 F1:0.809 SENS:0.950 SPEC:0.619 | COMPOSITE:0.8447 EMA:0.8261
[mae-tiny | fold 5 | epoch 085] train=0.1077 val_loss=0.2337 auc=0.8071 thr=0.533
  [Metrics] AUC:0.807 F1:0.750 SENS:0.900 SPEC:0.524 | COMPOSITE:0.7829 EMA:0.8131
[mae-tiny | fold 5 | epoch 086] train=0.1328 val_loss=0.1843 auc=0.8429 thr=0.630
  [Metrics] AUC:0.843 F1:0.800 SENS:0.800 SPEC:0.810 | COMPOSITE:0.8121 EMA:0.8128
[mae-tiny | fold 5 | epoch 087] train=0.1189 val_loss=0.2080 auc=0.8452 thr=0.505
  [Metrics] AUC:0.845 F1:0.809 SENS:0.950 SPEC:0.619 | COMPOSITE:0.8388 EMA:0.8206
[mae-tiny | fold 5 | epoch 088] train=0.1079 val_loss=0.1734 auc=0.8500 thr=0.465
  [Metrics] AUC:0.850 F1:0.844 SENS:0.950 SPEC:0.714 | COMPOSITE:0.8633 EMA:0.8334
[mae-tiny | fold 5 | epoch 089] train=0.1581 val_loss=0.1923 auc=0.8262 thr=0.600
  [Metrics] AUC:0.826 F1:0.800 SENS:0.800 SPEC:0.810 | COMPOSITE:0.8080 EMA:0.8258
[mae-tiny | fold 5 | epoch 090] train=0.1408 val_loss=0.2542 auc=0.7810 thr=0.620
  [Metrics] AUC:0.781 F1:0.727 SENS:0.800 SPEC:0.619 | COMPOSITE:0.7499 EMA:0.8030
[mae-tiny | fold 5 | epoch 091] train=0.1166 val_loss=0.1884 auc=0.8381 thr=0.612
  [Metrics] AUC:0.838 F1:0.800 SENS:0.800 SPEC:0.810 | COMPOSITE:0.8110 EMA:0.8054
[mae-tiny | fold 5 | epoch 092] train=0.1217 val_loss=0.1960 auc=0.8333 thr=0.483
  [Metrics] AUC:0.833 F1:0.792 SENS:0.950 SPEC:0.571 | COMPOSITE:0.8245 EMA:0.8111
[mae-tiny | fold 5 | epoch 093] train=0.1310 val_loss=0.2046 auc=0.8119 thr=0.583
  [Metrics] AUC:0.812 F1:0.780 SENS:0.800 SPEC:0.762 | COMPOSITE:0.7924 EMA:0.8055
[mae-tiny | fold 5 | epoch 094] train=0.1461 val_loss=0.1836 auc=0.8452 thr=0.446
  [Metrics] AUC:0.845 F1:0.809 SENS:0.950 SPEC:0.619 | COMPOSITE:0.8388 EMA:0.8155
[mae-tiny | fold 5 | epoch 095] train=0.1271 val_loss=0.1959 auc=0.8167 thr=0.453
  [Metrics] AUC:0.817 F1:0.792 SENS:0.950 SPEC:0.571 | COMPOSITE:0.8203 EMA:0.8169
[mae-tiny | fold 5 | epoch 096] train=0.1336 val_loss=0.1685 auc=0.8571 thr=0.449
  [Metrics] AUC:0.857 F1:0.826 SENS:0.950 SPEC:0.667 | COMPOSITE:0.8533 EMA:0.8278
[mae-tiny | fold 5 | epoch 097] train=0.1320 val_loss=0.2031 auc=0.8119 thr=0.419
  [Metrics] AUC:0.812 F1:0.792 SENS:0.950 SPEC:0.571 | COMPOSITE:0.8191 EMA:0.8252
  Early stopping @ epoch 97 (best EMA score=0.8453)
  SWA model finalize ediliyor...
  SWA val COMPOSITE: 0.7995 | Best EMA COMPOSITE: 0.8453

=================================================================
  MAE-Tiny Fold 5  |  Threshold: Youden 0.460
=================================================================
  Metrik                Değer                   95% CI
  -------------------------------------------------------
  AUC-ROC               0.883          [0.760 - 0.969]
  AUC-PR                0.889                        -
  Sensitivity           0.950          [0.833 - 1.000]
  Specificity           0.714          [0.500 - 0.895]
  PPV                   0.760          [0.591 - 0.913]
  NPV                   0.937          [0.800 - 1.000]
  Accuracy              0.829          [0.707 - 0.927]
  F1-Score              0.844          [0.718 - 0.939]
  Composite             0.872                        -

  CM: TP=19 FP=6 FN=1 TN=15
  Toplam Hata: 7/41
=================================================================

AGGREGATE OOF (5-Fold Cross-Validation):

=================================================================
  MAE-Tiny Aggregate OOF  |  Threshold: Youden 0.499
=================================================================
  Metrik                Değer                   95% CI
  -------------------------------------------------------
  AUC-ROC               0.770          [0.701 - 0.834]
  AUC-PR                0.781                        -
  Sensitivity           0.760          [0.676 - 0.839]
  Specificity           0.673          [0.578 - 0.762]
  PPV                   0.685          [0.598 - 0.773]
  NPV                   0.750          [0.660 - 0.831]
  Accuracy              0.715          [0.652 - 0.773]
  F1-Score              0.720          [0.646 - 0.785]
  Composite             0.740                        -

  CM: TP=76 FP=35 FN=24 TN=72
  Toplam Hata: 59/207
=================================================================

MAE-TinyTransformer3D — Kalibrasyon: Brier=0.1939 | ECE=0.1150

MAE-TinyTransformer3D — EXTERNAL TEST (ALL FOLDS + ENSEMBLE):
               fold  auc_roc  sensitivity  specificity  accuracy    f1   ppv   npv  tp  fp  fn  tn
             Fold 1    0.693        0.500        0.895     0.703 0.621 0.818 0.654   9   2   9  17
             Fold 2    0.778        0.833        0.684     0.757 0.769 0.714 0.812  15   6   3  13
             Fold 3    0.757        0.611        1.000     0.811 0.759 1.000 0.731  11   0   7  19
             Fold 4    0.830        0.722        0.947     0.838 0.812 0.929 0.783  13   1   5  18
             Fold 5    0.825        0.611        0.947     0.784 0.733 0.917 0.720  11   1   7  18
    Ensemble (@0.5)    0.784        0.667        0.632     0.649 0.649 0.632 0.667  12   7   6  12
 Ensemble (@Youden)    0.784        0.611        0.947     0.784 0.733 0.917 0.720  11   1   7  18
Ensemble (90+ Sens)    0.784        0.944        0.368     0.649 0.723 0.586 0.875  17  12   1   7

MAE-TinyTransformer3D — ENSEMBLE @Youden (0.593) — %95 Bootstrap CI:

=================================================================
  MAE-TinyTransformer3D  |  Threshold: Youden 0.593
=================================================================
  Metrik                Değer                   95% CI
  -------------------------------------------------------
  AUC-ROC               0.784          [0.609 - 0.924]
  AUC-PR                0.835                        -
  Sensitivity           0.611          [0.375 - 0.846]
  Specificity           0.947          [0.833 - 1.000]
  PPV                   0.917          [0.727 - 1.000]
  NPV                   0.720          [0.522 - 0.897]
  Accuracy              0.784          [0.649 - 0.919]
  F1-Score              0.733          [0.519 - 0.889]
  Composite             0.735                        -

  CM: TP=11 FP=1 FN=7 TN=18
  Toplam Hata: 8/37
=================================================================

MAE-TinyTransformer3D — ENSEMBLE @90%+ Sensitivity (0.341) — %95 Bootstrap CI:

=================================================================
  MAE-TinyTransformer3D  |  Threshold: 90+Sens 0.341
=================================================================
  Metrik                Değer                   95% CI
  -------------------------------------------------------
  AUC-ROC               0.784          [0.609 - 0.924]
  AUC-PR                0.835                        -
  Sensitivity           0.944          [0.818 - 1.000]
  Specificity           0.368          [0.150 - 0.600]
  PPV                   0.586          [0.409 - 0.760]
  NPV                   0.875          [0.571 - 1.000]
  Accuracy              0.649          [0.486 - 0.811]
  F1-Score              0.723          [0.558 - 0.857]
  Composite             0.763                        -

  CM: TP=17 FP=12 FN=1 TN=7
  Toplam Hata: 13/37
=================================================================
3. MAE-Tiny Final (All Data) basliyor...
shared_utils.py yüklendi. [Q1 | Sensitivity-First | TTA | ClinicalFocalLoss]
Toplam eğitim verisi: 204 hasta | Müsinöz: 98
Train: 173 | Val: 31
Traceback (most recent call last):
  File "/home/zera/Downloads/Appendiks varyasyon3 DS-20260713T105239Z-2-001/Appendiks varyasyon3 DS/segformer/q1_final/train_mae_final_all_data.py", line 212, in <module>
    main()
    ~~~~^^
  File "/home/zera/Downloads/Appendiks varyasyon3 DS-20260713T105239Z-2-001/Appendiks varyasyon3 DS/segformer/q1_final/train_mae_final_all_data.py", line 100, in main
    mae_encoder_path = run_mae_pretraining(all_df, CONFIG, BASE_DIR)
  File "/home/zera/Downloads/Appendiks varyasyon3 DS-20260713T105239Z-2-001/Appendiks varyasyon3 DS/segformer/q1_final/train_mae_tinytransformer.py", line 281, in run_mae_pretraining
    mae_sched = torch.optim.lr_scheduler.CosineAnnealingLR(mae_opt, T_max=config["mae_epochs"])
                                                                          ~~~~~~^^^^^^^^^^^^^^
KeyError: 'mae_epochs'
Egitimler bitti, tablolar ve ensemble yeniden uretiliyor...
shared_utils.py yüklendi. [Q1 | Sensitivity-First | TTA | ClinicalFocalLoss]
Bulunan 4 tamamlanmış model: ['attention_swinunetr', 'mae_tinytransformer', 'segformer3d', 'swinunetr_lp']

====================================================================================================
Q1 MASTER KARŞILAŞTIRMA TABLOSU (Ensemble @Youden, External Test)
====================================================================================================
                 model  n_test  auc_roc        auc_ci  sensitivity  specificity   ppv   npv    f1  accuracy  brier_score   ece  threshold_youden
SwinUNETR Linear-Probe      37    0.863 [0.725-0.967]        0.944        0.737 0.773 0.933 0.850     0.838        0.207 0.111             0.547
 MAE-TinyTransformer3D      37    0.784 [0.609-0.924]        0.611        0.947 0.917 0.720 0.733     0.784        0.194 0.115             0.593
   Attention-SwinUNETR      37    0.751 [0.573-0.908]        0.667        0.842 0.800 0.727 0.727     0.757        0.220 0.182             0.622
      SegFormer3D-MSCA      37    0.608 [0.414-0.791]        0.444        0.842 0.727 0.615 0.552     0.649        0.237 0.102             0.564

====================================================================================================
DELONG PAIRWISE AUC KARŞILAŞTIRMASI (external test, aynı 37 hasta)
====================================================================================================
              model_1  auc_1                model_2  auc_2  auc_diff       z  p_value  significant_p<0.05
  Attention-SwinUNETR 0.7515  MAE-TinyTransformer3D 0.7836   -0.0322 -0.4783  0.63246               False
  Attention-SwinUNETR 0.7515       SegFormer3D-MSCA 0.6082    0.1433  1.0078  0.31356               False
  Attention-SwinUNETR 0.7515 SwinUNETR Linear-Probe 0.8626   -0.1111 -1.2907  0.19681               False
MAE-TinyTransformer3D 0.7836       SegFormer3D-MSCA 0.6082    0.1754  1.3522  0.17632               False
MAE-TinyTransformer3D 0.7836 SwinUNETR Linear-Probe 0.8626   -0.0789 -0.8418  0.39988               False
     SegFormer3D-MSCA 0.6082 SwinUNETR Linear-Probe 0.8626   -0.2544 -2.6087  0.00909                True

Kaydedildi: /home/zera/Downloads/Appendiks varyasyon3 DS-20260713T105239Z-2-001/Appendiks varyasyon3 DS/segformer/experiments_q1_final/q1_master_comparison.csv
Kaydedildi: /home/zera/Downloads/Appendiks varyasyon3 DS-20260713T105239Z-2-001/Appendiks varyasyon3 DS/segformer/experiments_q1_final/q1_delong_pairwise.csv
shared_utils.py yüklendi. [Q1 | Sensitivity-First | TTA | ClinicalFocalLoss]
✓ mae_tinytransformer yüklendi: /home/zera/Downloads/Appendiks varyasyon3 DS-20260713T105239Z-2-001/Appendiks varyasyon3 DS/segformer/experiments_q1_final/mae_tinytransformer/external_test/ensemble_probs.csv
✓ attention_swinunetr yüklendi: /home/zera/Downloads/Appendiks varyasyon3 DS-20260713T105239Z-2-001/Appendiks varyasyon3 DS/segformer/experiments_q1_final/attention_swinunetr/external_test/ensemble_probs.csv
✓ swinunetr_lp yüklendi: /home/zera/Downloads/Appendiks varyasyon3 DS-20260713T105239Z-2-001/Appendiks varyasyon3 DS/segformer/experiments_q1_final/swinunetr_lp/external_test/ensemble_probs.csv
✓ segformer3d yüklendi: /home/zera/Downloads/Appendiks varyasyon3 DS-20260713T105239Z-2-001/Appendiks varyasyon3 DS/segformer/experiments_q1_final/segformer3d/external_test/ensemble_probs.csv

======================================================================
TEK MODEL METRIKLERI (External Test @Youden)
======================================================================
mae_tinytransformer       AUC=0.784 SENS=0.611 SPEC=0.947 F1=0.733
attention_swinunetr       AUC=0.751 SENS=0.667 SPEC=0.842 F1=0.727
swinunetr_lp              AUC=0.863 SENS=0.944 SPEC=0.737 F1=0.850
segformer3d               AUC=0.608 SENS=0.444 SPEC=0.842 F1=0.552

======================================================================
CROSS-MODEL ENSEMBLE
======================================================================

=================================================================
  Cross-Model Ensemble (Average)  |  Threshold: @0.5 0.500
=================================================================
  Metrik                Değer                   95% CI
  -------------------------------------------------------
  AUC-ROC               0.819          [0.665 - 0.939]
  AUC-PR                0.858                        -
  Sensitivity           0.833          [0.643 - 1.000]
  Specificity           0.474          [0.250 - 0.688]
  PPV                   0.600          [0.400 - 0.786]
  NPV                   0.750          [0.462 - 1.000]
  Accuracy              0.649          [0.486 - 0.811]
  F1-Score              0.698          [0.513 - 0.842]
  Composite             0.742                        -

  CM: TP=15 FP=10 FN=3 TN=9
  Toplam Hata: 13/37
=================================================================

=================================================================
  Cross-Model Ensemble (Average)  |  Threshold: @Youden 0.550
=================================================================
  Metrik                Değer                   95% CI
  -------------------------------------------------------
  AUC-ROC               0.819          [0.665 - 0.939]
  AUC-PR                0.858                        -
  Sensitivity           0.722          [0.500 - 0.913]
  Specificity           0.842          [0.652 - 1.000]
  PPV                   0.812          [0.600 - 1.000]
  NPV                   0.762          [0.565 - 0.933]
  Accuracy              0.784          [0.649 - 0.919]
  F1-Score              0.765          [0.571 - 0.906]
  Composite             0.775                        -

  CM: TP=13 FP=3 FN=5 TN=16
  Toplam Hata: 8/37
=================================================================

=================================================================
  Cross-Model Ensemble (Average)  |  Threshold: @Clinical (SENS≥0.80, SPEC≥0.50) 0.514
=================================================================
  Metrik                Değer                   95% CI
  -------------------------------------------------------
  AUC-ROC               0.819          [0.665 - 0.939]
  AUC-PR                0.858                        -
  Sensitivity           0.833          [0.643 - 1.000]
  Specificity           0.632          [0.400 - 0.842]
  PPV                   0.682          [0.478 - 0.870]
  NPV                   0.800          [0.571 - 1.000]
  Accuracy              0.730          [0.568 - 0.865]
  F1-Score              0.750          [0.571 - 0.884]
  Composite             0.779                        -

  CM: TP=15 FP=7 FN=3 TN=12
  Toplam Hata: 10/37
=================================================================

Sonuçlar kaydedildi: /home/zera/Downloads/Appendiks varyasyon3 DS-20260713T105239Z-2-001/Appendiks varyasyon3 DS/segformer/experiments_q1_final/cross_model_ensemble
shared_utils.py yüklendi. [Q1 | Sensitivity-First | TTA | ClinicalFocalLoss]
Uyarı: MAE-Tiny Final modeli henüz eğitilmemiş (Dosya yok: /home/zera/Downloads/Appendiks varyasyon3 DS-20260713T105239Z-2-001/Appendiks varyasyon3 DS/segformer/experiments_q1_final/mae_tinytransformer_final/external_test/ensemble_probs.csv)
